permitno,per_type,per_sub_type,address_start,address_end,addr_dir,addr_name,addr_suff,zip_code,work_desc,location,event_name,event_start_date,event_end_date,lat_lon,venue_id,venue_name,venue_distance_m,latitude,longitude,source_dataset,addr_unit_start
264109000001387,Temporary Special Event,Commercial,1301,1301,S,FIGUEROA,ST,90015,Engineering Stamp Not Required,LACC South Hall Booth E41,COMPLEXCON,2026-10-03T00:00:00.000,2026-10-04T00:00:00.000,"{'latitude': '34.04058', 'longitude': '-118.26853', 'human_address': '{""address"": """", ""city"": """", ""state"": """", ""zip"": """"}'}",V03,LA Convention Center (Halls 1-3),190.2,34.04058,-118.26853,LADBS Building and Safety Temporary Special Event (TSE) Permits,
264109000001420,Temporary Special Event,Commercial,1301,1301,S,FIGUEROA,ST,90015,revised decking for live load/DJ,,COMPLEXCON,2026-10-03T00:00:00.000,2026-10-04T00:00:00.000,"{'latitude': '34.04058', 'longitude': '-118.26853', 'human_address': '{""address"": """", ""city"": """", ""state"": """", ""zip"": """"}'}",V03,LA Convention Center (Halls 1-3),190.2,34.04058,-118.26853,LADBS Building and Safety Temporary Special Event (TSE) Permits,
264109000001428,Temporary Special Event,Commercial,1301,1301,S,FIGUEROA,ST,90015,scenic structures for footprint,LACC booth A16 by ComplexCon entry signage,BITCOIN/CASH APP BOOTH,2026-10-03T00:00:00.000,2026-10-04T00:00:00.000,"{'latitude': '34.04058', 'longitude': '-118.26853', 'human_address': '{""address"": """", ""city"": """", ""state"": """", ""zip"": """"}'}",V03,LA Convention Center (Halls 1-3),190.2,34.04058,-118.26853,LADBS Building and Safety Temporary Special Event (TSE) Permits,
264109000001383,Temporary Special Event,Commercial,1301,1301,S,FIGUEROA,ST,90015,Professional Engineer (Enclosures),Sculpture in South Hall,COMPLEX CON,2026-10-03T00:00:00.000,2026-10-04T00:00:00.000,"{'latitude': '34.04058', 'longitude': '-118.26853', 'human_address': '{""address"": """", ""city"": """", ""state"": """", ""zip"": """"}'}",V03,LA Convention Center (Halls 1-3),190.2,34.04058,-118.26853,LADBS Building and Safety Temporary Special Event (TSE) Permits,
264109000001310,Temporary Special Event,Commercial,1301,1301,S,FIGUEROA,ST,90015,TBC,,LOOSE LEAF BOOTH N28,2026-10-03T00:00:00.000,2026-10-04T00:00:00.000,"{'latitude': '34.04058', 'longitude': '-118.26853', 'human_address': '{""address"": """", ""city"": """", ""state"": """", ""zip"": """"}'}",V03,LA Convention Center (Halls 1-3),190.2,34.04058,-118.26853,LADBS Building and Safety Temporary Special Event (TSE) Permits,
264109000001370,Temporary Special Event,Commercial,777,777,W,CHICK HEARN,CT,90015,Band tent on Georgia and Dynamicam on stage,Peacock Theater,2026 VMA,2026-09-27T00:00:00.000,2026-09-27T00:00:00.000,"{'latitude': '34.04406', 'longitude': '-118.26707', 'human_address': '{""address"": """", ""city"": """", ""state"": """", ""zip"": """"}'}",V04,Peacock Theater,51.4,34.04406,-118.26707,LADBS Building and Safety Temporary Special Event (TSE) Permits,UNIT 48G
264109000001410,Temporary Special Event,Commercial,777,777,W,CHICK HEARN,CT,90015,Tenting  50x100 30x50 2-10x20 20x20 10x15  Bright rentals,Street & Plaza,MTV VIDEO AWARDS,2026-09-27T00:00:00.000,2026-09-27T00:00:00.000,"{'latitude': '34.04406', 'longitude': '-118.26707', 'human_address': '{""address"": """", ""city"": """", ""state"": """", ""zip"": """"}'}",V04,Peacock Theater,51.4,34.04406,-118.26707,LADBS Building and Safety Temporary Special Event (TSE) Permits,
264109000001369,Temporary Special Event,Commercial,777,777,W,CHICK HEARN,CT,90015,2026 VMAs Main Stage and Audience Platforms,Peacock Theater,2026 VMA,2026-09-27T00:00:00.000,2026-09-27T00:00:00.000,"{'latitude': '34.04406', 'longitude': '-118.26707', 'human_address': '{""address"": """", ""city"": """", ""state"": """", ""zip"": """"}'}",V04,Peacock Theater,51.4,34.04406,-118.26707,LADBS Building and Safety Temporary Special Event (TSE) Permits,UNIT 48G
264109000001416,Temporary Special Event,Commercial,3911,3911,S,FIGUEROA,ST,90037,Tenting 10x30  Town & Country,West end of stadium,CAMERA TENT,2026-09-26T00:00:00.000,2026-09-30T00:00:00.000,"{'latitude': '34.01366', 'longitude': '-118.28294', 'human_address': '{""address"": """", ""city"": """", ""state"": """", ""zip"": """"}'}",V06,Exposition Park Stadium (BMO Stadium),180.4,34.01366,-118.28294,LADBS Building and Safety Temporary Special Event (TSE) Permits,
264109000001377,Temporary Special Event,Public Way,4700,4700,W,WESTERN HERITAGE,WAY,90027,"Autry lawn - Ferris wheel, mechanical bull, and tent",,AUTRY BLOCK PARTY 2026,2026-09-26T00:00:00.000,2026-09-26T00:00:00.000,"{'latitude': '34.14865', 'longitude': '-118.28197', 'human_address': '{""address"": """", ""city"": """", ""state"": """", ""zip"": """"}'}",V08,LA Zoo,344.3,34.14865,-118.28197,LADBS Building and Safety Temporary Special Event (TSE) Permits,
264109000001408,Temporary Special Event,Commercial,3911,3911,S,FIGUEROA,ST,90037,Tenting  10x20 15x15 20x20  Town & Country,X MASS TREE LANE,FAN FEST,2026-09-26T00:00:00.000,2026-09-26T00:00:00.000,"{'latitude': '34.01366', 'longitude': '-118.28294', 'human_address': '{""address"": """", ""city"": """", ""state"": """", ""zip"": """"}'}",V06,Exposition Park Stadium (BMO Stadium),180.4,34.01366,-118.28294,LADBS Building and Safety Temporary Special Event (TSE) Permits,
264109000001418,Temporary Special Event,Commercial,3911,3911,S,FIGUEROA,ST,90037,Gate 19 49'x82  & 19'x39'  Field 30'x148'  Shelter Structures of Ameri,Gate 19 & Field,USC SUITES,2026-09-26T00:00:00.000,2026-10-02T00:00:00.000,"{'latitude': '34.01366', 'longitude': '-118.28294', 'human_address': '{""address"": """", ""city"": """", ""state"": """", ""zip"": """"}'}",V06,Exposition Park Stadium (BMO Stadium),180.4,34.01366,-118.28294,LADBS Building and Safety Temporary Special Event (TSE) Permits,
264109000001406,Temporary Special Event,Commercial,3911,3911,S,FIGUEROA,ST,90037,TCUP for Tailgating with seating and food and beverages 886 Guest 1:30,Peristyle,TOMMY TAILGATE,2026-09-26T00:00:00.000,2026-09-26T00:00:00.000,"{'latitude': '34.01366', 'longitude': '-118.28294', 'human_address': '{""address"": """", ""city"": """", ""state"": """", ""zip"": """"}'}",V06,Exposition Park Stadium (BMO Stadium),180.4,34.01366,-118.28294,LADBS Building and Safety Temporary Special Event (TSE) Permits,
264109000001364,Temporary Special Event,Commercial,649,649,W,JEFFERSON,BLVD,90007,Shrine standard stage in expo hall,Stage in Expo Hall,JAY PARK,2026-09-26T00:00:00.000,2026-09-26T00:00:00.000,"{'latitude': '34.02274', 'longitude': '-118.28142', 'human_address': '{""address"": """", ""city"": """", ""state"": """", ""zip"": """"}'}",V07,Galen Center (USC),233.6,34.02274,-118.28142,LADBS Building and Safety Temporary Special Event (TSE) Permits,
264109000001444,Temporary Special Event,Commercial,3911,3911,S,FIGUEROA,ST,90037,Flying Camera System attached to four light poles surrounding LAMC (AT,Flying camera system attached to four light poles surrounding the LAMC,USC VS OREGON 2026,2026-09-26T00:00:00.000,2026-10-02T00:00:00.000,"{'latitude': '34.01366', 'longitude': '-118.28294', 'human_address': '{""address"": """", ""city"": """", ""state"": """", ""zip"": """"}'}",V06,Exposition Park Stadium (BMO Stadium),180.4,34.01366,-118.28294,LADBS Building and Safety Temporary Special Event (TSE) Permits,
264109000001426,Temporary Special Event,Commercial,3911,3911,S,FIGUEROA,ST,90037,24'x12'x4' stage on South Peristyle inside LA Coliseum,24'x12'x4' stage on South Peristyle inside LA Coliseum,USC VS OREGON,2026-09-26T00:00:00.000,2026-09-26T00:00:00.000,"{'latitude': '34.01366', 'longitude': '-118.28294', 'human_address': '{""address"": """", ""city"": """", ""state"": """", ""zip"": """"}'}",V06,Exposition Park Stadium (BMO Stadium),180.4,34.01366,-118.28294,LADBS Building and Safety Temporary Special Event (TSE) Permits,
264109000001346,Temporary Special Event,Commercial,,,,,,,"(1) 30x30 tent, (2-4) 10x10 tents (1) 12x16x5 stage/riser, (2) truss a",Dodger Stadium Lot G,DODGER RUN,2026-09-26T00:00:00.000,2026-09-26T00:00:00.000,,V01,Dodger Stadium,,,,LADBS Building and Safety Temporary Special Event (TSE) Permits,
264109000001430,Temporary Special Event,Commercial,3551,3551,S,TROUSDALE,PKWY,90089,Tenting  2-10x15 1 8x12 1 8x37 1 20x30 2-8x12 10x25  Town & Country,Founders park,USC ASSOCIATES,2026-09-26T00:00:00.000,2026-09-26T00:00:00.000,"{'latitude': '34.02066', 'longitude': '-118.28531', 'human_address': '{""address"": """", ""city"": """", ""state"": """", ""zip"": """"}'}",V07,Galen Center (USC),490.8,34.02066,-118.28531,LADBS Building and Safety Temporary Special Event (TSE) Permits,
264109000001417,Temporary Special Event,Commercial,3911,3911,S,FIGUEROA,ST,90037,Tent 15x30  Town & county,Players Tunnel,TUNNEL TENT,2026-09-25T00:00:00.000,2026-10-01T00:00:00.000,"{'latitude': '34.01366', 'longitude': '-118.28294', 'human_address': '{""address"": """", ""city"": """", ""state"": """", ""zip"": """"}'}",V06,Exposition Park Stadium (BMO Stadium),180.4,34.01366,-118.28294,LADBS Building and Safety Temporary Special Event (TSE) Permits,
264109000001361,Temporary Special Event,Commercial,1111,1111,S,FIGUEROA,ST,90015,Lisa Leslie Statue Unveiling  12pm-2pm   Steel deck 16' w x 8' x 4' Hi,Plaza of Crypto arena,LISA LESLIE STATUE UNVEILING,2026-09-20T00:00:00.000,2026-09-20T00:00:00.000,"{'latitude': '34.04338', 'longitude': '-118.26581', 'human_address': '{""address"": """", ""city"": """", ""state"": """", ""zip"": """"}'}",V02,DTLA Arena (Crypto.com Arena),131.8,34.04338,-118.26581,LADBS Building and Safety Temporary Special Event (TSE) Permits,
264109000001402,Temporary Special Event,Commercial,3939,3939,S,FIGUEROA,ST,90037,09.20.26 Carin Leon Concert,,09.20.26 CARIN LEON,2026-09-20T00:00:00.000,2026-09-20T00:00:00.000,"{'latitude': '34.01173', 'longitude': '-118.28296', 'human_address': '{""address"": """", ""city"": """", ""state"": """", ""zip"": """"}'}",V06,Exposition Park Stadium (BMO Stadium),192.4,34.01173,-118.28296,LADBS Building and Safety Temporary Special Event (TSE) Permits,
264109000001309,Temporary Special Event,Commercial,649,649,W,JEFFERSON,BLVD,90007,Riser structure for seating + stage,Risers and stage in expo hall,IDL,2026-09-19T00:00:00.000,2026-09-20T00:00:00.000,"{'latitude': '34.02274', 'longitude': '-118.28142', 'human_address': '{""address"": """", ""city"": """", ""state"": """", ""zip"": """"}'}",V07,Galen Center (USC),233.6,34.02274,-118.28142,LADBS Building and Safety Temporary Special Event (TSE) Permits,
264109000001365,Temporary Special Event,Commercial,3800,3800,S,VERMONT,AVE,90037,"Truss Arch on Lucas Museums 5th Floor. 18' 1 5/8"" High. Installation o",Lucas Museum of Narrative Art - Entrance on Bill Robertson Lane,LUCAS MUSEUM GRAND OPENING 9.19,2026-09-19T00:00:00.000,2026-09-19T00:00:00.000,"{'latitude': '34.01684', 'longitude': '-118.29134', 'human_address': '{""address"": """", ""city"": """", ""state"": """", ""zip"": """"}'}",V05,LA Memorial Coliseum,439.7,34.01684,-118.29134,LADBS Building and Safety Temporary Special Event (TSE) Permits,
264109000001400,Temporary Special Event,Commercial,649,649,W,JEFFERSON,BLVD,90007,RE-INSPECTION FOR GRANDSTAND - APPLICATION # 26410 - 90000 - 0130,Grandstand/bleachers in Expo Hall,IDL,2026-09-19T00:00:00.000,2026-09-20T00:00:00.000,"{'latitude': '34.02274', 'longitude': '-118.28142', 'human_address': '{""address"": """", ""city"": """", ""state"": """", ""zip"": """"}'}",V07,Galen Center (USC),233.6,34.02274,-118.28142,LADBS Building and Safety Temporary Special Event (TSE) Permits,
264109000001197,Temporary Special Event,Commercial,1301,1301,S,FIGUEROA,ST,90015,"Kaheyo Structure, rope strucutre, 18 feet tall made out of steel",,ASLA_BERLINER 2026_ KAHEYO,2026-09-16T00:00:00.000,2026-09-18T00:00:00.000,"{'latitude': '34.04058', 'longitude': '-118.26853', 'human_address': '{""address"": """", ""city"": """", ""state"": """", ""zip"": """"}'}",V03,LA Convention Center (Halls 1-3),190.2,34.04058,-118.26853,LADBS Building and Safety Temporary Special Event (TSE) Permits,
264109000001108,Temporary Special Event,Commercial,1301,1301,S,FIGUEROA,ST,90015,Playcraft Systems Engineer,,PLAYCRAFT SYSTEMS - TALL STRUCTURE BOOTH,2026-09-16T00:00:00.000,2026-09-18T00:00:00.000,"{'latitude': '34.04058', 'longitude': '-118.26853', 'human_address': '{""address"": """", ""city"": """", ""state"": """", ""zip"": """"}'}",V03,LA Convention Center (Halls 1-3),190.2,34.04058,-118.26853,LADBS Building and Safety Temporary Special Event (TSE) Permits,
264109000001285,Temporary Special Event,Commercial,1301,1301,S,FIGUEROA,ST,90015,Evaluate the structure stability including live and dead loads.,,ALSA 2026,2026-09-16T00:00:00.000,2026-09-18T00:00:00.000,"{'latitude': '34.04058', 'longitude': '-118.26853', 'human_address': '{""address"": """", ""city"": """", ""state"": """", ""zip"": """"}'}",V03,LA Convention Center (Halls 1-3),190.2,34.04058,-118.26853,LADBS Building and Safety Temporary Special Event (TSE) Permits,
264109000001306,Temporary Special Event,Commercial,777,777,W,CHICK HEARN,CT,90015,Tenting  50x100 30x80 10x30 10x25 2-10x30  George Sifuentes 310 957 13,On street,2026 EMMY'S,2026-09-14T00:00:00.000,2026-09-14T00:00:00.000,"{'latitude': '34.04406', 'longitude': '-118.26707', 'human_address': '{""address"": """", ""city"": """", ""state"": """", ""zip"": """"}'}",V04,Peacock Theater,51.4,34.04406,-118.26707,LADBS Building and Safety Temporary Special Event (TSE) Permits,
264109000001209,Temporary Special Event,Commercial,777,777,W,CHICK HEARN,CT,90015,Dynami-cam and Jitacam install for the 78th Emmys,Camera system installs inside the Peacock Theater,78TH PRIMETIME EMMYS,2026-09-14T00:00:00.000,2026-09-14T00:00:00.000,"{'latitude': '34.04406', 'longitude': '-118.26707', 'human_address': '{""address"": """", ""city"": """", ""state"": """", ""zip"": """"}'}",V04,Peacock Theater,51.4,34.04406,-118.26707,LADBS Building and Safety Temporary Special Event (TSE) Permits,31I
264109000001330,Temporary Special Event,Commercial,649,649,W,JEFFERSON,BLVD,90007,Using the Parking Lot as Event Space,Shrine Auditorium West Lot,ALL IN SUMMIT WEST LOT,2026-09-13T00:00:00.000,2026-09-15T00:00:00.000,"{'latitude': '34.02274', 'longitude': '-118.28142', 'human_address': '{""address"": """", ""city"": """", ""state"": """", ""zip"": """"}'}",V07,Galen Center (USC),233.6,34.02274,-118.28142,LADBS Building and Safety Temporary Special Event (TSE) Permits,
264109000001302,Temporary Special Event,Commercial,665,665,W,JEFFERSON,BLVD,90007,Structures 2-20Mx15M (66'X50) 12MX6M (20'X40')  18MX18M( 60'X60') 2-15,Royal St,ALL IN ONE SUMMIT,2026-09-13T00:00:00.000,2026-09-13T00:00:00.000,"{'latitude': '34.02302', 'longitude': '-118.28206', 'human_address': '{""address"": """", ""city"": """", ""state"": """", ""zip"": """"}'}",V07,Galen Center (USC),294.1,34.02302,-118.28206,LADBS Building and Safety Temporary Special Event (TSE) Permits,
264109000001253,Temporary Special Event,Commercial,3911,3911,S,FIGUEROA,ST,90037,24'x12'x4' stage on South Peristyle inside LA Coliseum,24'x12'x4' stage on South Peristyle inside LA Coliseum,USC VS LOUISIANA,2026-09-12T00:00:00.000,2026-09-12T00:00:00.000,"{'latitude': '34.01366', 'longitude': '-118.28294', 'human_address': '{""address"": """", ""city"": """", ""state"": """", ""zip"": """"}'}",V06,Exposition Park Stadium (BMO Stadium),180.4,34.01366,-118.28294,LADBS Building and Safety Temporary Special Event (TSE) Permits,
264109000001289,Temporary Special Event,Commercial,3911,3911,S,FIGUEROA,ST,90037,Tenting 10x30 Town & Country,West end of Stadium,CAMERA TENT,2026-09-12T00:00:00.000,2026-09-18T00:00:00.000,"{'latitude': '34.01366', 'longitude': '-118.28294', 'human_address': '{""address"": """", ""city"": """", ""state"": """", ""zip"": """"}'}",V06,Exposition Park Stadium (BMO Stadium),180.4,34.01366,-118.28294,LADBS Building and Safety Temporary Special Event (TSE) Permits,
264109000001293,Temporary Special Event,Commercial,3911,3911,S,FIGUEROA,ST,90037,TCUP for 886 Guest 5pm-8pm for seating and food trucks and beverages s,Peristyle,TOMMY TAILGATE,2026-09-12T00:00:00.000,2026-09-12T00:00:00.000,"{'latitude': '34.01366', 'longitude': '-118.28294', 'human_address': '{""address"": """", ""city"": """", ""state"": """", ""zip"": """"}'}",V06,Exposition Park Stadium (BMO Stadium),180.4,34.01366,-118.28294,LADBS Building and Safety Temporary Special Event (TSE) Permits,
264109000001316,Temporary Special Event,Commercial,700,700,W,EXPOSITION PARK,DR,90007,Tenting 30x30 20x25 20x20  Town & country,Exposition park,USC SOUTH LAWN,2026-09-12T00:00:00.000,2026-09-12T00:00:00.000,"{'latitude': '34.01561', 'longitude': '-118.28665', 'human_address': '{""address"": """", ""city"": """", ""state"": """", ""zip"": """"}'}",V05,LA Memorial Coliseum,203.6,34.01561,-118.28665,LADBS Building and Safety Temporary Special Event (TSE) Permits,
264109000001291,Temporary Special Event,Commercial,3911,3911,S,FIGUEROA,ST,90037,Tenting 15x30  Town & Country,Tunnel tent,MEDIA TENT,2026-09-11T00:00:00.000,2026-09-17T00:00:00.000,"{'latitude': '34.01366', 'longitude': '-118.28294', 'human_address': '{""address"": """", ""city"": """", ""state"": """", ""zip"": """"}'}",V06,Exposition Park Stadium (BMO Stadium),180.4,34.01366,-118.28294,LADBS Building and Safety Temporary Special Event (TSE) Permits,
264109000001275,Temporary Special Event,Commercial,1301,1301,S,FIGUEROA,ST,90015,LED & Deck Engineering,Los Angeles Convention Center South Hall - Furthest West Side,COCREATE 2026 GENERAL SESSION MAIN STAGE,2026-09-09T00:00:00.000,2026-09-10T00:00:00.000,"{'latitude': '34.04058', 'longitude': '-118.26853', 'human_address': '{""address"": """", ""city"": """", ""state"": """", ""zip"": """"}'}",V03,LA Convention Center (Halls 1-3),190.2,34.04058,-118.26853,LADBS Building and Safety Temporary Special Event (TSE) Permits,
264109000001248,Temporary Special Event,Commercial,3911,3911,S,FIGUEROA,ST,90037,Temporary Structures   Gate 19 49'x82' & 19'x39  Field suites  30'x148,Gate 19 & Field,USC SUITES,2026-09-05T00:00:00.000,2026-09-11T00:00:00.000,"{'latitude': '34.01366', 'longitude': '-118.28294', 'human_address': '{""address"": """", ""city"": """", ""state"": """", ""zip"": """"}'}",V06,Exposition Park Stadium (BMO Stadium),180.4,34.01366,-118.28294,LADBS Building and Safety Temporary Special Event (TSE) Permits,
264109000001260,Temporary Special Event,Commercial,700,700,W,EXPOSITION PARK,DR,90007,Tenting  40x80 30x30 30x40 30x30 20x20  Bryan Phelps 310 755 0463,South lawn,REVEL XP,2026-09-04T00:00:00.000,2026-09-04T00:00:00.000,"{'latitude': '34.01561', 'longitude': '-118.28665', 'human_address': '{""address"": """", ""city"": """", ""state"": """", ""zip"": """"}'}",V05,LA Memorial Coliseum,203.6,34.01561,-118.28665,LADBS Building and Safety Temporary Special Event (TSE) Permits,
264109000001235,Temporary Special Event,Commercial,3939,3939,S,FIGUEROA,ST,90037,"FOH Deck, Stage Wings, and Delay Towers",,AVENGED SEVENFOLD CONCERT,2026-08-30T00:00:00.000,2026-08-30T00:00:00.000,"{'latitude': '34.01173', 'longitude': '-118.28296', 'human_address': '{""address"": """", ""city"": """", ""state"": """", ""zip"": """"}'}",V06,Exposition Park Stadium (BMO Stadium),192.4,34.01173,-118.28296,LADBS Building and Safety Temporary Special Event (TSE) Permits,
264109000001137,Temporary Special Event,Apartment,3911,3911,S,FIGUEROA,ST,90037,Temp bleacher in end zone,Temp bleacher in end zone,USC FOOTBALL,2026-08-29T00:00:00.000,2026-08-29T00:00:00.000,"{'latitude': '34.01366', 'longitude': '-118.28294', 'human_address': '{""address"": """", ""city"": """", ""state"": """", ""zip"": """"}'}",V06,Exposition Park Stadium (BMO Stadium),180.4,34.01366,-118.28294,LADBS Building and Safety Temporary Special Event (TSE) Permits,
264109000001227,Temporary Special Event,Commercial,3911,3911,S,FIGUEROA,ST,90037,Temporary Tenting  10x20 15x15 20x20  Town & Country,Xmas Tree lane,FAN FEST,2026-08-29T00:00:00.000,2026-08-29T00:00:00.000,"{'latitude': '34.01366', 'longitude': '-118.28294', 'human_address': '{""address"": """", ""city"": """", ""state"": """", ""zip"": """"}'}",V06,Exposition Park Stadium (BMO Stadium),180.4,34.01366,-118.28294,LADBS Building and Safety Temporary Special Event (TSE) Permits,
264109000001211,Temporary Special Event,Apartment,3911,3911,S,FIGUEROA,ST,90037,24'x12'x4' stage on South Peristyle inside LA Coliseum,24'x12'x4' stage on South Peristyle inside LA Coliseum,USC VS SAN JOSE ST,2026-08-29T00:00:00.000,2026-08-29T00:00:00.000,"{'latitude': '34.01366', 'longitude': '-118.28294', 'human_address': '{""address"": """", ""city"": """", ""state"": """", ""zip"": """"}'}",V06,Exposition Park Stadium (BMO Stadium),180.4,34.01366,-118.28294,LADBS Building and Safety Temporary Special Event (TSE) Permits,
264109000001228,Temporary Special Event,Commercial,3911,3911,S,FIGUEROA,ST,90037,Tcup for tailgate event with seating and food and beverages   886 Gues,Peristyle,TOMMY TAILGATE,2026-08-29T00:00:00.000,2026-08-29T00:00:00.000,"{'latitude': '34.01366', 'longitude': '-118.28294', 'human_address': '{""address"": """", ""city"": """", ""state"": """", ""zip"": """"}'}",V06,Exposition Park Stadium (BMO Stadium),180.4,34.01366,-118.28294,LADBS Building and Safety Temporary Special Event (TSE) Permits,
264109000001096,Temporary Special Event,Commercial,3911,3911,S,FIGUEROA,ST,90037,Temporary Structure  Field 30x148  Gate 19 49' x 82' & 19x39  Onsite N,Field and Gate 19,USC SUITES,2026-08-29T00:00:00.000,2026-09-04T00:00:00.000,"{'latitude': '34.01366', 'longitude': '-118.28294', 'human_address': '{""address"": """", ""city"": """", ""state"": """", ""zip"": """"}'}",V06,Exposition Park Stadium (BMO Stadium),180.4,34.01366,-118.28294,LADBS Building and Safety Temporary Special Event (TSE) Permits,
264109000001181,Temporary Special Event,Commercial,3939,3939,S,FIGUEROA,ST,90037,Temporary Tent 15x30  Town & Country bryan phelps 310 755 0463,Tunnel tent,MEDIA TENT,2026-08-29T00:00:00.000,2026-09-03T00:00:00.000,"{'latitude': '34.01173', 'longitude': '-118.28296', 'human_address': '{""address"": """", ""city"": """", ""state"": """", ""zip"": """"}'}",V06,Exposition Park Stadium (BMO Stadium),192.4,34.01173,-118.28296,LADBS Building and Safety Temporary Special Event (TSE) Permits,
264109000001214,Temporary Special Event,Commercial,3911,3911,S,FIGUEROA,ST,90037,Installation of flying camera system onto existing light standards sur,Flying Camera install onto four existing light poles surrounding the LAMC.,SAN JOSE ST VS USC,2026-08-28T00:00:00.000,2026-08-31T00:00:00.000,"{'latitude': '34.01366', 'longitude': '-118.28294', 'human_address': '{""address"": """", ""city"": """", ""state"": """", ""zip"": """"}'}",V06,Exposition Park Stadium (BMO Stadium),180.4,34.01366,-118.28294,LADBS Building and Safety Temporary Special Event (TSE) Permits,
264109000001171,Temporary Special Event,Commercial,1515,1515,S,ABBOT KINNEY,BLVD,90291,Build over 12' with CA-engineer-stamped plans,Build over 12' with CA-engineer-stamped plans,HOT WHEELS,2026-08-27T00:00:00.000,2026-08-30T00:00:00.000,"{'latitude': '33.9903', 'longitude': '-118.46415', 'human_address': '{""address"": """", ""city"": """", ""state"": """", ""zip"": """"}'}",V13,Venice Beach,615.2,33.9903,-118.46415,LADBS Building and Safety Temporary Special Event (TSE) Permits,200
264109000001204,Temporary Special Event,Commercial,700,700,W,CHILDS,WAY,90089,Temporary Tent 15x50  Bright Rentals  Brain Costa 310 809 3555  8/23 2,Hubbard Hall,STUDENT HOLDING,2026-08-24T00:00:00.000,2026-08-27T00:00:00.000,"{'latitude': '34.01978', 'longitude': '-118.28463', 'human_address': '{""address"": """", ""city"": """", ""state"": """", ""zip"": """"}'}",V07,Galen Center (USC),447.8,34.01978,-118.28463,LADBS Building and Safety Temporary Special Event (TSE) Permits,
264109000001173,Temporary Special Event,Vacant Land,900,900,W,EXPOSITION,BLVD,90037,"Expo Park Concert, trussing and stage, details to be emailed",Expo Park Lawn West,ROSSI,2026-08-22T00:00:00.000,2026-08-22T00:00:00.000,"{'latitude': '34.01803', 'longitude': '-118.2884', 'human_address': '{""address"": """", ""city"": """", ""state"": """", ""zip"": """"}'}",V05,LA Memorial Coliseum,439.4,34.01803,-118.2884,LADBS Building and Safety Temporary Special Event (TSE) Permits,
264109000001149,Temporary Special Event,Public Way,1033,1033,S,ABBOT KINNEY,BLVD,90291,Stage with trusses larger than 12 ft. Engineered stamp plans will be s,Abbot Kinney Blvd Block party,BLOCKPRINT,2026-08-22T00:00:00.000,2026-08-22T00:00:00.000,"{'latitude': '33.9921', 'longitude': '-118.47134', 'human_address': '{""address"": """", ""city"": """", ""state"": """", ""zip"": """"}'}",V13,Venice Beach,396.8,33.9921,-118.47134,LADBS Building and Safety Temporary Special Event (TSE) Permits,
264109000001168,Temporary Special Event,Commercial,649,649,W,JEFFERSON,BLVD,90007,Stage in expo hall,,LUCKI,2026-08-21T00:00:00.000,2026-08-24T00:00:00.000,"{'latitude': '34.02274', 'longitude': '-118.28142', 'human_address': '{""address"": """", ""city"": """", ""state"": """", ""zip"": """"}'}",V07,Galen Center (USC),233.6,34.02274,-118.28142,LADBS Building and Safety Temporary Special Event (TSE) Permits,
264101000001146,Temporary Special Event,Public Way,213,213,E,WINDWARD,AVE,90291,"stages, truss structures, tents",Main Entrance: Riviera Ave,LA JAZZ FESTIVAL CARIBBEAN STREET FESTIV,2026-08-21T00:00:00.000,2026-08-21T00:00:00.000,"{'latitude': '33.98849', 'longitude': '-118.47078', 'human_address': '{""address"": """", ""city"": """", ""state"": """", ""zip"": """"}'}",V13,Venice Beach,28.6,33.98849,-118.47078,LADBS Building and Safety Temporary Special Event (TSE) Permits,
264109000001131,Temporary Special Event,Commercial,57,57,E,WINDWARD,AVE,90291,Temporary change of use of an existing commercial tenant space for a t,Temporary promotional pop-up located inside the commercial venue at 57 E Windwar,NESPRESSO VERTUO TOUR,2026-08-20T00:00:00.000,2026-08-23T00:00:00.000,"{'latitude': '33.98755', 'longitude': '-118.47283', 'human_address': '{""address"": """", ""city"": """", ""state"": """", ""zip"": """"}'}",V13,Venice Beach,244.5,33.98755,-118.47283,LADBS Building and Safety Temporary Special Event (TSE) Permits,
264109000001021,Temporary Special Event,Commercial,1111,1111,S,FIGUEROA,ST,90015,Aerial fly gag with performer on platform.,STAGE ON ARENA FLOOR.,BENSON BOONE 2026,2026-08-10T00:00:00.000,2026-08-11T00:00:00.000,"{'latitude': '34.04338', 'longitude': '-118.26581', 'human_address': '{""address"": """", ""city"": """", ""state"": """", ""zip"": """"}'}",V02,DTLA Arena (Crypto.com Arena),131.8,34.04338,-118.26581,LADBS Building and Safety Temporary Special Event (TSE) Permits,
264109000001140,Temporary Special Event,Commercial,777,777,W,CHICK HEARN,CT,90015,Street : Art walk truss 75' w x 40' d x12' High  1#  Truss Entry 32' x,Street and plaza,MAMBA 2026,2026-08-08T00:00:00.000,2026-08-09T00:00:00.000,"{'latitude': '34.04406', 'longitude': '-118.26707', 'human_address': '{""address"": """", ""city"": """", ""state"": """", ""zip"": """"}'}",V04,Peacock Theater,51.4,34.04406,-118.26707,LADBS Building and Safety Temporary Special Event (TSE) Permits,
264109000001135,Temporary Special Event,Commercial,3911,3911,S,FIGUEROA,ST,90037,Temporary Tent 20x40  Town & Country   Priscilla Perez 818 203 0094,Tunnel 3,COHERA,2026-08-05T00:00:00.000,2026-08-05T00:00:00.000,"{'latitude': '34.01366', 'longitude': '-118.28294', 'human_address': '{""address"": """", ""city"": """", ""state"": """", ""zip"": """"}'}",V06,Exposition Park Stadium (BMO Stadium),180.4,34.01366,-118.28294,LADBS Building and Safety Temporary Special Event (TSE) Permits,
264109000001110,Temporary Special Event,Commercial,3911,3911,S,FIGUEROA,ST,90037,"Stage Decks, Self Climbing Truss, Audio Crank up Trees, LED Walls, Har",On The Field,JPMORGAN TOWN HALL,2026-08-05T00:00:00.000,2026-08-05T00:00:00.000,"{'latitude': '34.01366', 'longitude': '-118.28294', 'human_address': '{""address"": """", ""city"": """", ""state"": """", ""zip"": """"}'}",V06,Exposition Park Stadium (BMO Stadium),180.4,34.01366,-118.28294,LADBS Building and Safety Temporary Special Event (TSE) Permits,
264109000000720,Temporary Special Event,Public Way,1530,1530,S,OCEAN FRONT,WALK,90291,"tents for stage, exhibits, food booths, shade.",Venice Pavilion Park west of Speedway at Windward,50TH ANNUAL FESTIVAL OF THE CHARIOTS,2026-08-02T00:00:00.000,2026-08-02T00:00:00.000,"{'latitude': '33.98684', 'longitude': '-118.47372', 'human_address': '{""address"": """", ""city"": """", ""state"": """", ""zip"": """"}'}",V14,Venice Beach Boardwalk,229.2,33.98684,-118.47372,LADBS Building and Safety Temporary Special Event (TSE) Permits,
264109000001087,Temporary Special Event,Commercial,3518,3518,S,TROUSDALE,PKWY,90089,Temporary Tents  2-20X40 Tents in Alumni Park 1- 20x40 in the VKC PLAZ,JMC Center VKC & Alumni park,SUMMER ORIENTATION,2026-07-22T00:00:00.000,2026-07-24T00:00:00.000,"{'latitude': '34.02157', 'longitude': '-118.28415', 'human_address': '{""address"": """", ""city"": """", ""state"": """", ""zip"": """"}'}",V07,Galen Center (USC),387.7,34.02157,-118.28415,LADBS Building and Safety Temporary Special Event (TSE) Permits,
264109000001063,Temporary Special Event,Commercial,1301,1301,S,FIGUEROA,ST,90015,Install of a trade show booth,los angeles convention center,SIGGRAPH 2026,2026-07-21T00:00:00.000,2026-07-23T00:00:00.000,"{'latitude': '34.04058', 'longitude': '-118.26853', 'human_address': '{""address"": """", ""city"": """", ""state"": """", ""zip"": """"}'}",V03,LA Convention Center (Halls 1-3),190.2,34.04058,-118.26853,LADBS Building and Safety Temporary Special Event (TSE) Permits,
264109000001043,Temporary Special Event,Commercial,3939,3939,S,FIGUEROA,ST,90037,Belicofest,,BELICOFEST,2026-07-12T00:00:00.000,2026-07-12T00:00:00.000,"{'latitude': '34.01173', 'longitude': '-118.28296', 'human_address': '{""address"": """", ""city"": """", ""state"": """", ""zip"": """"}'}",V06,Exposition Park Stadium (BMO Stadium),192.4,34.01173,-118.28296,LADBS Building and Safety Temporary Special Event (TSE) Permits,
264109000001002,Temporary Special Event,1 or 2 Family Dwelling,57,57,E,WINDWARD,AVE,90291,Temporary Truss structure  20' wide x 28' d x 20 ' high  onsite Mike B,In the outside courtyard,CALLE ESPOLON,2026-07-11T00:00:00.000,2026-07-11T00:00:00.000,"{'latitude': '33.98755', 'longitude': '-118.47283', 'human_address': '{""address"": """", ""city"": """", ""state"": """", ""zip"": """"}'}",V13,Venice Beach,244.5,33.98755,-118.47283,LADBS Building and Safety Temporary Special Event (TSE) Permits,
264109000000956,Temporary Special Event,Apartment,3911,3911,S,FIGUEROA,ST,90037,"SAM750 Stage, ADA Riser, Host Stage, Stage Thrust/Ramp, Fan Fest Tents",Field Level,AMERICA 250 EVENT - LA,2026-07-04T00:00:00.000,2026-07-04T00:00:00.000,"{'latitude': '34.01366', 'longitude': '-118.28294', 'human_address': '{""address"": """", ""city"": """", ""state"": """", ""zip"": """"}'}",V06,Exposition Park Stadium (BMO Stadium),180.4,34.01366,-118.28294,LADBS Building and Safety Temporary Special Event (TSE) Permits,
264109000000992,Temporary Special Event,Commercial,3911,3911,S,FIGUEROA,ST,90037,Gate 19 10x20 10x30 10x50   Gate 1 20x30   Tunnel Tent 15x30  Bryan P,Gate 19 -Gate 1 -Tunnel,PRODUCTION,2026-07-04T00:00:00.000,2026-07-04T00:00:00.000,"{'latitude': '34.01366', 'longitude': '-118.28294', 'human_address': '{""address"": """", ""city"": """", ""state"": """", ""zip"": """"}'}",V06,Exposition Park Stadium (BMO Stadium),180.4,34.01366,-118.28294,LADBS Building and Safety Temporary Special Event (TSE) Permits,
264109000000548,Temporary Special Event,Commercial,3911,3911,S,FIGUEROA,ST,90037,"SAM750 Stage, ADA Riser, Host Stage, Stage Thrust/Ramp, Fan Fest Tents","On Field -  Load In starts Saturday June 27th, Load out July 5th - July 8th.",AMERICA 250 EVENT - LA,2026-07-04T00:00:00.000,2026-07-04T00:00:00.000,"{'latitude': '34.01366', 'longitude': '-118.28294', 'human_address': '{""address"": """", ""city"": """", ""state"": """", ""zip"": """"}'}",V06,Exposition Park Stadium (BMO Stadium),180.4,34.01366,-118.28294,LADBS Building and Safety Temporary Special Event (TSE) Permits,
264109000000844,Temporary Special Event,Commercial,1301,1301,S,FIGUEROA,ST,90015,Stamped Plans,,ANIME EXPO 2026,2026-07-02T00:00:00.000,2026-07-05T00:00:00.000,"{'latitude': '34.04058', 'longitude': '-118.26853', 'human_address': '{""address"": """", ""city"": """", ""state"": """", ""zip"": """"}'}",V03,LA Convention Center (Halls 1-3),190.2,34.04058,-118.26853,LADBS Building and Safety Temporary Special Event (TSE) Permits,
264109000000906,Temporary Special Event,Commercial,1301,1301,S,FIGUEROA,ST,90015,One structure taller than 12',,BEYBLADE BOOTH WH-1600,2026-07-02T00:00:00.000,2026-07-06T00:00:00.000,"{'latitude': '34.04058', 'longitude': '-118.26853', 'human_address': '{""address"": """", ""city"": """", ""state"": """", ""zip"": """"}'}",V03,LA Convention Center (Halls 1-3),190.2,34.04058,-118.26853,LADBS Building and Safety Temporary Special Event (TSE) Permits,
264109000000840,Temporary Special Event,Commercial,1301,1301,S,FIGUEROA,ST,90015,Silverscreen Engineers (SSE) has been asked by Artsolute Media Group t,At South Hall Lobby. First booth to the left after entering from Figueroa St.,NIKKE(PROXIMA BETA) - MAIN STAGE,2026-07-02T00:00:00.000,2026-07-05T00:00:00.000,"{'latitude': '34.04058', 'longitude': '-118.26853', 'human_address': '{""address"": """", ""city"": """", ""state"": """", ""zip"": """"}'}",V03,LA Convention Center (Halls 1-3),190.2,34.04058,-118.26853,LADBS Building and Safety Temporary Special Event (TSE) Permits,
264109000000878,Temporary Special Event,Commercial,1301,1301,S,FIGUEROA,ST,90015,Walls over 12',"South Hall, Booth #: SH-2220",ANIME EXPO 2026,2026-07-02T00:00:00.000,2026-07-05T00:00:00.000,"{'latitude': '34.04058', 'longitude': '-118.26853', 'human_address': '{""address"": """", ""city"": """", ""state"": """", ""zip"": """"}'}",V03,LA Convention Center (Halls 1-3),190.2,34.04058,-118.26853,LADBS Building and Safety Temporary Special Event (TSE) Permits,
264109000000745,Temporary Special Event,Commercial,1301,1301,S,FIGUEROA,ST,90015,Structural Calculation,,ANIME EXPO 2026,2026-07-02T00:00:00.000,2026-07-05T00:00:00.000,"{'latitude': '34.04058', 'longitude': '-118.26853', 'human_address': '{""address"": """", ""city"": """", ""state"": """", ""zip"": """"}'}",V03,LA Convention Center (Halls 1-3),190.2,34.04058,-118.26853,LADBS Building and Safety Temporary Special Event (TSE) Permits,
264109000000843,Temporary Special Event,Commercial,1301,1301,S,FIGUEROA,ST,90015,Stamped Plans,,ANIME EXPO 2026,2026-07-02T00:00:00.000,2026-07-05T00:00:00.000,"{'latitude': '34.04058', 'longitude': '-118.26853', 'human_address': '{""address"": """", ""city"": """", ""state"": """", ""zip"": """"}'}",V03,LA Convention Center (Halls 1-3),190.2,34.04058,-118.26853,LADBS Building and Safety Temporary Special Event (TSE) Permits,
264109000000746,Temporary Special Event,Commercial,1301,1301,S,FIGUEROA,ST,90015,STRUCTURAL CALCULATION,,ANIME EXPO 2026,2026-07-02T00:00:00.000,2026-07-05T00:00:00.000,"{'latitude': '34.04058', 'longitude': '-118.26853', 'human_address': '{""address"": """", ""city"": """", ""state"": """", ""zip"": """"}'}",V03,LA Convention Center (Halls 1-3),190.2,34.04058,-118.26853,LADBS Building and Safety Temporary Special Event (TSE) Permits,
264109000000669,Temporary Special Event,Commercial,1301,1301,S,FIGUEROA,ST,90015,Engineering Stamps,Los Angeles Convention Center,ANIME EXPO 2026,2026-07-02T00:00:00.000,2026-07-04T00:00:00.000,"{'latitude': '34.04058', 'longitude': '-118.26853', 'human_address': '{""address"": """", ""city"": """", ""state"": """", ""zip"": """"}'}",V03,LA Convention Center (Halls 1-3),190.2,34.04058,-118.26853,LADBS Building and Safety Temporary Special Event (TSE) Permits,
264109000000668,Temporary Special Event,Commercial,1301,1301,S,FIGUEROA,ST,90015,Engineering Stamps,Los Angeles Convention Center,ANIME EXPO 2026,2026-07-02T00:00:00.000,2026-07-04T00:00:00.000,"{'latitude': '34.04058', 'longitude': '-118.26853', 'human_address': '{""address"": """", ""city"": """", ""state"": """", ""zip"": """"}'}",V03,LA Convention Center (Halls 1-3),190.2,34.04058,-118.26853,LADBS Building and Safety Temporary Special Event (TSE) Permits,
264109000000768,Temporary Special Event,Commercial,1301,1301,S,FIGUEROA,ST,90015,The scope of engineering approval is for the structural vertical and l,South Hall booth # 1520,ANIME EXPO 2026-PONY CANYON BOOTH SH 152,2026-07-02T00:00:00.000,2026-07-05T00:00:00.000,"{'latitude': '34.04058', 'longitude': '-118.26853', 'human_address': '{""address"": """", ""city"": """", ""state"": """", ""zip"": """"}'}",V03,LA Convention Center (Halls 1-3),190.2,34.04058,-118.26853,LADBS Building and Safety Temporary Special Event (TSE) Permits,
264109000000926,Temporary Special Event,Commercial,1301,1301,S,FIGUEROA,ST,90015,Walls over 12',"West Hall, Booth #: WH-1650",ANIME EXPO 2026,2026-07-02T00:00:00.000,2026-07-05T00:00:00.000,"{'latitude': '34.04058', 'longitude': '-118.26853', 'human_address': '{""address"": """", ""city"": """", ""state"": """", ""zip"": """"}'}",V03,LA Convention Center (Halls 1-3),190.2,34.04058,-118.26853,LADBS Building and Safety Temporary Special Event (TSE) Permits,
264109000000980,Temporary Special Event,Commercial,3911,3911,S,FIGUEROA,ST,90037,Temp Installation of Flying Skycam Camera System into LAMC (ATTN Katy,Flying camera system attached to four light poles surrounding the LAMC.,AMERICA 250 SHOW,2026-07-01T00:00:00.000,2026-07-07T00:00:00.000,"{'latitude': '34.01366', 'longitude': '-118.28294', 'human_address': '{""address"": """", ""city"": """", ""state"": """", ""zip"": """"}'}",V06,Exposition Park Stadium (BMO Stadium),180.4,34.01366,-118.28294,LADBS Building and Safety Temporary Special Event (TSE) Permits,
264109000000982,Temporary Special Event,Commercial,3855,3855,S,HILL,ST,90037,Parking lot change of use. LED screen 10' x 5' on backetball court,Parking lot and LED screen on basketball court,SRGN WATCH PARTY,2026-06-30T00:00:00.000,2026-06-30T00:00:00.000,"{'latitude': '34.01337', 'longitude': '-118.27911', 'human_address': '{""address"": """", ""city"": """", ""state"": """", ""zip"": """"}'}",V06,Exposition Park Stadium (BMO Stadium),510.0,34.01337,-118.27911,LADBS Building and Safety Temporary Special Event (TSE) Permits,
264109000000854,Temporary Special Event,Commercial,1111,1111,S,FIGUEROA,ST,90015,Temporary Rigging of  KB truss  and truss spanner with platform and mo,Inside venue rigging to beams,DON TOLIVER,2026-06-28T00:00:00.000,2026-06-29T00:00:00.000,"{'latitude': '34.04338', 'longitude': '-118.26581', 'human_address': '{""address"": """", ""city"": """", ""state"": """", ""zip"": """"}'}",V02,DTLA Arena (Crypto.com Arena),131.8,34.04338,-118.26581,LADBS Building and Safety Temporary Special Event (TSE) Permits,
264109000000930,Temporary Special Event,Commercial,777,777,W,CHICK HEARN,CT,90015,AEG Existing 140x300 for crew feed  Victor Trujillo 213 431 5861,Event deck,BET AWARDS,2026-06-28T00:00:00.000,2026-06-28T00:00:00.000,"{'latitude': '34.04406', 'longitude': '-118.26707', 'human_address': '{""address"": """", ""city"": """", ""state"": """", ""zip"": """"}'}",V04,Peacock Theater,51.4,34.04406,-118.26707,LADBS Building and Safety Temporary Special Event (TSE) Permits,
264109000000940,Temporary Special Event,Commercial,777,777,W,CHICK HEARN,CT,90015,Plaza: 20x40 10x30 2- 10x20  Street: 30x50 40x40  Bright rentals  Jorg,Plaza & Street,BET ARRIVALS,2026-06-28T00:00:00.000,2026-06-28T00:00:00.000,"{'latitude': '34.04406', 'longitude': '-118.26707', 'human_address': '{""address"": """", ""city"": """", ""state"": """", ""zip"": """"}'}",V04,Peacock Theater,51.4,34.04406,-118.26707,LADBS Building and Safety Temporary Special Event (TSE) Permits,
264109000000953,Temporary Special Event,Commercial,3855,3855,S,HILL,ST,90037,Parking lot change of use to public assembly,Parking lot and basketball court,SRGN WATCH PARTY,2026-06-25T00:00:00.000,2026-06-25T00:00:00.000,"{'latitude': '34.01337', 'longitude': '-118.27911', 'human_address': '{""address"": """", ""city"": """", ""state"": """", ""zip"": """"}'}",V06,Exposition Park Stadium (BMO Stadium),510.0,34.01337,-118.27911,LADBS Building and Safety Temporary Special Event (TSE) Permits,
264109000000957,Temporary Special Event,Public Way,4700,4700,W,WESTERN HERITAGE,WAY,90027,Helium balloon with cement ballast and cable/rope,Autry musuem lawn - helium balloon - 22-23 of June,TIL AVATAR 2,2026-06-23T00:00:00.000,2026-06-23T00:00:00.000,"{'latitude': '34.14865', 'longitude': '-118.28197', 'human_address': '{""address"": """", ""city"": """", ""state"": """", ""zip"": """"}'}",V08,LA Zoo,344.3,34.14865,-118.28197,LADBS Building and Safety Temporary Special Event (TSE) Permits,
264109000000900,Temporary Special Event,Public Way,4700,4700,W,WESTERN HERITAGE,WAY,90027,Movie Screening with truss ground support screen and 4' deck for sceni,Autry Museum grass lawn with Truss build for screen,TIL 2026 AVATAR,2026-06-22T00:00:00.000,2026-06-23T00:00:00.000,"{'latitude': '34.14865', 'longitude': '-118.28197', 'human_address': '{""address"": """", ""city"": """", ""state"": """", ""zip"": """"}'}",V08,LA Zoo,344.3,34.14865,-118.28197,LADBS Building and Safety Temporary Special Event (TSE) Permits,
264109000000864,Temporary Special Event,Commercial,57,57,E,WINDWARD,AVE,90291,Re-inspection only,FIFA World Cup Watch Party,US SOCCER HOUSE,2026-06-12T00:00:00.000,2026-06-18T00:00:00.000,"{'latitude': '33.98755', 'longitude': '-118.47283', 'human_address': '{""address"": """", ""city"": """", ""state"": """", ""zip"": """"}'}",V13,Venice Beach,244.5,33.98755,-118.47283,LADBS Building and Safety Temporary Special Event (TSE) Permits,
264109000000870,Temporary Special Event,Commercial,3000,3000,S,HOOVER,ST,90007,Tenting  20x110 15x40 20x60  Bryan Phelps,Upper decks,USC BREAKFAST,2026-06-12T00:00:00.000,2026-06-12T00:00:00.000,"{'latitude': '34.02712', 'longitude': '-118.28376', 'human_address': '{""address"": """", ""city"": """", ""state"": """", ""zip"": """"}'}",V07,Galen Center (USC),763.7,34.02712,-118.28376,LADBS Building and Safety Temporary Special Event (TSE) Permits,
264109000000792,Temporary Special Event,Public Way,4700,4700,W,WESTERN HERITAGE,WAY,90027,Soccer game screening w/ Ferris Wheel on grass lawn,Autry museum grass lawn with Ferris Wheel,FUTBOL FTP,2026-06-12T00:00:00.000,2026-06-12T00:00:00.000,"{'latitude': '34.14865', 'longitude': '-118.28197', 'human_address': '{""address"": """", ""city"": """", ""state"": """", ""zip"": """"}'}",V08,LA Zoo,344.3,34.14865,-118.28197,LADBS Building and Safety Temporary Special Event (TSE) Permits,
264109000000865,Temporary Special Event,Commercial,3400,3400,S,FIGUEROA,ST,90007,STAGE,USC GALEN CENTER,LIVE NATION,2026-06-12T00:00:00.000,2026-06-15T00:00:00.000,"{'latitude': '34.02167', 'longitude': '-118.2799', 'human_address': '{""address"": """", ""city"": """", ""state"": """", ""zip"": """"}'}",V07,Galen Center (USC),75.1,34.02167,-118.2799,LADBS Building and Safety Temporary Special Event (TSE) Permits,
264109000000798,Temporary Special Event,Commercial,3911,3911,S,FIGUEROA,ST,90037,"Temporary Truss shade Structure with 3'-6"" high steel deck stage   Tru",On the field,ARCHER,2026-06-11T00:00:00.000,2026-06-14T00:00:00.000,"{'latitude': '34.01366', 'longitude': '-118.28294', 'human_address': '{""address"": """", ""city"": """", ""state"": """", ""zip"": """"}'}",V06,Exposition Park Stadium (BMO Stadium),180.4,34.01366,-118.28294,LADBS Building and Safety Temporary Special Event (TSE) Permits,
264109000000791,Temporary Special Event,Commercial,3911,3911,S,FIGUEROA,ST,90037,Temporary Tent 10x20  Leo Leon  323 703 7436,On field,FIFA BOA,2026-06-11T00:00:00.000,2026-06-14T00:00:00.000,"{'latitude': '34.01366', 'longitude': '-118.28294', 'human_address': '{""address"": """", ""city"": """", ""state"": """", ""zip"": """"}'}",V06,Exposition Park Stadium (BMO Stadium),180.4,34.01366,-118.28294,LADBS Building and Safety Temporary Special Event (TSE) Permits,
264109000000737,Temporary Special Event,Commercial,3911,3911,S,FIGUEROA,ST,90037,20' x 20' diameter dome 12' High  inspection 6/07 11am  LEO LEON 323 7,Field,METRO,2026-06-11T00:00:00.000,2026-06-14T00:00:00.000,"{'latitude': '34.01366', 'longitude': '-118.28294', 'human_address': '{""address"": """", ""city"": """", ""state"": """", ""zip"": """"}'}",V06,Exposition Park Stadium (BMO Stadium),180.4,34.01366,-118.28294,LADBS Building and Safety Temporary Special Event (TSE) Permits,
264109000000736,Temporary Special Event,Commercial,3911,3911,S,FIGUEROA,ST,90037,Coco Cola Mobile structure for Fan Zone  Leo Leon 323 703 7436   Insp,On the field,FIFA COCO COLA,2026-06-11T00:00:00.000,2026-06-14T00:00:00.000,"{'latitude': '34.01366', 'longitude': '-118.28294', 'human_address': '{""address"": """", ""city"": """", ""state"": """", ""zip"": """"}'}",V06,Exposition Park Stadium (BMO Stadium),180.4,34.01366,-118.28294,LADBS Building and Safety Temporary Special Event (TSE) Permits,
264109000000739,Temporary Special Event,Commercial,3911,3911,S,FIGUEROA,ST,90037,Temporary Structure Kaiser  Arch and Set walls Leo Leon 323 703 7436,On the Field,KAISER,2026-06-11T00:00:00.000,2026-06-14T00:00:00.000,"{'latitude': '34.01366', 'longitude': '-118.28294', 'human_address': '{""address"": """", ""city"": """", ""state"": """", ""zip"": """"}'}",V06,Exposition Park Stadium (BMO Stadium),180.4,34.01366,-118.28294,LADBS Building and Safety Temporary Special Event (TSE) Permits,
264109000000861,Temporary Special Event,Commercial,3911,3911,S,FIGUEROA,ST,90037,Temporary  Lighting  truss  4-15' high truss  Leo Leon 323 703 7436,Peristyle,FIFA FAN FEST,2026-06-11T00:00:00.000,2026-06-15T00:00:00.000,"{'latitude': '34.01366', 'longitude': '-118.28294', 'human_address': '{""address"": """", ""city"": """", ""state"": """", ""zip"": """"}'}",V06,Exposition Park Stadium (BMO Stadium),180.4,34.01366,-118.28294,LADBS Building and Safety Temporary Special Event (TSE) Permits,
264109000000782,Temporary Special Event,Commercial,3911,3911,S,FIGUEROA,ST,90037,Tenting  Gate 19 30x80 10x50 10x30 10x20 20x20  Gate 16 20x20  Gate 8,Gate 19 -8-16,FIFA FAN FEST,2026-06-11T00:00:00.000,2026-06-14T00:00:00.000,"{'latitude': '34.01366', 'longitude': '-118.28294', 'human_address': '{""address"": """", ""city"": """", ""state"": """", ""zip"": """"}'}",V06,Exposition Park Stadium (BMO Stadium),180.4,34.01366,-118.28294,LADBS Building and Safety Temporary Special Event (TSE) Permits,
264109000000738,Temporary Special Event,Commercial,3911,3911,S,FIGUEROA,ST,90037,"Telemundo activation with temporary Truss structure  20'w x 12'-9"" hig",on the field,TELEMUNDO,2026-06-11T00:00:00.000,2026-06-14T00:00:00.000,"{'latitude': '34.01366', 'longitude': '-118.28294', 'human_address': '{""address"": """", ""city"": """", ""state"": """", ""zip"": """"}'}",V06,Exposition Park Stadium (BMO Stadium),180.4,34.01366,-118.28294,LADBS Building and Safety Temporary Special Event (TSE) Permits,
264109000000751,Temporary Special Event,Commercial,1301,1301,S,FIGUEROA,ST,90015,Exhibition Booth with structure greater than 12' in height,,AWS2026 LOS ANGELES,2026-06-10T00:00:00.000,2026-06-10T00:00:00.000,"{'latitude': '34.04058', 'longitude': '-118.26853', 'human_address': '{""address"": """", ""city"": """", ""state"": """", ""zip"": """"}'}",V03,LA Convention Center (Halls 1-3),190.2,34.04058,-118.26853,LADBS Building and Safety Temporary Special Event (TSE) Permits,
264109000000837,Temporary Special Event,Commercial,3911,3911,S,FIGUEROA,ST,90037,Mobile Stage Sam 550  2-Truss Structure  LED Screen 43' wide x 39' Hig,On the field,FIFA FAN FEST,2026-06-10T00:00:00.000,2026-06-14T00:00:00.000,"{'latitude': '34.01366', 'longitude': '-118.28294', 'human_address': '{""address"": """", ""city"": """", ""state"": """", ""zip"": """"}'}",V06,Exposition Park Stadium (BMO Stadium),180.4,34.01366,-118.28294,LADBS Building and Safety Temporary Special Event (TSE) Permits,
264109000000842,Temporary Special Event,Commercial,57,57,E,WINDWARD,AVE,90291,LED wall; stage; truss lighting; event graphics,57 Windward Ave,US SOCCER HOUSE,2026-06-10T00:00:00.000,2026-06-16T00:00:00.000,"{'latitude': '33.98755', 'longitude': '-118.47283', 'human_address': '{""address"": """", ""city"": """", ""state"": """", ""zip"": """"}'}",V13,Venice Beach,244.5,33.98755,-118.47283,LADBS Building and Safety Temporary Special Event (TSE) Permits,
264109000000749,Temporary Special Event,Commercial,1301,1301,S,FIGUEROA,ST,90015,Exhibition Booth w/ stage riser w/ live load,,AWS2026 SUMMITS LOS ANGELES,2026-06-10T00:00:00.000,2026-06-10T00:00:00.000,"{'latitude': '34.04058', 'longitude': '-118.26853', 'human_address': '{""address"": """", ""city"": """", ""state"": """", ""zip"": """"}'}",V03,LA Convention Center (Halls 1-3),190.2,34.04058,-118.26853,LADBS Building and Safety Temporary Special Event (TSE) Permits,
264109000000796,Temporary Special Event,Commercial,3911,3911,S,FIGUEROA,ST,90037,Amgen Structure  30'x30'x13' high activation  Leo Leon 323 703 7436  i,Field,AMGEN,2026-06-10T00:00:00.000,2026-06-14T00:00:00.000,"{'latitude': '34.01366', 'longitude': '-118.28294', 'human_address': '{""address"": """", ""city"": """", ""state"": """", ""zip"": """"}'}",V06,Exposition Park Stadium (BMO Stadium),180.4,34.01366,-118.28294,LADBS Building and Safety Temporary Special Event (TSE) Permits,
264109000000810,Temporary Special Event,Commercial,3911,3911,S,FIGUEROA,ST,90037,"Temporary Truss Structure ( FOH Structure)  17' D x 20 w x 14'-4""high",On field,FIFA FAN FEST  FOH,2026-06-10T00:00:00.000,2026-06-14T00:00:00.000,"{'latitude': '34.01366', 'longitude': '-118.28294', 'human_address': '{""address"": """", ""city"": """", ""state"": """", ""zip"": """"}'}",V06,Exposition Park Stadium (BMO Stadium),180.4,34.01366,-118.28294,LADBS Building and Safety Temporary Special Event (TSE) Permits,
264109000000766,Temporary Special Event,Commercial,4700,4700,W,WESTERN HERITAGE,WAY,90027,Tenting  2-10x10 1 15x20 120x200  Curtis Markey 818 590 7765,Plaza area,INDIANA MARKET PLACE,2026-06-06T00:00:00.000,2026-06-07T00:00:00.000,"{'latitude': '34.14865', 'longitude': '-118.28197', 'human_address': '{""address"": """", ""city"": """", ""state"": """", ""zip"": """"}'}",V08,LA Zoo,344.3,34.14865,-118.28197,LADBS Building and Safety Temporary Special Event (TSE) Permits,
264109000000775,Temporary Special Event,Commercial,1250,1250,N,CAPRI,DR,90272,"79,807 Sq Ft for structures & suites   Sean Kerrigan 704 231 4134",course,US WOMAN'S OPEN,2026-06-02T00:00:00.000,2026-06-08T00:00:00.000,"{'latitude': '34.05121', 'longitude': '-118.50122', 'human_address': '{""address"": """", ""city"": """", ""state"": """", ""zip"": """"}'}",V10,Riviera Country Club,494.0,34.05121,-118.50122,LADBS Building and Safety Temporary Special Event (TSE) Permits,
264109000000645,Temporary Special Event,Commercial,1301,1301,S,FIGUEROA,ST,90015,"A rectangular storage tower measuring 12' high x 7' wide x 4' deep, us",South Exhibit Hall of LA Convention Center,HERMES MEDICAL SOLUTIONS 20X30 BOOTH,2026-05-30T00:00:00.000,2026-06-02T00:00:00.000,"{'latitude': '34.04058', 'longitude': '-118.26853', 'human_address': '{""address"": """", ""city"": """", ""state"": """", ""zip"": """"}'}",V03,LA Convention Center (Halls 1-3),190.2,34.04058,-118.26853,LADBS Building and Safety Temporary Special Event (TSE) Permits,
264109000000692,Temporary Special Event,Commercial,1301,1301,S,FIGUEROA,ST,90015,Engineer stamped drawings,Trade Show,SNMMI 2026 ANNUAL MEETING,2026-05-30T00:00:00.000,2026-06-02T00:00:00.000,"{'latitude': '34.04058', 'longitude': '-118.26853', 'human_address': '{""address"": """", ""city"": """", ""state"": """", ""zip"": """"}'}",V03,LA Convention Center (Halls 1-3),190.2,34.04058,-118.26853,LADBS Building and Safety Temporary Special Event (TSE) Permits,
264109000000616,Temporary Special Event,Commercial,1301,1301,S,FIGUEROA,ST,90015,Installation and Dismantle,Los Angeles Convention Center,SOCIETY OF NUCLEAR MEDICINE AND MOLECULA,2026-05-30T00:00:00.000,2026-06-02T00:00:00.000,"{'latitude': '34.04058', 'longitude': '-118.26853', 'human_address': '{""address"": """", ""city"": """", ""state"": """", ""zip"": """"}'}",V03,LA Convention Center (Halls 1-3),190.2,34.04058,-118.26853,LADBS Building and Safety Temporary Special Event (TSE) Permits,
264109000000583,Temporary Special Event,Commercial,1301,1301,S,FIGUEROA,ST,90015,Civil Engineer,,ELI LILLY BOOTH,2026-05-30T00:00:00.000,2026-06-02T00:00:00.000,"{'latitude': '34.04058', 'longitude': '-118.26853', 'human_address': '{""address"": """", ""city"": """", ""state"": """", ""zip"": """"}'}",V03,LA Convention Center (Halls 1-3),190.2,34.04058,-118.26853,LADBS Building and Safety Temporary Special Event (TSE) Permits,
264109000000597,Temporary Special Event,Commercial,1301,1301,S,FIGUEROA,ST,90015,signed and stamped engineer drawing,Booth #1222,SNMMI 2026 ANNUAL MEETING (SEGAMI #1222),2026-05-30T00:00:00.000,2026-06-02T00:00:00.000,"{'latitude': '34.04058', 'longitude': '-118.26853', 'human_address': '{""address"": """", ""city"": """", ""state"": """", ""zip"": """"}'}",V03,LA Convention Center (Halls 1-3),190.2,34.04058,-118.26853,LADBS Building and Safety Temporary Special Event (TSE) Permits,
264109000000740,Temporary Special Event,Commercial,1301,1301,S,FIGUEROA,ST,90015,Football Shaped Tower 16' tall - Conference Room with Curved Banner 16,Los Angeles Convention Center,IBA SINGLE LEVEL BOOTH,2026-05-30T00:00:00.000,2026-06-02T00:00:00.000,"{'latitude': '34.04058', 'longitude': '-118.26853', 'human_address': '{""address"": """", ""city"": """", ""state"": """", ""zip"": """"}'}",V03,LA Convention Center (Halls 1-3),190.2,34.04058,-118.26853,LADBS Building and Safety Temporary Special Event (TSE) Permits,
264109000000571,Temporary Special Event,Commercial,1301,1301,S,FIGUEROA,ST,90015,Booth for SNMMI built out by The Expo Group - General Contractor for t,Back of H Hall,SNMMI TOWN SQUARE BOOTH,2026-05-30T00:00:00.000,2026-06-02T00:00:00.000,"{'latitude': '34.04058', 'longitude': '-118.26853', 'human_address': '{""address"": """", ""city"": """", ""state"": """", ""zip"": """"}'}",V03,LA Convention Center (Halls 1-3),190.2,34.04058,-118.26853,LADBS Building and Safety Temporary Special Event (TSE) Permits,
264109000000700,Temporary Special Event,Commercial,1301,1301,S,FIGUEROA,ST,90015,display booth towers engineer prints,,SNMMI 2026 ANNUAL MEETING,2026-05-30T00:00:00.000,2026-06-02T00:00:00.000,"{'latitude': '34.04058', 'longitude': '-118.26853', 'human_address': '{""address"": """", ""city"": """", ""state"": """", ""zip"": """"}'}",V03,LA Convention Center (Halls 1-3),190.2,34.04058,-118.26853,LADBS Building and Safety Temporary Special Event (TSE) Permits,
264109000000599,Temporary Special Event,Commercial,2810,2810,S,FIGUEROA,ST,90007,"On May 30th from 9:30am1:00pm, McDonalds will bring its Sticker Swap t","McDonald's restaurant parking lot, 2810 S Figueroa St., Los Angeles, CA 90007",MCD STICKER SWAP,2026-05-30T00:00:00.000,2026-05-30T00:00:00.000,"{'latitude': '34.02626', 'longitude': '-118.27698', 'human_address': '{""address"": """", ""city"": """", ""state"": """", ""zip"": """"}'}",V07,Galen Center (USC),647.7,34.02626,-118.27698,LADBS Building and Safety Temporary Special Event (TSE) Permits,
264109000000625,Temporary Special Event,Commercial,1301,1301,S,FIGUEROA,ST,90015,Clark Reder Engineering reviewed the structures for code required grav,20x30 booth with 16' tall archway,"MIRION MEDICAL, BOOTH 1731, SNMMI",2026-05-30T00:00:00.000,2026-06-02T00:00:00.000,"{'latitude': '34.04058', 'longitude': '-118.26853', 'human_address': '{""address"": """", ""city"": """", ""state"": """", ""zip"": """"}'}",V03,LA Convention Center (Halls 1-3),190.2,34.04058,-118.26853,LADBS Building and Safety Temporary Special Event (TSE) Permits,
264109000000546,Temporary Special Event,Commercial,1301,1301,S,FIGUEROA,ST,90015,AMP Wall for display only,LACC,ECKERT & ZIEGLER - AMP WALL BUIL 18',2026-05-30T00:00:00.000,2026-06-02T00:00:00.000,"{'latitude': '34.04058', 'longitude': '-118.26853', 'human_address': '{""address"": """", ""city"": """", ""state"": """", ""zip"": """"}'}",V03,LA Convention Center (Halls 1-3),190.2,34.04058,-118.26853,LADBS Building and Safety Temporary Special Event (TSE) Permits,
264109000000705,Temporary Special Event,Commercial,777,777,W,CHICK HEARN,CT,90015,Temporary Truss structure 13' high Netflix  Chrissy Ryou 213 294 5485,Event deck inside tent,K-EXPO,2026-05-23T00:00:00.000,2026-05-24T00:00:00.000,"{'latitude': '34.04406', 'longitude': '-118.26707', 'human_address': '{""address"": """", ""city"": """", ""state"": """", ""zip"": """"}'}",V04,Peacock Theater,51.4,34.04406,-118.26707,LADBS Building and Safety Temporary Special Event (TSE) Permits,
264109000000661,Temporary Special Event,Commercial,3551,3551,S,TROUSDALE,PKWY,90089,Temporary Tents  2-15x15 15x20 8-20x20 1 -20x30  1-20x40  1-20x80  Bry,Football Field,NFLPA SHOOT,2026-05-16T00:00:00.000,2026-05-16T00:00:00.000,"{'latitude': '34.02066', 'longitude': '-118.28531', 'human_address': '{""address"": """", ""city"": """", ""state"": """", ""zip"": """"}'}",V07,Galen Center (USC),490.8,34.02066,-118.28531,LADBS Building and Safety Temporary Special Event (TSE) Permits,
264109000000660,Temporary Special Event,Commercial,3551,3551,S,TROUSDALE,PKWY,90089,Temporary Tents  Heritage Hall  2-20x90 1 20x30  Town & Counrtry  Brya,Heritage Hall,NFLPA,2026-05-16T00:00:00.000,2026-05-16T00:00:00.000,"{'latitude': '34.02066', 'longitude': '-118.28531', 'human_address': '{""address"": """", ""city"": """", ""state"": """", ""zip"": """"}'}",V07,Galen Center (USC),490.8,34.02066,-118.28531,LADBS Building and Safety Temporary Special Event (TSE) Permits,
264109000000684,Temporary Special Event,Commercial,3551,3551,S,TROUSDALE,PKWY,90089,Temporary Tents  2-12x17 & 10x20  Town & Country  Ariel Brown 818 612,Associates Park,DORNSLIFE,2026-05-15T00:00:00.000,2026-05-15T00:00:00.000,"{'latitude': '34.02066', 'longitude': '-118.28531', 'human_address': '{""address"": """", ""city"": """", ""state"": """", ""zip"": """"}'}",V07,Galen Center (USC),490.8,34.02066,-118.28531,LADBS Building and Safety Temporary Special Event (TSE) Permits,
264109000000601,Temporary Special Event,Commercial,665,665,W,JEFFERSON,BLVD,90007,Temp tent 30x100  Town & Country Ariel Brown 818 612 2139,Royal St,SHRINE COMMENCMENT,2026-05-15T00:00:00.000,2026-05-15T00:00:00.000,"{'latitude': '34.02302', 'longitude': '-118.28206', 'human_address': '{""address"": """", ""city"": """", ""state"": """", ""zip"": """"}'}",V07,Galen Center (USC),294.1,34.02302,-118.28206,LADBS Building and Safety Temporary Special Event (TSE) Permits,
264109000000614,Temporary Special Event,Commercial,3400,3400,S,FIGUEROA,ST,90007,STAGE 32 X 44,USC GALEN CENTER,USC GRADUATION,2026-05-14T00:00:00.000,2026-05-20T00:00:00.000,"{'latitude': '34.02167', 'longitude': '-118.2799', 'human_address': '{""address"": """", ""city"": """", ""state"": """", ""zip"": """"}'}",V07,Galen Center (USC),75.1,34.02167,-118.2799,LADBS Building and Safety Temporary Special Event (TSE) Permits,
264109000000655,Temporary Special Event,Commercial,3911,3911,S,FIGUEROA,ST,90037,Temp tents  Gate 19 10x20 10x30 10x50  Gate 1 20x30  town & country br,gate 19 and gate 1,USC PRODUCTION TENTS,2026-05-14T00:00:00.000,2026-05-15T00:00:00.000,"{'latitude': '34.01366', 'longitude': '-118.28294', 'human_address': '{""address"": """", ""city"": """", ""state"": """", ""zip"": """"}'}",V06,Exposition Park Stadium (BMO Stadium),180.4,34.01366,-118.28294,LADBS Building and Safety Temporary Special Event (TSE) Permits,
264109000000605,Temporary Special Event,Commercial,614,614,W,HELLMAN,WAY,90007,"Temp Tents 15x40 1 10x15 2-10x40  TCUP ROR 2,000 + 8AM-6PM daily  Town",Pardee Lawn & Argue plaza,ROSSIER RECEPTION,2026-05-13T00:00:00.000,2026-05-15T00:00:00.000,"{'latitude': '34.01997', 'longitude': '-118.2826', 'human_address': '{""address"": """", ""city"": """", ""state"": """", ""zip"": """"}'}",V07,Galen Center (USC),265.6,34.01997,-118.2826,LADBS Building and Safety Temporary Special Event (TSE) Permits,
264109000000677,Temporary Special Event,Commercial,1800,1800,S,OCEAN FRONT,WALK,90291,Tcup for MMA work out  120 Vip seating and Barricades with octagon und,Basketball Court,MMA OPEN WORK OUT,2026-05-13T00:00:00.000,2026-05-13T00:00:00.000,"{'latitude': '33.98581', 'longitude': '-118.47284', 'human_address': '{""address"": """", ""city"": """", ""state"": """", ""zip"": """"}'}",V14,Venice Beach Boardwalk,92.7,33.98581,-118.47284,LADBS Building and Safety Temporary Special Event (TSE) Permits,
264109000000637,Temporary Special Event,Commercial,3911,3911,S,FIGUEROA,ST,90037,We are setting up a couple of areas for a quick tic-tac-toe soccer gam,we are at the Torch at the Coliseum,LA LIGA EL CLASICO WATCH PARTY,2026-05-10T00:00:00.000,2026-05-10T00:00:00.000,"{'latitude': '34.01366', 'longitude': '-118.28294', 'human_address': '{""address"": """", ""city"": """", ""state"": """", ""zip"": """"}'}",V06,Exposition Park Stadium (BMO Stadium),180.4,34.01366,-118.28294,LADBS Building and Safety Temporary Special Event (TSE) Permits,
264109000000651,Temporary Special Event,Commercial,3911,3911,S,FIGUEROA,ST,90037,"Temp Structure  LED Truss 41' wide x 20' deep x 39'-5"" high  Temp Rise",Peristyle,LA LIGA WATCH,2026-05-10T00:00:00.000,2026-05-10T00:00:00.000,"{'latitude': '34.01366', 'longitude': '-118.28294', 'human_address': '{""address"": """", ""city"": """", ""state"": """", ""zip"": """"}'}",V06,Exposition Park Stadium (BMO Stadium),180.4,34.01366,-118.28294,LADBS Building and Safety Temporary Special Event (TSE) Permits,
264109000000481,Temporary Special Event,Commercial,1800,1800,S,OCEAN FRONT,WALK,90291,this is a very simple set up.  We set up a DJ table and speakers and t,Venice Beach Skate Park,SALUTE AT VENICE BEACH SKATE PARK,2026-05-09T00:00:00.000,2026-05-09T00:00:00.000,"{'latitude': '33.98581', 'longitude': '-118.47284', 'human_address': '{""address"": """", ""city"": """", ""state"": """", ""zip"": """"}'}",V14,Venice Beach Boardwalk,92.7,33.98581,-118.47284,LADBS Building and Safety Temporary Special Event (TSE) Permits,
264109000000502,Temporary Special Event,Commercial,649,649,W,JEFFERSON,BLVD,90007,Stage in Shrine Expo Hall,Concert in expo hall,MUNA,2026-05-07T00:00:00.000,2026-05-09T00:00:00.000,"{'latitude': '34.02274', 'longitude': '-118.28142', 'human_address': '{""address"": """", ""city"": """", ""state"": """", ""zip"": """"}'}",V07,Galen Center (USC),233.6,34.02274,-118.28142,LADBS Building and Safety Temporary Special Event (TSE) Permits,
264109000000444,Temporary Special Event,Commercial,700,700,W,EXPOSITION PARK,DR,90007,Single stage music concert event on the South Lawn of Exposition Park,Exposition Park,DISCO LINES,2026-05-02T00:00:00.000,2026-05-02T00:00:00.000,"{'latitude': '34.01561', 'longitude': '-118.28665', 'human_address': '{""address"": """", ""city"": """", ""state"": """", ""zip"": """"}'}",V05,LA Memorial Coliseum,203.6,34.01561,-118.28665,LADBS Building and Safety Temporary Special Event (TSE) Permits,
264109000000501,Temporary Special Event,Commercial,649,649,W,JEFFERSON,BLVD,90007,Stage in Shrine Expo Hall,Concert in expo hall,HABIBEATS + KEEM,2026-05-01T00:00:00.000,2026-05-04T00:00:00.000,"{'latitude': '34.02274', 'longitude': '-118.28142', 'human_address': '{""address"": """", ""city"": """", ""state"": """", ""zip"": """"}'}",V07,Galen Center (USC),233.6,34.02274,-118.28142,LADBS Building and Safety Temporary Special Event (TSE) Permits,
264109000000511,Temporary Special Event,Commercial,1515,1515,S,ABBOT KINNEY,BLVD,90291,"build under 12', branded walls","build under 12 ft high,  branded walls",OFF CAMPUS DSW,2026-04-30T00:00:00.000,2026-05-02T00:00:00.000,"{'latitude': '33.9903', 'longitude': '-118.46415', 'human_address': '{""address"": """", ""city"": """", ""state"": """", ""zip"": """"}'}",V13,Venice Beach,615.2,33.9903,-118.46415,LADBS Building and Safety Temporary Special Event (TSE) Permits,200
264109000000530,Temporary Special Event,Vacant Land,3551,3551,S,TROUSDALE,PKWY,90089,"Carnival Rides/ Zipper / Ferris Wheel. Build, Run, Strike.",McCarthy Quad,USC GRAD WEEK 26,2026-04-30T00:00:00.000,2026-04-30T00:00:00.000,"{'latitude': '34.02066', 'longitude': '-118.28531', 'human_address': '{""address"": """", ""city"": """", ""state"": """", ""zip"": """"}'}",V07,Galen Center (USC),490.8,34.02066,-118.28531,LADBS Building and Safety Temporary Special Event (TSE) Permits,
264109000000528,Temporary Special Event,Commercial,700,700,W,EXPOSITION PARK,DR,90007,Temporary Tents  8 -20x20  1 20x30 2-20x40 2-20x60 1-30x60  Rachel Mas,Commons theater,CITY OF STEM,2026-04-26T00:00:00.000,2026-04-26T00:00:00.000,"{'latitude': '34.01561', 'longitude': '-118.28665', 'human_address': '{""address"": """", ""city"": """", ""state"": """", ""zip"": """"}'}",V05,LA Memorial Coliseum,203.6,34.01561,-118.28665,LADBS Building and Safety Temporary Special Event (TSE) Permits,
264109000000442,Temporary Special Event,Commercial,1301,1301,S,FIGUEROA,ST,90015,Structural engineer,,NAMA 2026,2026-04-22T00:00:00.000,2026-04-24T00:00:00.000,"{'latitude': '34.04058', 'longitude': '-118.26853', 'human_address': '{""address"": """", ""city"": """", ""state"": """", ""zip"": """"}'}",V03,LA Convention Center (Halls 1-3),190.2,34.04058,-118.26853,LADBS Building and Safety Temporary Special Event (TSE) Permits,
264109000000463,Temporary Special Event,Commercial,1301,1301,S,FIGUEROA,ST,90015,floor standing canopy structure over 12' constructed of bematrix modul,Los Angeles Convention Center,THE NAMA SHOW,2026-04-22T00:00:00.000,2026-04-24T00:00:00.000,"{'latitude': '34.04058', 'longitude': '-118.26853', 'human_address': '{""address"": """", ""city"": """", ""state"": """", ""zip"": """"}'}",V03,LA Convention Center (Halls 1-3),190.2,34.04058,-118.26853,LADBS Building and Safety Temporary Special Event (TSE) Permits,
264101000000453,Temporary Special Event,Commercial,1201,1201,S,FIGUEROA,ST,90015,14.5' booth structure,Convention Center,NAMA 2026,2026-04-22T00:00:00.000,2026-04-24T00:00:00.000,"{'latitude': '34.04202', 'longitude': '-118.26715', 'human_address': '{""address"": """", ""city"": """", ""state"": """", ""zip"": """"}'}",V02,DTLA Arena (Crypto.com Arena),120.2,34.04202,-118.26715,LADBS Building and Safety Temporary Special Event (TSE) Permits,
264109000000465,Temporary Special Event,Commercial,1301,1301,S,FIGUEROA,ST,90015,This is structure of lightweight click together pipes covered in mater,,OPTCONNECT CENTER TOWER IN BOOTH,2026-04-22T00:00:00.000,2026-04-24T00:00:00.000,"{'latitude': '34.04058', 'longitude': '-118.26853', 'human_address': '{""address"": """", ""city"": """", ""state"": """", ""zip"": """"}'}",V03,LA Convention Center (Halls 1-3),190.2,34.04058,-118.26853,LADBS Building and Safety Temporary Special Event (TSE) Permits,
264109000000470,Temporary Special Event,Commercial,777,777,W,CHICK HEARN,CT,90015,Tent American Express 10x15  Christianna Haywood 646 604 3750,On chick heran Crt,LA KINGS,2026-04-11T00:00:00.000,2026-04-11T00:00:00.000,"{'latitude': '34.04406', 'longitude': '-118.26707', 'human_address': '{""address"": """", ""city"": """", ""state"": """", ""zip"": """"}'}",V04,Peacock Theater,51.4,34.04406,-118.26707,LADBS Building and Safety Temporary Special Event (TSE) Permits,
264109000000410,Temporary Special Event,Commercial,1000,1000,W,VIN SCULLY,AVE,90012,"inspection of cablecam - same as previous installs, just an updated in",Dodger Stadium,DODGER CABLECAM,2026-03-27T00:00:00.000,2026-03-31T00:00:00.000,,V01,Dodger Stadium,,,,LADBS Building and Safety Temporary Special Event (TSE) Permits,
264109000000318,Temporary Special Event,Commercial,1301,1301,S,FIGUEROA,ST,90015,CAD Designer,LA Convention Center,LILLY 20X20 ISLAND BOOTH,2026-03-27T00:00:00.000,2026-03-29T00:00:00.000,"{'latitude': '34.04058', 'longitude': '-118.26853', 'human_address': '{""address"": """", ""city"": """", ""state"": """", ""zip"": """"}'}",V03,LA Convention Center (Halls 1-3),190.2,34.04058,-118.26853,LADBS Building and Safety Temporary Special Event (TSE) Permits,
264109000000282,Temporary Special Event,Commercial,1301,1301,S,FIGUEROA,ST,90015,Stamped Assembly Instructions,,APHA ANNUAL MEETING AND EXPOSITION,2026-03-27T00:00:00.000,2026-03-30T00:00:00.000,"{'latitude': '34.04058', 'longitude': '-118.26853', 'human_address': '{""address"": """", ""city"": """", ""state"": """", ""zip"": """"}'}",V03,LA Convention Center (Halls 1-3),190.2,34.04058,-118.26853,LADBS Building and Safety Temporary Special Event (TSE) Permits,
264109000000146,Temporary Special Event,Commercial,800,800,W,OLYMPIC,BLVD,90015,100x40 Tent. Will have all necc. engineering stamps. Additional elemen,LA Live Peacock Plaza,FIFA WORLD CUP TROPHY TOUR BY COCA COLA,2026-03-24T00:00:00.000,2026-03-26T00:00:00.000,"{'latitude': '34.04484', 'longitude': '-118.26453', 'human_address': '{""address"": """", ""city"": """", ""state"": """", ""zip"": """"}'}",V04,Peacock Theater,221.6,34.04484,-118.26453,LADBS Building and Safety Temporary Special Event (TSE) Permits,
264109000000387,Temporary Special Event,Commercial,777,777,W,CHICK HEARN,CT,90015,Tents  3-20x20 5-12x12 2 10x10  Bright Rentals Mark Shimizu 310 849 45,Event deck,ABR DINNER,2026-03-23T00:00:00.000,2026-03-23T00:00:00.000,"{'latitude': '34.04406', 'longitude': '-118.26707', 'human_address': '{""address"": """", ""city"": """", ""state"": """", ""zip"": """"}'}",V04,Peacock Theater,51.4,34.04406,-118.26707,LADBS Building and Safety Temporary Special Event (TSE) Permits,
264109000000284,Temporary Special Event,Commercial,1,1,E,WINDWARD,AVE,90291,Stage 24x4x40x4,Windward Plaza,VENICE LOVE FEST,2026-03-21T00:00:00.000,2026-03-21T00:00:00.000,"{'latitude': '33.98712', 'longitude': '-118.47358', 'human_address': '{""address"": """", ""city"": """", ""state"": """", ""zip"": """"}'}",V14,Venice Beach Boardwalk,252.5,33.98712,-118.47358,LADBS Building and Safety Temporary Special Event (TSE) Permits,
264109000000382,Temporary Special Event,Commercial,3939,3939,S,FIGUEROA,ST,90037,Installation of skycam system into BMO Stadium venue using winches and,Skycam Installation into venue (ATTN Katy Ramirez),BMO 3-21 EVENT,2026-03-20T00:00:00.000,2026-03-26T00:00:00.000,"{'latitude': '34.01173', 'longitude': '-118.28296', 'human_address': '{""address"": """", ""city"": """", ""state"": """", ""zip"": """"}'}",V06,Exposition Park Stadium (BMO Stadium),192.4,34.01173,-118.28296,LADBS Building and Safety Temporary Special Event (TSE) Permits,
264109000000373,Temporary Special Event,Commercial,777,777,W,CHICK HEARN,CT,90015,Temporary Tent  3- 10x10  1-10x30 1-40x50  Town & Country  Bryan Phelp,On the street,NOKIA,2026-03-18T00:00:00.000,2026-03-18T00:00:00.000,"{'latitude': '34.04406', 'longitude': '-118.26707', 'human_address': '{""address"": """", ""city"": """", ""state"": """", ""zip"": """"}'}",V04,Peacock Theater,51.4,34.04406,-118.26707,LADBS Building and Safety Temporary Special Event (TSE) Permits,
254109000001922,Temporary Special Event,Commercial,1301,1301,S,FIGUEROA,ST,90015,structural analysis of three temporary structures during OFC,"LACC Booth 1624, onsite contact is Dan Rawding",OFC 2026,2026-03-17T00:00:00.000,2026-03-19T00:00:00.000,"{'latitude': '34.04058', 'longitude': '-118.26853', 'human_address': '{""address"": """", ""city"": """", ""state"": """", ""zip"": """"}'}",V03,LA Convention Center (Halls 1-3),190.2,34.04058,-118.26853,LADBS Building and Safety Temporary Special Event (TSE) Permits,
264109000000290,Temporary Special Event,Commercial,1301,1301,S,FIGUEROA,ST,90015,OFC 2026 | VIAVI 1239,LACC SOUTH HALL,OFC 2026,2026-03-17T00:00:00.000,2026-03-19T00:00:00.000,"{'latitude': '34.04058', 'longitude': '-118.26853', 'human_address': '{""address"": """", ""city"": """", ""state"": """", ""zip"": """"}'}",V03,LA Convention Center (Halls 1-3),190.2,34.04058,-118.26853,LADBS Building and Safety Temporary Special Event (TSE) Permits,
264109000000183,Temporary Special Event,Commercial,1301,1301,S,FIGUEROA,ST,90015,THIS SCOPE OF ENGINEERING INCLUDES STRUCTURAL VERIFICATION OF THE 14',OFC 2026 is in the Los Angeles Convention Center. South Hall Booth 1739,OFC 2026,2026-03-17T00:00:00.000,2026-03-19T00:00:00.000,"{'latitude': '34.04058', 'longitude': '-118.26853', 'human_address': '{""address"": """", ""city"": """", ""state"": """", ""zip"": """"}'}",V03,LA Convention Center (Halls 1-3),190.2,34.04058,-118.26853,LADBS Building and Safety Temporary Special Event (TSE) Permits,
264109000000359,Temporary Special Event,Commercial,1301,1301,S,FIGUEROA,ST,90015,OFC | HYPER PHOTONIX,SOUTH HALL,OFC 2026,2026-03-17T00:00:00.000,2026-03-19T00:00:00.000,"{'latitude': '34.04058', 'longitude': '-118.26853', 'human_address': '{""address"": """", ""city"": """", ""state"": """", ""zip"": """"}'}",V03,LA Convention Center (Halls 1-3),190.2,34.04058,-118.26853,LADBS Building and Safety Temporary Special Event (TSE) Permits,
264109000000277,Temporary Special Event,Commercial,1301,1301,S,FIGUEROA,ST,90015,www.oseeng.com,,OFC  SINGLE LEVEL BOOTH FLOOR PLAN,2026-03-17T00:00:00.000,2026-03-19T00:00:00.000,"{'latitude': '34.04058', 'longitude': '-118.26853', 'human_address': '{""address"": """", ""city"": """", ""state"": """", ""zip"": """"}'}",V03,LA Convention Center (Halls 1-3),190.2,34.04058,-118.26853,LADBS Building and Safety Temporary Special Event (TSE) Permits,
264109000000148,Temporary Special Event,Commercial,1301,1301,S,FIGUEROA,ST,90015,West Hall - Expo Theater 1 90x80 - Booth# 4962,West Hall - Expo Theater 1 90x80 - Booth# 4962,OFC 2026,2026-03-17T00:00:00.000,2026-03-19T00:00:00.000,"{'latitude': '34.04058', 'longitude': '-118.26853', 'human_address': '{""address"": """", ""city"": """", ""state"": """", ""zip"": """"}'}",V03,LA Convention Center (Halls 1-3),190.2,34.04058,-118.26853,LADBS Building and Safety Temporary Special Event (TSE) Permits,
264109000000147,Temporary Special Event,Commercial,1301,1301,S,FIGUEROA,ST,90015,Custom modular aluminum frame exhibit with stacked vertical elements e,,AC PHOTONICS ISLAND BOOTH,2026-03-17T00:00:00.000,2026-03-19T00:00:00.000,"{'latitude': '34.04058', 'longitude': '-118.26853', 'human_address': '{""address"": """", ""city"": """", ""state"": """", ""zip"": """"}'}",V03,LA Convention Center (Halls 1-3),190.2,34.04058,-118.26853,LADBS Building and Safety Temporary Special Event (TSE) Permits,
264109000000247,Temporary Special Event,Commercial,1301,1301,S,FIGUEROA,ST,90015,Inspected and approved structure and drawings.,South Hall - Near the China Pavilion,"SANMINA, TOWER BOOTH",2026-03-17T00:00:00.000,2026-03-19T00:00:00.000,"{'latitude': '34.04058', 'longitude': '-118.26853', 'human_address': '{""address"": """", ""city"": """", ""state"": """", ""zip"": """"}'}",V03,LA Convention Center (Halls 1-3),190.2,34.04058,-118.26853,LADBS Building and Safety Temporary Special Event (TSE) Permits,
264109000000210,Temporary Special Event,Commercial,1301,1301,S,FIGUEROA,ST,90015,ENGINEERING DRAWINGS FOR BOOTH STRUCTURES OVER 12' IN HEIGHT,"LOS ANGELES CONVENTION CENTER, BOOTH 1101, SAMTEC",SAMTEC_BOOTH 1101_OVER 12' STRUCTURE,2026-03-17T00:00:00.000,2026-03-19T00:00:00.000,"{'latitude': '34.04058', 'longitude': '-118.26853', 'human_address': '{""address"": """", ""city"": """", ""state"": """", ""zip"": """"}'}",V03,LA Convention Center (Halls 1-3),190.2,34.04058,-118.26853,LADBS Building and Safety Temporary Special Event (TSE) Permits,
264109000000330,Temporary Special Event,Commercial,4700,4700,W,WESTERN HERITAGE,WAY,90027,Temporary Tents  2- 40x60  Town & Country  Kevin Tremble 818 464 5102,Lawn area,PIE FEST,2026-03-14T00:00:00.000,2026-03-14T00:00:00.000,"{'latitude': '34.14865', 'longitude': '-118.28197', 'human_address': '{""address"": """", ""city"": """", ""state"": """", ""zip"": """"}'}",V08,LA Zoo,344.3,34.14865,-118.28197,LADBS Building and Safety Temporary Special Event (TSE) Permits,
264109000000343,Temporary Special Event,Commercial,777,777,W,CHICK HEARN,CT,90015,The proposed helium-filled balloon is 23x 18.8 x 15 with  resembles a,peacock plaza,7 DEADLY SINS,2026-03-14T00:00:00.000,2026-03-14T00:00:00.000,"{'latitude': '34.04406', 'longitude': '-118.26707', 'human_address': '{""address"": """", ""city"": """", ""state"": """", ""zip"": """"}'}",V04,Peacock Theater,51.4,34.04406,-118.26707,LADBS Building and Safety Temporary Special Event (TSE) Permits,
264101000000350,Temporary Special Event,Commercial,1201,1201,S,FIGUEROA,ST,90015,styuiol ng,Convention Center,OPTIC,2026-03-13T00:00:00.000,2026-03-13T00:00:00.000,"{'latitude': '34.04202', 'longitude': '-118.26715', 'human_address': '{""address"": """", ""city"": """", ""state"": """", ""zip"": """"}'}",V02,DTLA Arena (Crypto.com Arena),120.2,34.04202,-118.26715,LADBS Building and Safety Temporary Special Event (TSE) Permits,
264109000000154,Temporary Special Event,Commercial,655,655,W,JEFFERSON,BLVD,90007,"Rigging, Staging, Red Carpet, Generators,",Shrine Auditorium,2026 ACTORS AWARDS,2026-03-01T00:00:00.000,2026-03-01T00:00:00.000,"{'latitude': '34.02292', 'longitude': '-118.28182', 'human_address': '{""address"": """", ""city"": """", ""state"": """", ""zip"": """"}'}",V07,Galen Center (USC),271.5,34.02292,-118.28182,LADBS Building and Safety Temporary Special Event (TSE) Permits,
264109000000256,Temporary Special Event,Commercial,3939,3939,S,FIGUEROA,ST,90037,"Gloria Trevi Stage, ADA Decks, and FOH",,GLORIA TREVI CONCERT,2026-02-28T00:00:00.000,2026-02-28T00:00:00.000,"{'latitude': '34.01173', 'longitude': '-118.28296', 'human_address': '{""address"": """", ""city"": """", ""state"": """", ""zip"": """"}'}",V06,Exposition Park Stadium (BMO Stadium),192.4,34.01173,-118.28296,LADBS Building and Safety Temporary Special Event (TSE) Permits,
264109000000236,Temporary Special Event,Commercial,777,777,W,CHICK HEARN,CT,90015,Temporary Tent  300X140 AEG Tent  1200 Guest  4pm -10pm  Victore Truji,Event deck,NAACP IMAGE AWARDS,2026-02-26T00:00:00.000,2026-02-28T00:00:00.000,"{'latitude': '34.04406', 'longitude': '-118.26707', 'human_address': '{""address"": """", ""city"": """", ""state"": """", ""zip"": """"}'}",V04,Peacock Theater,51.4,34.04406,-118.26707,LADBS Building and Safety Temporary Special Event (TSE) Permits,
264109000000251,Temporary Special Event,Commercial,777,777,W,CHICK HEARN,CT,90015,Temporary Tent 40x100  Bright rentals  Tony Antonelli 310 696 3957,Event deck,NAACP,2026-02-26T00:00:00.000,2026-02-26T00:00:00.000,"{'latitude': '34.04406', 'longitude': '-118.26707', 'human_address': '{""address"": """", ""city"": """", ""state"": """", ""zip"": """"}'}",V04,Peacock Theater,51.4,34.04406,-118.26707,LADBS Building and Safety Temporary Special Event (TSE) Permits,
264109000000224,Temporary Special Event,Commercial,1301,1301,S,FIGUEROA,ST,90015,Engineering Stamp,LACC,VIVE 2026,2026-02-23T00:00:00.000,2026-02-25T00:00:00.000,"{'latitude': '34.04058', 'longitude': '-118.26853', 'human_address': '{""address"": """", ""city"": """", ""state"": """", ""zip"": """"}'}",V03,LA Convention Center (Halls 1-3),190.2,34.04058,-118.26853,LADBS Building and Safety Temporary Special Event (TSE) Permits,
264109000000211,Temporary Special Event,Commercial,1301,1301,S,FIGUEROA,ST,90015,engineer,Los Angeles Convention Center,VIVE,2026-02-23T00:00:00.000,2026-02-25T00:00:00.000,"{'latitude': '34.04058', 'longitude': '-118.26853', 'human_address': '{""address"": """", ""city"": """", ""state"": """", ""zip"": """"}'}",V03,LA Convention Center (Halls 1-3),190.2,34.04058,-118.26853,LADBS Building and Safety Temporary Special Event (TSE) Permits,
264109000000066,Temporary Special Event,Commercial,1301,1301,S,FIGUEROA,ST,90015,Stamped Engineer plan,LACC south hall,NAVINA - LACC SOUTH HALL,2026-02-23T00:00:00.000,2026-02-25T00:00:00.000,"{'latitude': '34.04058', 'longitude': '-118.26853', 'human_address': '{""address"": """", ""city"": """", ""state"": """", ""zip"": """"}'}",V03,LA Convention Center (Halls 1-3),190.2,34.04058,-118.26853,LADBS Building and Safety Temporary Special Event (TSE) Permits,
264109000000216,Temporary Special Event,Commercial,1111,1111,S,FIGUEROA,ST,90015,Adding a cable suspended camera system to the catwalk inside Crypto.co,Inside Crypto.com arena,LA LAKERS GAME 2/22,2026-02-22T00:00:00.000,2026-02-22T00:00:00.000,"{'latitude': '34.04338', 'longitude': '-118.26581', 'human_address': '{""address"": """", ""city"": """", ""state"": """", ""zip"": """"}'}",V02,DTLA Arena (Crypto.com Arena),131.8,34.04338,-118.26581,LADBS Building and Safety Temporary Special Event (TSE) Permits,
264109000000218,Temporary Special Event,Commercial,3911,3911,S,FIGUEROA,ST,90037,TCUP For fan fest 2pm-6pm  20x20 tent  Jordan Cohen 213 400 8601,XMAS Tree lane,LAFC FAN FEST,2026-02-21T00:00:00.000,2026-02-21T00:00:00.000,"{'latitude': '34.01366', 'longitude': '-118.28294', 'human_address': '{""address"": """", ""city"": """", ""state"": """", ""zip"": """"}'}",V06,Exposition Park Stadium (BMO Stadium),180.4,34.01366,-118.28294,LADBS Building and Safety Temporary Special Event (TSE) Permits,
264109000000207,Temporary Special Event,Commercial,3911,3911,S,FIGUEROA,ST,90037,Temporary Tent  30'x148'  Bryan Phelps 310 755 0463 4:30PM-8:30PM  460,ON THE FIELD,LAFC,2026-02-21T00:00:00.000,2026-02-21T00:00:00.000,"{'latitude': '34.01366', 'longitude': '-118.28294', 'human_address': '{""address"": """", ""city"": """", ""state"": """", ""zip"": """"}'}",V06,Exposition Park Stadium (BMO Stadium),180.4,34.01366,-118.28294,LADBS Building and Safety Temporary Special Event (TSE) Permits,
264109000000035,Temporary Special Event,Commercial,1301,1301,S,FIGUEROA,ST,90015,"Principal engineer, structural reviews and submittals",,NBA ALL-STAR 2026,2026-02-13T00:00:00.000,2026-02-19T00:00:00.000,"{'latitude': '34.04058', 'longitude': '-118.26853', 'human_address': '{""address"": """", ""city"": """", ""state"": """", ""zip"": """"}'}",V03,LA Convention Center (Halls 1-3),190.2,34.04058,-118.26853,LADBS Building and Safety Temporary Special Event (TSE) Permits,
264109000000069,Temporary Special Event,Commercial,777,777,W,CHICK HEARN,CT,90015,Multi-Brand Activation within the permanent tent on the event deck. Br,Activations on the Event Deck on top of West Garage,2026 NBA ASW FOOTLOCKER - EVENT DECK,2026-02-12T00:00:00.000,2026-02-15T00:00:00.000,"{'latitude': '34.04406', 'longitude': '-118.26707', 'human_address': '{""address"": """", ""city"": """", ""state"": """", ""zip"": """"}'}",V04,Peacock Theater,51.4,34.04406,-118.26707,LADBS Building and Safety Temporary Special Event (TSE) Permits,
264109000000142,Temporary Special Event,Commercial,1800,1800,S,OCEAN FRONT,WALK,90291,"Bleachers 15' x 31"" high  LED Screen 15' H x 21' wide  AT&T Truss Stru",Basketball Court,AT&T DUNK,2026-02-12T00:00:00.000,2026-02-15T00:00:00.000,"{'latitude': '33.98581', 'longitude': '-118.47284', 'human_address': '{""address"": """", ""city"": """", ""state"": """", ""zip"": """"}'}",V14,Venice Beach Boardwalk,92.7,33.98581,-118.47284,LADBS Building and Safety Temporary Special Event (TSE) Permits,
264109000000159,Temporary Special Event,Commercial,1301,1301,S,FIGUEROA,ST,90015,Temporary modular bleacher seating at G League for the NBA Fan Zone (C,,NBA FAN ZONE 2026,2026-02-12T00:00:00.000,2026-02-15T00:00:00.000,"{'latitude': '34.04058', 'longitude': '-118.26853', 'human_address': '{""address"": """", ""city"": """", ""state"": """", ""zip"": """"}'}",V03,LA Convention Center (Halls 1-3),190.2,34.04058,-118.26853,LADBS Building and Safety Temporary Special Event (TSE) Permits,
264109000000160,Temporary Special Event,Commercial,1301,1301,S,FIGUEROA,ST,90015,Temporary modular bleacher seating at Creators Court for the NBA Fan Z,,NBA FAN ZONE,2026-02-12T00:00:00.000,2026-02-15T00:00:00.000,"{'latitude': '34.04058', 'longitude': '-118.26853', 'human_address': '{""address"": """", ""city"": """", ""state"": """", ""zip"": """"}'}",V03,LA Convention Center (Halls 1-3),190.2,34.04058,-118.26853,LADBS Building and Safety Temporary Special Event (TSE) Permits,
264109000000071,Temporary Special Event,Commercial,777,777,W,CHICK HEARN,CT,90015,"Multi-Brand Activation with Nike Warning Label, Converse, Jordan, Puma",,2026 NBA ASW FOOTLOCKER - MISC ELEMENTS,2026-02-12T00:00:00.000,2026-02-15T00:00:00.000,"{'latitude': '34.04406', 'longitude': '-118.26707', 'human_address': '{""address"": """", ""city"": """", ""state"": """", ""zip"": """"}'}",V04,Peacock Theater,51.4,34.04406,-118.26707,LADBS Building and Safety Temporary Special Event (TSE) Permits,
264109000000133,Temporary Special Event,Commercial,1301,1301,S,FIGUEROA,ST,90015,The project covered by this submittal consists of a temporary aluminum,Booth 129 - DoorDash Booth - 60' x 60' Footprint,DOORDASH NBA CROSSOVER,2026-02-12T00:00:00.000,2026-02-15T00:00:00.000,"{'latitude': '34.04058', 'longitude': '-118.26853', 'human_address': '{""address"": """", ""city"": """", ""state"": """", ""zip"": """"}'}",V03,LA Convention Center (Halls 1-3),190.2,34.04058,-118.26853,LADBS Building and Safety Temporary Special Event (TSE) Permits,
264109000000112,Temporary Special Event,Commercial,1301,1301,S,FIGUEROA,ST,90015,Architectural | Structural | Mechanical | Electrical | Plumbing | Civi,"Booth 104, Adjacent to the games area",USOPC / LA28 20X20 BOOTH,2026-02-12T00:00:00.000,2026-02-15T00:00:00.000,"{'latitude': '34.04058', 'longitude': '-118.26853', 'human_address': '{""address"": """", ""city"": """", ""state"": """", ""zip"": """"}'}",V03,LA Convention Center (Halls 1-3),190.2,34.04058,-118.26853,LADBS Building and Safety Temporary Special Event (TSE) Permits,
264109000000097,Temporary Special Event,Commercial,777,777,W,CHICK HEARN,CT,90015,Temporary Deck 8' High with 20x33 Tent structure  Signature Party  Jes,Event deck,GRAMMY'S,2026-02-01T00:00:00.000,2026-02-01T00:00:00.000,"{'latitude': '34.04406', 'longitude': '-118.26707', 'human_address': '{""address"": """", ""city"": """", ""state"": """", ""zip"": """"}'}",V04,Peacock Theater,51.4,34.04406,-118.26707,LADBS Building and Safety Temporary Special Event (TSE) Permits,
264109000000094,Temporary Special Event,Commercial,1111,1111,S,FIGUEROA,ST,90015,Temporary Tents  6x6 8x8 10x10 20x35 30x15 40x20 50x90  Bright rentals,Outdoor terrace 2nd level,AEG GRAMMY'S,2026-02-01T00:00:00.000,2026-02-01T00:00:00.000,"{'latitude': '34.04338', 'longitude': '-118.26581', 'human_address': '{""address"": """", ""city"": """", ""state"": """", ""zip"": """"}'}",V02,DTLA Arena (Crypto.com Arena),131.8,34.04338,-118.26581,LADBS Building and Safety Temporary Special Event (TSE) Permits,
254109000002050,Temporary Special Event,Commercial,851,851,S,GRAND,AVE,90017,trussing and lighting TBD,Historic LA opera Theater,MITA GAMI JAN 31,2026-01-31T00:00:00.000,2026-02-01T00:00:00.000,"{'latitude': '34.04476', 'longitude': '-118.25923', 'human_address': '{""address"": """", ""city"": """", ""state"": """", ""zip"": """"}'}",V04,Peacock Theater,707.3,34.04476,-118.25923,LADBS Building and Safety Temporary Special Event (TSE) Permits,
264109000000104,Temporary Special Event,Commercial,3911,3911,S,FIGUEROA,ST,90037,TCUP for recruiting 200 Guest 1:30pm-5:30pm  Bryan Phelps 310 755 0463,on the field,USC FOOTBALL,2026-01-31T00:00:00.000,2026-01-31T00:00:00.000,"{'latitude': '34.01366', 'longitude': '-118.28294', 'human_address': '{""address"": """", ""city"": """", ""state"": """", ""zip"": """"}'}",V06,Exposition Park Stadium (BMO Stadium),180.4,34.01366,-118.28294,LADBS Building and Safety Temporary Special Event (TSE) Permits,
264109000000073,Temporary Special Event,Commercial,777,777,W,CHICK HEARN,CT,90015,"Temporary Structure  1/22  140 x 300  Sal Sandate Director, L.A. LIVE",Event deck,MAMBA CLUB BREAKFAST,2026-01-23T00:00:00.000,2026-01-23T00:00:00.000,"{'latitude': '34.04406', 'longitude': '-118.26707', 'human_address': '{""address"": """", ""city"": """", ""state"": """", ""zip"": """"}'}",V04,Peacock Theater,51.4,34.04406,-118.26707,LADBS Building and Safety Temporary Special Event (TSE) Permits,
254109000002054,Temporary Special Event,Commercial,1301,1301,S,FIGUEROA,ST,90015,Cutwater Convenience Store,South Exhibit Hall,ANHEUSER-BUSCH SAMCOM CUTWATER,2026-01-21T00:00:00.000,2026-01-22T00:00:00.000,"{'latitude': '34.04058', 'longitude': '-118.26853', 'human_address': '{""address"": """", ""city"": """", ""state"": """", ""zip"": """"}'}",V03,LA Convention Center (Halls 1-3),190.2,34.04058,-118.26853,LADBS Building and Safety Temporary Special Event (TSE) Permits,
254109000001967,Temporary Special Event,Commercial,1301,1301,S,FIGUEROA,ST,90015,Phorm floor supported LED Wall,South Exhibit Hall,ANHEUSER-BUSCH SAMCOM PHORM,2026-01-21T00:00:00.000,2026-01-22T00:00:00.000,"{'latitude': '34.04058', 'longitude': '-118.26853', 'human_address': '{""address"": """", ""city"": """", ""state"": """", ""zip"": """"}'}",V03,LA Convention Center (Halls 1-3),190.2,34.04058,-118.26853,LADBS Building and Safety Temporary Special Event (TSE) Permits,
254109000002011,Temporary Special Event,Commercial,1301,1301,S,FIGUEROA,ST,90015,Bud Light entry archway,South Exhibit Hall,ANHEUSER-BUSCH SAMCOM BUD LIGHT,2026-01-21T00:00:00.000,2026-01-22T00:00:00.000,"{'latitude': '34.04058', 'longitude': '-118.26853', 'human_address': '{""address"": """", ""city"": """", ""state"": """", ""zip"": """"}'}",V03,LA Convention Center (Halls 1-3),190.2,34.04058,-118.26853,LADBS Building and Safety Temporary Special Event (TSE) Permits,
254109000002021,Temporary Special Event,Commercial,1301,1301,S,FIGUEROA,ST,90015,Mango Cart,South Exhibit Hall,ANHEUSER-BUSCH SAMCOM MANGO CART,2026-01-21T00:00:00.000,2026-01-22T00:00:00.000,"{'latitude': '34.04058', 'longitude': '-118.26853', 'human_address': '{""address"": """", ""city"": """", ""state"": """", ""zip"": """"}'}",V03,LA Convention Center (Halls 1-3),190.2,34.04058,-118.26853,LADBS Building and Safety Temporary Special Event (TSE) Permits,
254109000001956,Temporary Special Event,Commercial,1301,1301,S,FIGUEROA,ST,90015,Busch Light Silo,South Exhibit Hall,ANHEUSER-BUSCH SAMCOM BUSCH LIGHT,2026-01-21T00:00:00.000,2026-01-22T00:00:00.000,"{'latitude': '34.04058', 'longitude': '-118.26853', 'human_address': '{""address"": """", ""city"": """", ""state"": """", ""zip"": """"}'}",V03,LA Convention Center (Halls 1-3),190.2,34.04058,-118.26853,LADBS Building and Safety Temporary Special Event (TSE) Permits,
254109000001964,Temporary Special Event,Commercial,1301,1301,S,FIGUEROA,ST,90015,Cutwater Cinco House,South Exhibit Hall,ANHEUSER-BUSCH SAMCOM CUTWATER,2026-01-21T00:00:00.000,2026-01-22T00:00:00.000,"{'latitude': '34.04058', 'longitude': '-118.26853', 'human_address': '{""address"": """", ""city"": """", ""state"": """", ""zip"": """"}'}",V03,LA Convention Center (Halls 1-3),190.2,34.04058,-118.26853,LADBS Building and Safety Temporary Special Event (TSE) Permits,
254109000002009,Temporary Special Event,Commercial,1301,1301,S,FIGUEROA,ST,90015,Cutwater Matrix Structure,South Exhibit Hall,ANHEUSER-BUSCH SAMCOM CUTWATER,2026-01-21T00:00:00.000,2026-01-22T00:00:00.000,"{'latitude': '34.04058', 'longitude': '-118.26853', 'human_address': '{""address"": """", ""city"": """", ""state"": """", ""zip"": """"}'}",V03,LA Convention Center (Halls 1-3),190.2,34.04058,-118.26853,LADBS Building and Safety Temporary Special Event (TSE) Permits,
254109000002068,Temporary Special Event,Commercial,1301,1301,S,FIGUEROA,ST,90015,Phorm Convenience Store,South Exhibit Hall,ANHEUSER-BUSCH SAMCOM PHORM,2026-01-21T00:00:00.000,2026-01-22T00:00:00.000,"{'latitude': '34.04058', 'longitude': '-118.26853', 'human_address': '{""address"": """", ""city"": """", ""state"": """", ""zip"": """"}'}",V03,LA Convention Center (Halls 1-3),190.2,34.04058,-118.26853,LADBS Building and Safety Temporary Special Event (TSE) Permits,
254109000001966,Temporary Special Event,Commercial,1301,1301,S,FIGUEROA,ST,90015,Phorm LED Wall Surround,South Exhibit Hall,ANHEUSER-BUSCH SAMCOM PHORM,2026-01-21T00:00:00.000,2026-01-22T00:00:00.000,"{'latitude': '34.04058', 'longitude': '-118.26853', 'human_address': '{""address"": """", ""city"": """", ""state"": """", ""zip"": """"}'}",V03,LA Convention Center (Halls 1-3),190.2,34.04058,-118.26853,LADBS Building and Safety Temporary Special Event (TSE) Permits,
264109000000020,Temporary Special Event,Commercial,1301,1301,S,FIGUEROA,ST,90015,"Temporary buildup of a 48"" tall wooden skateboard ramp.  Tyler (OC Ram",KONA Booth 350 - Skateboard Ramp - South Halls G/H/J/K,SAMCOM 2026,2026-01-21T00:00:00.000,2026-01-23T00:00:00.000,"{'latitude': '34.04058', 'longitude': '-118.26853', 'human_address': '{""address"": """", ""city"": """", ""state"": """", ""zip"": """"}'}",V03,LA Convention Center (Halls 1-3),190.2,34.04058,-118.26853,LADBS Building and Safety Temporary Special Event (TSE) Permits,
254109000001960,Temporary Special Event,Commercial,650,650,W,USC MC CARTHY,WAY,90089,40x30' tent and 7x12 Raised stage area,McCarthy Quad South Inlet Concrete Pad,JUST ASK MEN (J.A.M.),2026-01-21T00:00:00.000,2026-01-21T00:00:00.000,"{'latitude': '34.02117', 'longitude': '-118.2829', 'human_address': '{""address"": """", ""city"": """", ""state"": """", ""zip"": """"}'}",V07,Galen Center (USC),267.9,34.02117,-118.2829,LADBS Building and Safety Temporary Special Event (TSE) Permits,
254109000001979,Temporary Special Event,Commercial,1301,1301,S,FIGUEROA,ST,90015,Ritas and Hoop Tea,South Exhibit Hall,ANHEUSER-BUSCH SAMCOM RITAS HOOP TEA,2026-01-21T00:00:00.000,2026-01-22T00:00:00.000,"{'latitude': '34.04058', 'longitude': '-118.26853', 'human_address': '{""address"": """", ""city"": """", ""state"": """", ""zip"": """"}'}",V03,LA Convention Center (Halls 1-3),190.2,34.04058,-118.26853,LADBS Building and Safety Temporary Special Event (TSE) Permits,
264109000000043,Temporary Special Event,Commercial,1301,1301,S,FIGUEROA,ST,90015,structural calculations and stamped plans for a 4ft tall wooden skateb,KONA Big Wave trade booth skateboard ramp,KONA BIG WAVE SAMCOM 2026,2026-01-21T00:00:00.000,2026-01-23T00:00:00.000,"{'latitude': '34.04058', 'longitude': '-118.26853', 'human_address': '{""address"": """", ""city"": """", ""state"": """", ""zip"": """"}'}",V03,LA Convention Center (Halls 1-3),190.2,34.04058,-118.26853,LADBS Building and Safety Temporary Special Event (TSE) Permits,
264109000000004,Temporary Special Event,Commercial,1301,1301,S,FIGUEROA,ST,90015,SIGN POST,,ELYSIAN BOOTH,2026-01-21T00:00:00.000,2026-01-22T00:00:00.000,"{'latitude': '34.04058', 'longitude': '-118.26853', 'human_address': '{""address"": """", ""city"": """", ""state"": """", ""zip"": """"}'}",V03,LA Convention Center (Halls 1-3),190.2,34.04058,-118.26853,LADBS Building and Safety Temporary Special Event (TSE) Permits,
254109000001995,Temporary Special Event,Commercial,1301,1301,S,FIGUEROA,ST,90015,Global Stability Review,Los Angeles Convention Center,ANHEUSER BUSCH - BUD LIGHT CONTAINER BAR,2026-01-20T00:00:00.000,2026-01-22T00:00:00.000,"{'latitude': '34.04058', 'longitude': '-118.26853', 'human_address': '{""address"": """", ""city"": """", ""state"": """", ""zip"": """"}'}",V03,LA Convention Center (Halls 1-3),190.2,34.04058,-118.26853,LADBS Building and Safety Temporary Special Event (TSE) Permits,
264109000000001,Temporary Special Event,Commercial,1301,1301,S,FIGUEROA,ST,90015,"Truss building, with set flats attached to truss build all under 10ft",,SAMCOM IMMERSION 2026,2026-01-20T00:00:00.000,2026-01-20T00:00:00.000,"{'latitude': '34.04058', 'longitude': '-118.26853', 'human_address': '{""address"": """", ""city"": """", ""state"": """", ""zip"": """"}'}",V03,LA Convention Center (Halls 1-3),190.2,34.04058,-118.26853,LADBS Building and Safety Temporary Special Event (TSE) Permits,
254109000002013,Temporary Special Event,Commercial,1301,1301,S,FIGUEROA,ST,90015,Permit application for the Michelob ULTRA booth at SAMCOM 2026 for str,,MICHELOB ULTRA - SAMCOM 2026 - HALL G-J,2026-01-20T00:00:00.000,2026-01-22T00:00:00.000,"{'latitude': '34.04058', 'longitude': '-118.26853', 'human_address': '{""address"": """", ""city"": """", ""state"": """", ""zip"": """"}'}",V03,LA Convention Center (Halls 1-3),190.2,34.04058,-118.26853,LADBS Building and Safety Temporary Special Event (TSE) Permits,
254109000001994,Temporary Special Event,Commercial,1301,1301,S,FIGUEROA,ST,90015,Global Stability Review,Los Angeles Convention Center,ANHEUSER BUSCH - BUD LIGHT MACRO TRAILER,2026-01-20T00:00:00.000,2026-01-22T00:00:00.000,"{'latitude': '34.04058', 'longitude': '-118.26853', 'human_address': '{""address"": """", ""city"": """", ""state"": """", ""zip"": """"}'}",V03,LA Convention Center (Halls 1-3),190.2,34.04058,-118.26853,LADBS Building and Safety Temporary Special Event (TSE) Permits,
254109000002002,Temporary Special Event,Commercial,1301,1301,S,FIGUEROA,ST,90015,Global Stability Review,Los Angeles Convention Center,ANHEUSER BUSCH - KONA CONTAINER 2,2026-01-20T00:00:00.000,2026-01-22T00:00:00.000,"{'latitude': '34.04058', 'longitude': '-118.26853', 'human_address': '{""address"": """", ""city"": """", ""state"": """", ""zip"": """"}'}",V03,LA Convention Center (Halls 1-3),190.2,34.04058,-118.26853,LADBS Building and Safety Temporary Special Event (TSE) Permits,
254109000001999,Temporary Special Event,Commercial,1301,1301,S,FIGUEROA,ST,90015,Global Stability Review,Los Angeles Convention Center,ANHEUSER BUSCH - BUD LIGHT KEG WALL BACK,2026-01-20T00:00:00.000,2026-01-22T00:00:00.000,"{'latitude': '34.04058', 'longitude': '-118.26853', 'human_address': '{""address"": """", ""city"": """", ""state"": """", ""zip"": """"}'}",V03,LA Convention Center (Halls 1-3),190.2,34.04058,-118.26853,LADBS Building and Safety Temporary Special Event (TSE) Permits,
264109000000030,Temporary Special Event,Commercial,1301,1301,S,FIGUEROA,ST,90015,This is a revised permit application per a phone call with Felix on 1.,,MICHELOB ULTRA - SAMCOM 2026 - HALL G-J,2026-01-20T00:00:00.000,2026-01-22T00:00:00.000,"{'latitude': '34.04058', 'longitude': '-118.26853', 'human_address': '{""address"": """", ""city"": """", ""state"": """", ""zip"": """"}'}",V03,LA Convention Center (Halls 1-3),190.2,34.04058,-118.26853,LADBS Building and Safety Temporary Special Event (TSE) Permits,
264109000000039,Temporary Special Event,Commercial,3000,3000,S,HOOVER,ST,90007,Temporary Tent 2-10x15  Town & Country,Pool area,USC WOMEN'S,2026-01-17T00:00:00.000,2026-01-17T00:00:00.000,"{'latitude': '34.02712', 'longitude': '-118.28376', 'human_address': '{""address"": """", ""city"": """", ""state"": """", ""zip"": """"}'}",V07,Galen Center (USC),763.7,34.02712,-118.28376,LADBS Building and Safety Temporary Special Event (TSE) Permits,
254109000002058,Temporary Special Event,Commercial,777,777,W,CHICK HEARN,CT,90015,Temporary Tents  2-10x27 & 2 18x27  Bright Rentals,Peacock plaza,LA RINK,2025-12-31T00:00:00.000,2026-01-06T00:00:00.000,"{'latitude': '34.04406', 'longitude': '-118.26707', 'human_address': '{""address"": """", ""city"": """", ""state"": """", ""zip"": """"}'}",V04,Peacock Theater,51.4,34.04406,-118.26707,LADBS Building and Safety Temporary Special Event (TSE) Permits,
254109000002046,Temporary Special Event,Commercial,777,777,W,CHICK HEARN,CT,90015,Temporary Tents  2-18x28 2-10x27  Bright rentals,peacock,ICE RINK,2025-12-24T00:00:00.000,2025-12-30T00:00:00.000,"{'latitude': '34.04406', 'longitude': '-118.26707', 'human_address': '{""address"": """", ""city"": """", ""state"": """", ""zip"": """"}'}",V04,Peacock Theater,51.4,34.04406,-118.26707,LADBS Building and Safety Temporary Special Event (TSE) Permits,
254109000002003,Temporary Special Event,Commercial,4124,4124,S,BROADWAY,,90037,20x50 Canopy,,EVENTO CULTURAL,2025-12-13T00:00:00.000,2025-12-14T00:00:00.000,"{'latitude': '34.00853', 'longitude': '-118.27813', 'human_address': '{""address"": """", ""city"": """", ""state"": """", ""zip"": """"}'}",V06,Exposition Park Stadium (BMO Stadium),762.3,34.00853,-118.27813,LADBS Building and Safety Temporary Special Event (TSE) Permits,
254109000001984,Temporary Special Event,Commercial,665,665,W,JEFFERSON,BLVD,90007,Two tents in front of Shrine Auditorium for pre-event reception. Truss,On Royal St. in front of Shrine Auditorium,NEW YEARS 2025,2025-12-13T00:00:00.000,2025-12-13T00:00:00.000,"{'latitude': '34.02302', 'longitude': '-118.28206', 'human_address': '{""address"": """", ""city"": """", ""state"": """", ""zip"": """"}'}",V07,Galen Center (USC),294.1,34.02302,-118.28206,LADBS Building and Safety Temporary Special Event (TSE) Permits,
254109000001931,Temporary Special Event,Commercial,777,777,W,CHICK HEARN,CT,90015,There will be a themed statue erected for display through the week. Th,The Game Awards 2025,TGA25 ACTIVATION,2025-12-08T00:00:00.000,2025-12-12T00:00:00.000,"{'latitude': '34.04406', 'longitude': '-118.26707', 'human_address': '{""address"": """", ""city"": """", ""state"": """", ""zip"": """"}'}",V04,Peacock Theater,51.4,34.04406,-118.26707,LADBS Building and Safety Temporary Special Event (TSE) Permits,
254109000001932,Temporary Special Event,Apartment,642,642,W,28TH,ST,90007,Temporary platforms for elevated standing,Courtyard of Property,PIKEMAS,2025-12-03T00:00:00.000,2025-12-09T00:00:00.000,"{'latitude': '34.02663', 'longitude': '-118.27884', 'human_address': '{""address"": """", ""city"": """", ""state"": """", ""zip"": """"}'}",V07,Galen Center (USC),635.1,34.02663,-118.27884,LADBS Building and Safety Temporary Special Event (TSE) Permits,
254109000001941,Temporary Special Event,Commercial,777,777,W,CHICK HEARN,CT,90015,Temporary Tents  2-10x27 & 2-18x27  Bright Rentals,Peacock Plaza,ICE RINK,2025-12-02T00:00:00.000,2025-12-08T00:00:00.000,"{'latitude': '34.04406', 'longitude': '-118.26707', 'human_address': '{""address"": """", ""city"": """", ""state"": """", ""zip"": """"}'}",V04,Peacock Theater,51.4,34.04406,-118.26707,LADBS Building and Safety Temporary Special Event (TSE) Permits,
254109000001881,Temporary Special Event,Commercial,919,919,S,ALBANY,ST,90015,Temporary Tent awards and swearing ceremony  50x100 for 540 Guest  12/,Basketball court,ACADEMIC AWARDS,2025-12-01T00:00:00.000,2025-12-01T00:00:00.000,"{'latitude': '34.04913', 'longitude': '-118.27045', 'human_address': '{""address"": """", ""city"": """", ""state"": """", ""zip"": """"}'}",V04,Peacock Theater,609.9,34.04913,-118.27045,LADBS Building and Safety Temporary Special Event (TSE) Permits,
254109000001918,Temporary Special Event,Commercial,3911,3911,S,FIGUEROA,ST,90037,Tenting 4 10x10 10x20 15x15 20x20 10x20 20x35  Bryan Phelps 310 755 04,Xmas tree lane,FAN FEST,2025-11-29T00:00:00.000,2025-11-29T00:00:00.000,"{'latitude': '34.01366', 'longitude': '-118.28294', 'human_address': '{""address"": """", ""city"": """", ""state"": """", ""zip"": """"}'}",V06,Exposition Park Stadium (BMO Stadium),180.4,34.01366,-118.28294,LADBS Building and Safety Temporary Special Event (TSE) Permits,
254109000001910,Temporary Special Event,Commercial,3911,3911,S,FIGUEROA,ST,90037,24'x12'x4' stage on South Peristyle inside LA Coliseum,24'x12'x4' stage on South Peristyle inside LA Coliseum,USC VS UCLA,2025-11-29T00:00:00.000,2025-11-29T00:00:00.000,"{'latitude': '34.01366', 'longitude': '-118.28294', 'human_address': '{""address"": """", ""city"": """", ""state"": """", ""zip"": """"}'}",V06,Exposition Park Stadium (BMO Stadium),180.4,34.01366,-118.28294,LADBS Building and Safety Temporary Special Event (TSE) Permits,
254109000001790,Temporary Special Event,Commercial,1301,1301,S,FIGUEROA,ST,90015,Structural Engineering stamps for Ford display properties.,LACC - West Hall,EWI FORD BOOTH,2025-11-28T00:00:00.000,2025-11-30T00:00:00.000,"{'latitude': '34.04058', 'longitude': '-118.26853', 'human_address': '{""address"": """", ""city"": """", ""state"": """", ""zip"": """"}'}",V03,LA Convention Center (Halls 1-3),190.2,34.04058,-118.26853,LADBS Building and Safety Temporary Special Event (TSE) Permits,
254109000001793,Temporary Special Event,Commercial,1301,1301,S,FIGUEROA,ST,90015,Structural Engineering stamps for Lincoln display properties,LACC - South Hall,EWI LINCOLN BOOTH,2025-11-28T00:00:00.000,2025-11-30T00:00:00.000,"{'latitude': '34.04058', 'longitude': '-118.26853', 'human_address': '{""address"": """", ""city"": """", ""state"": """", ""zip"": """"}'}",V03,LA Convention Center (Halls 1-3),190.2,34.04058,-118.26853,LADBS Building and Safety Temporary Special Event (TSE) Permits,
254109000001863,Temporary Special Event,Commercial,1111,1111,S,FIGUEROA,ST,90015,Installing temporary 2-point camera system in arena,will resend survey on email for location.  will also send engineering next wk,AMAZON PRIME / NBA,2025-11-28T00:00:00.000,2025-11-28T00:00:00.000,"{'latitude': '34.04338', 'longitude': '-118.26581', 'human_address': '{""address"": """", ""city"": """", ""state"": """", ""zip"": """"}'}",V02,DTLA Arena (Crypto.com Arena),131.8,34.04338,-118.26581,LADBS Building and Safety Temporary Special Event (TSE) Permits,
254109000001686,Temporary Special Event,Commercial,1301,1301,S,FIGUEROA,ST,90015,Backwall 20ft tall. Aluminum tubes and baseplates. Includes SEG graphi,"LAAC South Hall
VW Booth
Booth n. S-326",VW MAIN BOOTH - PERMIT 2,2025-11-27T00:00:00.000,2025-11-30T00:00:00.000,"{'latitude': '34.04058', 'longitude': '-118.26853', 'human_address': '{""address"": """", ""city"": """", ""state"": """", ""zip"": """"}'}",V03,LA Convention Center (Halls 1-3),190.2,34.04058,-118.26853,LADBS Building and Safety Temporary Special Event (TSE) Permits,
254109000001771,Temporary Special Event,Commercial,1301,1301,S,FIGUEROA,ST,90015,Civil,LACC South Hall,LUCID MOTORS - BOOTH S-231,2025-11-27T00:00:00.000,2025-12-01T00:00:00.000,"{'latitude': '34.04058', 'longitude': '-118.26853', 'human_address': '{""address"": """", ""city"": """", ""state"": """", ""zip"": """"}'}",V03,LA Convention Center (Halls 1-3),190.2,34.04058,-118.26853,LADBS Building and Safety Temporary Special Event (TSE) Permits,
254109000001805,Temporary Special Event,Commercial,1301,1301,S,FIGUEROA,ST,90015,A review was performed on a temporary aluminum truss structure for use,"GILBERT LINDSAY PLAZA, BOOTH TD-05, OUTDOORS",SCOUT MOTORS-TRUSS STRUCTURE BUILD,2025-11-27T00:00:00.000,2025-11-30T00:00:00.000,"{'latitude': '34.04058', 'longitude': '-118.26853', 'human_address': '{""address"": """", ""city"": """", ""state"": """", ""zip"": """"}'}",V03,LA Convention Center (Halls 1-3),190.2,34.04058,-118.26853,LADBS Building and Safety Temporary Special Event (TSE) Permits,
254109000001748,Temporary Special Event,Commercial,1301,1301,S,FIGUEROA,ST,90015,Camp Jeep LA Auto Show #2,,CAMP JEEP BOOTH LA AUTO #2,2025-11-26T00:00:00.000,2025-11-30T00:00:00.000,"{'latitude': '34.04058', 'longitude': '-118.26853', 'human_address': '{""address"": """", ""city"": """", ""state"": """", ""zip"": """"}'}",V03,LA Convention Center (Halls 1-3),190.2,34.04058,-118.26853,LADBS Building and Safety Temporary Special Event (TSE) Permits,
254109000001880,Temporary Special Event,Commercial,3911,3911,S,FIGUEROA,ST,90037,Temporary Tent fpor camera Shade 10x30  Bryan Phleps 310 755 0463,West end of stadium,CAMERA TENT,2025-11-26T00:00:00.000,2025-12-02T00:00:00.000,"{'latitude': '34.01366', 'longitude': '-118.28294', 'human_address': '{""address"": """", ""city"": """", ""state"": """", ""zip"": """"}'}",V06,Exposition Park Stadium (BMO Stadium),180.4,34.01366,-118.28294,LADBS Building and Safety Temporary Special Event (TSE) Permits,
254109000001770,Temporary Special Event,Commercial,1301,1301,S,FIGUEROA,ST,90015,Senior Structural Engineer,South hall; Second week of event,LA AUTO SHOW- NISSAN,2025-11-26T00:00:00.000,2025-11-30T00:00:00.000,"{'latitude': '34.04058', 'longitude': '-118.26853', 'human_address': '{""address"": """", ""city"": """", ""state"": """", ""zip"": """"}'}",V03,LA Convention Center (Halls 1-3),190.2,34.04058,-118.26853,LADBS Building and Safety Temporary Special Event (TSE) Permits,
254109000001882,Temporary Special Event,Commercial,1301,1301,S,FIGUEROA,ST,90015,CPA INFLATABLE - FIG DRIVE,LA AUTO SHOW FIG DR CPA INFLATABLE,LA AUTO SHOW 2025,2025-11-22T00:00:00.000,2025-11-28T00:00:00.000,"{'latitude': '34.04058', 'longitude': '-118.26853', 'human_address': '{""address"": """", ""city"": """", ""state"": """", ""zip"": """"}'}",V03,LA Convention Center (Halls 1-3),190.2,34.04058,-118.26853,LADBS Building and Safety Temporary Special Event (TSE) Permits,
254109000001789,Temporary Special Event,Commercial,1301,1301,S,FIGUEROA,ST,90015,Structural Engineering stamps for display properties,LACC - West Hall,EWI FORD BOOTH,2025-11-21T00:00:00.000,2025-11-27T00:00:00.000,"{'latitude': '34.04058', 'longitude': '-118.26853', 'human_address': '{""address"": """", ""city"": """", ""state"": """", ""zip"": """"}'}",V03,LA Convention Center (Halls 1-3),190.2,34.04058,-118.26853,LADBS Building and Safety Temporary Special Event (TSE) Permits,
254109000001792,Temporary Special Event,Commercial,1301,1301,S,FIGUEROA,ST,90015,Structural engineering stamps for Lincoln display properties.,LACC - South Hall,EWI LINCOLN BOOTH,2025-11-21T00:00:00.000,2025-11-27T00:00:00.000,"{'latitude': '34.04058', 'longitude': '-118.26853', 'human_address': '{""address"": """", ""city"": """", ""state"": """", ""zip"": """"}'}",V03,LA Convention Center (Halls 1-3),190.2,34.04058,-118.26853,LADBS Building and Safety Temporary Special Event (TSE) Permits,
254109000001751,Temporary Special Event,Commercial,1301,1301,S,FIGUEROA,ST,90015,Structural construction of 18' pylon/towers,LACC South Hall,VOLVO- 18' PYLONS,2025-11-20T00:00:00.000,2025-11-26T00:00:00.000,"{'latitude': '34.04058', 'longitude': '-118.26853', 'human_address': '{""address"": """", ""city"": """", ""state"": """", ""zip"": """"}'}",V03,LA Convention Center (Halls 1-3),190.2,34.04058,-118.26853,LADBS Building and Safety Temporary Special Event (TSE) Permits,
254109000001769,Temporary Special Event,Commercial,1301,1301,S,FIGUEROA,ST,90015,Senior Structural Engineer,South Hall,GEORGE P. JOHNSON - NISSAN BOOTH,2025-11-20T00:00:00.000,2025-11-26T00:00:00.000,"{'latitude': '34.04058', 'longitude': '-118.26853', 'human_address': '{""address"": """", ""city"": """", ""state"": """", ""zip"": """"}'}",V03,LA Convention Center (Halls 1-3),190.2,34.04058,-118.26853,LADBS Building and Safety Temporary Special Event (TSE) Permits,
254109000001685,Temporary Special Event,Commercial,1301,1301,S,FIGUEROA,ST,90015,Backwall 20ft tall. Aluminum tubes and baseplates. Includes SEG graphi,"LAAC South Hall
VW Booth
Booth S-326",VW MAIN BOOTH - PERMIT 1,2025-11-20T00:00:00.000,2025-11-26T00:00:00.000,"{'latitude': '34.04058', 'longitude': '-118.26853', 'human_address': '{""address"": """", ""city"": """", ""state"": """", ""zip"": """"}'}",V03,LA Convention Center (Halls 1-3),190.2,34.04058,-118.26853,LADBS Building and Safety Temporary Special Event (TSE) Permits,
254109000001772,Temporary Special Event,Commercial,1301,1301,S,FIGUEROA,ST,90015,Civil,LACC South Hall,LUCID MOTORS - BOOTH S-231,2025-11-20T00:00:00.000,2025-11-26T00:00:00.000,"{'latitude': '34.04058', 'longitude': '-118.26853', 'human_address': '{""address"": """", ""city"": """", ""state"": """", ""zip"": """"}'}",V03,LA Convention Center (Halls 1-3),190.2,34.04058,-118.26853,LADBS Building and Safety Temporary Special Event (TSE) Permits,
254109000001890,Temporary Special Event,Commercial,1301,1301,S,FIGUEROA,ST,90015,Structural Engineer,,LA AUTO SHOW- STELLANTIS,2025-11-20T00:00:00.000,2025-11-26T00:00:00.000,"{'latitude': '34.04058', 'longitude': '-118.26853', 'human_address': '{""address"": """", ""city"": """", ""state"": """", ""zip"": """"}'}",V03,LA Convention Center (Halls 1-3),190.2,34.04058,-118.26853,LADBS Building and Safety Temporary Special Event (TSE) Permits,
254109000001711,Temporary Special Event,Commercial,1301,1301,S,FIGUEROA,ST,90015,Engineer Professional,"Onsite contact Bobby Sterwerf, 678-859-0443",LA AUTO SHOW 2025,2025-11-20T00:00:00.000,2025-11-26T00:00:00.000,"{'latitude': '34.04058', 'longitude': '-118.26853', 'human_address': '{""address"": """", ""city"": """", ""state"": """", ""zip"": """"}'}",V03,LA Convention Center (Halls 1-3),190.2,34.04058,-118.26853,LADBS Building and Safety Temporary Special Event (TSE) Permits,
254109000001806,Temporary Special Event,Commercial,1301,1301,S,FIGUEROA,ST,90015,A review was performed on a temporary aluminum truss structure for use,"GILBERT LINDSAY PLAZA, BOOTH TD-05, OUTDOORS",SCOUT MOTORS-TRUSS STRUCTURE BUILD,2025-11-20T00:00:00.000,2025-11-26T00:00:00.000,"{'latitude': '34.04058', 'longitude': '-118.26853', 'human_address': '{""address"": """", ""city"": """", ""state"": """", ""zip"": """"}'}",V03,LA Convention Center (Halls 1-3),190.2,34.04058,-118.26853,LADBS Building and Safety Temporary Special Event (TSE) Permits,
254109000001693,Temporary Special Event,Commercial,1301,1301,S,FIGUEROA,ST,90015,Temporary Walls & Structures,Back of Chevrolet Booth #S-321 South Hall,CHEVY WALLS,2025-11-17T00:00:00.000,2025-11-23T00:00:00.000,"{'latitude': '34.04058', 'longitude': '-118.26853', 'human_address': '{""address"": """", ""city"": """", ""state"": """", ""zip"": """"}'}",V03,LA Convention Center (Halls 1-3),190.2,34.04058,-118.26853,LADBS Building and Safety Temporary Special Event (TSE) Permits,
254109000001857,Temporary Special Event,Commercial,3911,3911,S,FIGUEROA,ST,90037,Temporary Tents  Gate 19 -10x20 10x30 10x50  Gate 28 3-10x15 20x40 30x,Inside stadium,PRODUCTION TENTS,2025-11-15T00:00:00.000,2025-11-15T00:00:00.000,"{'latitude': '34.01366', 'longitude': '-118.28294', 'human_address': '{""address"": """", ""city"": """", ""state"": """", ""zip"": """"}'}",V06,Exposition Park Stadium (BMO Stadium),180.4,34.01366,-118.28294,LADBS Building and Safety Temporary Special Event (TSE) Permits,
254109000001866,Temporary Special Event,Commercial,700,700,W,EXPOSITION PARK,DR,90007,Temporary Tents  30x230 10x20 50x100 50x90 & 30x30  Town & Country  Br,South lawn,SOUTH LAWN,2025-11-15T00:00:00.000,2025-11-15T00:00:00.000,"{'latitude': '34.01561', 'longitude': '-118.28665', 'human_address': '{""address"": """", ""city"": """", ""state"": """", ""zip"": """"}'}",V05,LA Memorial Coliseum,203.6,34.01561,-118.28665,LADBS Building and Safety Temporary Special Event (TSE) Permits,
254109000001855,Temporary Special Event,Commercial,3911,3911,S,FIGUEROA,ST,90037,Temporary Tent  10x10 10x20 15x15 20x20 10x20 2-10x10 20x35  Town & Co,Xmas Tree Lane,FAN FEST,2025-11-15T00:00:00.000,2025-11-15T00:00:00.000,"{'latitude': '34.01366', 'longitude': '-118.28294', 'human_address': '{""address"": """", ""city"": """", ""state"": """", ""zip"": """"}'}",V06,Exposition Park Stadium (BMO Stadium),180.4,34.01366,-118.28294,LADBS Building and Safety Temporary Special Event (TSE) Permits,
254109000001856,Temporary Special Event,Commercial,700,700,W,EXPOSITION PARK,DR,90007,Temporary Tents   1 10x20 5 20x20  Town & country  Bryan Phelps 310 75,South lawn,SOUTHLAWN TAILGATE,2025-11-15T00:00:00.000,2025-11-15T00:00:00.000,"{'latitude': '34.01561', 'longitude': '-118.28665', 'human_address': '{""address"": """", ""city"": """", ""state"": """", ""zip"": """"}'}",V05,LA Memorial Coliseum,203.6,34.01561,-118.28665,LADBS Building and Safety Temporary Special Event (TSE) Permits,
254109000001783,Temporary Special Event,Commercial,3911,3911,S,FIGUEROA,ST,90037,Temporary Structures  FIELD 30'X148'  Gate 19 19'x39 & 49'x82'  Shelte,Field suites,FIELD SUITES,2025-11-14T00:00:00.000,2025-11-20T00:00:00.000,"{'latitude': '34.01366', 'longitude': '-118.28294', 'human_address': '{""address"": """", ""city"": """", ""state"": """", ""zip"": """"}'}",V06,Exposition Park Stadium (BMO Stadium),180.4,34.01366,-118.28294,LADBS Building and Safety Temporary Special Event (TSE) Permits,
254109000001785,Temporary Special Event,Commercial,3911,3911,S,FIGUEROA,ST,90037,Tenting 10x30 camera tent west end of stadium,,CAMERA TENT,2025-11-12T00:00:00.000,2025-11-18T00:00:00.000,"{'latitude': '34.01366', 'longitude': '-118.28294', 'human_address': '{""address"": """", ""city"": """", ""state"": """", ""zip"": """"}'}",V06,Exposition Park Stadium (BMO Stadium),180.4,34.01366,-118.28294,LADBS Building and Safety Temporary Special Event (TSE) Permits,
254109000001744,Temporary Special Event,Commercial,777,777,W,CHICK HEARN,CT,90015,Existing tent 140x300 Rigging lights to the beams,Event deck,ROCK & ROLL HALL OF FAME,2025-11-08T00:00:00.000,2025-11-08T00:00:00.000,"{'latitude': '34.04406', 'longitude': '-118.26707', 'human_address': '{""address"": """", ""city"": """", ""state"": """", ""zip"": """"}'}",V04,Peacock Theater,51.4,34.04406,-118.26707,LADBS Building and Safety Temporary Special Event (TSE) Permits,
254109000001660,Temporary Special Event,Commercial,777,777,W,CHICK HEARN,CT,90015,Inspection of Spider cam and bleachers located on the Peacock Theater,Inspection of Spider Cam inside Peacock and tents on Chick hearn and Georgia.,2025 RRHOF,2025-11-08T00:00:00.000,2025-11-08T00:00:00.000,"{'latitude': '34.04406', 'longitude': '-118.26707', 'human_address': '{""address"": """", ""city"": """", ""state"": """", ""zip"": """"}'}",V04,Peacock Theater,51.4,34.04406,-118.26707,LADBS Building and Safety Temporary Special Event (TSE) Permits,51B
254109000001775,Temporary Special Event,Commercial,3911,3911,S,FIGUEROA,ST,90037,Tenting  1-4 10x10 1-10x20 15x15 1-20x20  1-10x20 1-20x35  Town & coun,X mass Tree Lane,FAN FEST,2025-11-07T00:00:00.000,2025-11-07T00:00:00.000,"{'latitude': '34.01366', 'longitude': '-118.28294', 'human_address': '{""address"": """", ""city"": """", ""state"": """", ""zip"": """"}'}",V06,Exposition Park Stadium (BMO Stadium),180.4,34.01366,-118.28294,LADBS Building and Safety Temporary Special Event (TSE) Permits,
254109000001743,Temporary Special Event,Commercial,3911,3911,S,FIGUEROA,ST,90037,Temporary Tent  15x30  Town & Country,Players tunel,FIELD TENT,2025-11-07T00:00:00.000,2025-11-13T00:00:00.000,"{'latitude': '34.01366', 'longitude': '-118.28294', 'human_address': '{""address"": """", ""city"": """", ""state"": """", ""zip"": """"}'}",V06,Exposition Park Stadium (BMO Stadium),180.4,34.01366,-118.28294,LADBS Building and Safety Temporary Special Event (TSE) Permits,
254109000001745,Temporary Special Event,Commercial,3551,3551,S,TROUSDALE,PKWY,90089,Tenting 30x75 10x15 8x42 8x12  Town & country  Sue Nega 818 439 4608,Founder's park,USC ASSOCIATES,2025-11-07T00:00:00.000,2025-11-07T00:00:00.000,"{'latitude': '34.02066', 'longitude': '-118.28531', 'human_address': '{""address"": """", ""city"": """", ""state"": """", ""zip"": """"}'}",V07,Galen Center (USC),490.8,34.02066,-118.28531,LADBS Building and Safety Temporary Special Event (TSE) Permits,
254109000001799,Temporary Special Event,Commercial,700,700,W,EXPOSITION PARK,DR,90007,Temporary Tents  Souht lawn for revel XP 6 10X10 2-10X20 3 -20X20 1 58,South Lawn,REVEL XP & SOUTH LAWN,2025-11-07T00:00:00.000,2025-11-07T00:00:00.000,"{'latitude': '34.01561', 'longitude': '-118.28665', 'human_address': '{""address"": """", ""city"": """", ""state"": """", ""zip"": """"}'}",V05,LA Memorial Coliseum,203.6,34.01561,-118.28665,LADBS Building and Safety Temporary Special Event (TSE) Permits,
254109000001739,Temporary Special Event,Commercial,3911,3911,S,FIGUEROA,ST,90037,Installation of Flying Camera System into LA Mem Col (LAMC) - ATTN: Fe,Flying Camera system attached to four light standards surrounding the LAMC.,USC VS NORTHWESTERN,2025-11-06T00:00:00.000,2025-11-12T00:00:00.000,"{'latitude': '34.01366', 'longitude': '-118.28294', 'human_address': '{""address"": """", ""city"": """", ""state"": """", ""zip"": """"}'}",V06,Exposition Park Stadium (BMO Stadium),180.4,34.01366,-118.28294,LADBS Building and Safety Temporary Special Event (TSE) Permits,
254109000001759,Temporary Special Event,Commercial,3911,3911,S,FIGUEROA,ST,90037,Tenting 20x30 kitchen tent  A1 Party,On the field.,FIELD KITCHEN,2025-11-05T00:00:00.000,2025-11-11T00:00:00.000,"{'latitude': '34.01366', 'longitude': '-118.28294', 'human_address': '{""address"": """", ""city"": """", ""state"": """", ""zip"": """"}'}",V06,Exposition Park Stadium (BMO Stadium),180.4,34.01366,-118.28294,LADBS Building and Safety Temporary Special Event (TSE) Permits,
254109000001498,Temporary Special Event,Public Way,1800,1800,S,OCEAN FRONT,WALK,90291,ONE DAY LIVE JAZZ MUSIC FESTIVAL,VENICE BEACH RECREATIONAL PARK,AZZ-IS JAZZ FEST,2025-11-01T00:00:00.000,2025-11-01T00:00:00.000,"{'latitude': '33.98581', 'longitude': '-118.47284', 'human_address': '{""address"": """", ""city"": """", ""state"": """", ""zip"": """"}'}",V14,Venice Beach Boardwalk,92.7,33.98581,-118.47284,LADBS Building and Safety Temporary Special Event (TSE) Permits,
254109000001727,Temporary Special Event,Commercial,3911,3911,S,FIGUEROA,ST,90037,Temporary structures  Field 30x148  Gate 19 19'x39 49'x82  Shelter Str,Field & Gate 19,USC SUITES,2025-11-01T00:00:00.000,2025-11-07T00:00:00.000,"{'latitude': '34.01366', 'longitude': '-118.28294', 'human_address': '{""address"": """", ""city"": """", ""state"": """", ""zip"": """"}'}",V06,Exposition Park Stadium (BMO Stadium),180.4,34.01366,-118.28294,LADBS Building and Safety Temporary Special Event (TSE) Permits,
254109000001747,Temporary Special Event,Commercial,1301,1301,S,FIGUEROA,ST,90015,YES TO PROP 50 RALLY - CONCOURSE HALL,LACC WEST LOBBY - CONCOURSE HALL,YES TO PROP 50 RALLY,2025-11-01T00:00:00.000,2025-11-01T00:00:00.000,"{'latitude': '34.04058', 'longitude': '-118.26853', 'human_address': '{""address"": """", ""city"": """", ""state"": """", ""zip"": """"}'}",V03,LA Convention Center (Halls 1-3),190.2,34.04058,-118.26853,LADBS Building and Safety Temporary Special Event (TSE) Permits,
254109000001729,Temporary Special Event,Commercial,3911,3911,S,FIGUEROA,ST,90037,Tenting 10x30  Town & Country Shade tent,West end of stadium,CAMERA TENT,2025-10-30T00:00:00.000,2025-11-05T00:00:00.000,"{'latitude': '34.01366', 'longitude': '-118.28294', 'human_address': '{""address"": """", ""city"": """", ""state"": """", ""zip"": """"}'}",V06,Exposition Park Stadium (BMO Stadium),180.4,34.01366,-118.28294,LADBS Building and Safety Temporary Special Event (TSE) Permits,
254109000001714,Temporary Special Event,Commercial,940,940,S,FIGUEROA,ST,90015,Rope swing  rigging to the concrete balcony with rope extending   Stun,interior of  building,DELUSION 2025,2025-10-29T00:00:00.000,2025-11-04T00:00:00.000,"{'latitude': '34.04538', 'longitude': '-118.26335', 'human_address': '{""address"": """", ""city"": """", ""state"": """", ""zip"": """"}'}",V04,Peacock Theater,341.4,34.04538,-118.26335,LADBS Building and Safety Temporary Special Event (TSE) Permits,
254109000001687,Temporary Special Event,Public Way,3939,3939,S,FIGUEROA,ST,90037,We will have a pod that opens up standing 9.5 feet tall with a topper,Footprint will be located on LAFC Lane off S. Coliseum Drive next to the stadium,CONTINENTAL TIRE ACTIVATION FOR LAFC,2025-10-29T00:00:00.000,2025-10-29T00:00:00.000,"{'latitude': '34.01173', 'longitude': '-118.28296', 'human_address': '{""address"": """", ""city"": """", ""state"": """", ""zip"": """"}'}",V06,Exposition Park Stadium (BMO Stadium),192.4,34.01173,-118.28296,LADBS Building and Safety Temporary Special Event (TSE) Permits,
254109000001679,Temporary Special Event,Commercial,800,800,W,OLYMPIC,BLVD,90015,"Mobile stage trailer, Mobile LED wall , Light towers and a human claw",Chickhern Ct,ADOBE BASH,2025-10-29T00:00:00.000,2025-10-29T00:00:00.000,"{'latitude': '34.04484', 'longitude': '-118.26453', 'human_address': '{""address"": """", ""city"": """", ""state"": """", ""zip"": """"}'}",V04,Peacock Theater,221.6,34.04484,-118.26453,LADBS Building and Safety Temporary Special Event (TSE) Permits,LA Live /
254109000001683,Temporary Special Event,Commercial,3911,3911,S,FIGUEROA,ST,90037,Tents  Field Structure 30'x148'  Gate 19 19'x39' & 49'x82'  Shelter St,Field and Gate 19,USC FOOTBALL TENTS,2025-10-25T00:00:00.000,2025-10-31T00:00:00.000,"{'latitude': '34.01366', 'longitude': '-118.28294', 'human_address': '{""address"": """", ""city"": """", ""state"": """", ""zip"": """"}'}",V06,Exposition Park Stadium (BMO Stadium),180.4,34.01366,-118.28294,LADBS Building and Safety Temporary Special Event (TSE) Permits,
254109000001673,Temporary Special Event,Commercial,940,940,S,FIGUEROA,ST,90015,Rope Swing rigged to concrete balcony   Stunt Pull Rig  Truss structur,Inside theater,DELUSION 2025,2025-10-23T00:00:00.000,2025-10-29T00:00:00.000,"{'latitude': '34.04538', 'longitude': '-118.26335', 'human_address': '{""address"": """", ""city"": """", ""state"": """", ""zip"": """"}'}",V04,Peacock Theater,341.4,34.04538,-118.26335,LADBS Building and Safety Temporary Special Event (TSE) Permits,
254109000001669,Temporary Special Event,Commercial,3911,3911,S,FIGUEROA,ST,90037,20x30 kitchen tent  A1 Party,On the field.,KITCHEN TENT,2025-10-22T00:00:00.000,2025-10-28T00:00:00.000,"{'latitude': '34.01366', 'longitude': '-118.28294', 'human_address': '{""address"": """", ""city"": """", ""state"": """", ""zip"": """"}'}",V06,Exposition Park Stadium (BMO Stadium),180.4,34.01366,-118.28294,LADBS Building and Safety Temporary Special Event (TSE) Permits,
254109000001559,Temporary Special Event,Commercial,649,649,W,JEFFERSON,BLVD,90007,Stage in Shrine Expo Hall,Shrine Expo Hall,ODD MOB,2025-10-17T00:00:00.000,2025-10-17T00:00:00.000,"{'latitude': '34.02274', 'longitude': '-118.28142', 'human_address': '{""address"": """", ""city"": """", ""state"": """", ""zip"": """"}'}",V07,Galen Center (USC),233.6,34.02274,-118.28142,LADBS Building and Safety Temporary Special Event (TSE) Permits,
254109000001626,Temporary Special Event,Commercial,3911,3911,S,FIGUEROA,ST,90037,Temporary Tent  15x30  Town & Country,Players tunnel,TUNNEL TENT,2025-10-17T00:00:00.000,2025-10-23T00:00:00.000,"{'latitude': '34.01366', 'longitude': '-118.28294', 'human_address': '{""address"": """", ""city"": """", ""state"": """", ""zip"": """"}'}",V06,Exposition Park Stadium (BMO Stadium),180.4,34.01366,-118.28294,LADBS Building and Safety Temporary Special Event (TSE) Permits,
254109000001501,Temporary Special Event,Commercial,1301,1301,S,FIGUEROA,ST,90015,Stamped Drawing for Deck,Los Angeles Convention Center,IMPACT XM LONGEVITI MULTI LEVEL BOOTH,2025-10-13T00:00:00.000,2025-10-15T00:00:00.000,"{'latitude': '34.04058', 'longitude': '-118.26853', 'human_address': '{""address"": """", ""city"": """", ""state"": """", ""zip"": """"}'}",V03,LA Convention Center (Halls 1-3),190.2,34.04058,-118.26853,LADBS Building and Safety Temporary Special Event (TSE) Permits,
254109000001512,Temporary Special Event,Commercial,1301,1301,S,FIGUEROA,ST,90015,West Hall - XPERIENCE LOUNGE - Bth 631,West Hall XPERIENCE LOUNGE Bth 631,CONGRESS OF NEUROLOGICAL SURGEONS,2025-10-13T00:00:00.000,2025-10-15T00:00:00.000,"{'latitude': '34.04058', 'longitude': '-118.26853', 'human_address': '{""address"": """", ""city"": """", ""state"": """", ""zip"": """"}'}",V03,LA Convention Center (Halls 1-3),190.2,34.04058,-118.26853,LADBS Building and Safety Temporary Special Event (TSE) Permits,
254109000001606,Temporary Special Event,Commercial,701,701,W,STATE,DR,90089,Temporary Tents  30x30 10x40 15x20 10x20  A1 party  Gab Fernandez 626,west lawn,MICHIGAN TAILGATE,2025-10-11T00:00:00.000,2025-10-11T00:00:00.000,"{'latitude': '34.01659', 'longitude': '-118.28425', 'human_address': '{""address"": """", ""city"": """", ""state"": """", ""zip"": """"}'}",V06,Exposition Park Stadium (BMO Stadium),422.7,34.01659,-118.28425,LADBS Building and Safety Temporary Special Event (TSE) Permits,
254109000001617,Temporary Special Event,Commercial,3551,3551,S,TROUSDALE,PKWY,90089,Temporary Tents  Town & Country  2-20x30 1 10x15 1 8x37 1 8x12  Sue Ne,Founders park,USC ASSOCIATES,2025-10-11T00:00:00.000,2025-10-11T00:00:00.000,"{'latitude': '34.02066', 'longitude': '-118.28531', 'human_address': '{""address"": """", ""city"": """", ""state"": """", ""zip"": """"}'}",V07,Galen Center (USC),490.8,34.02066,-118.28531,LADBS Building and Safety Temporary Special Event (TSE) Permits,
254109000001587,Temporary Special Event,Commercial,3911,3911,S,FIGUEROA,ST,90037,Temp tent 10x30  Town & country,West end  of stadium,CAMERA TENT,2025-10-08T00:00:00.000,2025-10-14T00:00:00.000,"{'latitude': '34.01366', 'longitude': '-118.28294', 'human_address': '{""address"": """", ""city"": """", ""state"": """", ""zip"": """"}'}",V06,Exposition Park Stadium (BMO Stadium),180.4,34.01366,-118.28294,LADBS Building and Safety Temporary Special Event (TSE) Permits,
254109000001563,Temporary Special Event,Commercial,3911,3911,S,FIGUEROA,ST,90037,Temporary Structure  Field 30'x148  Gate 19 19'x39 & 49'x82  Shelter S,Field & Gate 19,USC,2025-10-03T00:00:00.000,2025-10-09T00:00:00.000,"{'latitude': '34.01366', 'longitude': '-118.28294', 'human_address': '{""address"": """", ""city"": """", ""state"": """", ""zip"": """"}'}",V06,Exposition Park Stadium (BMO Stadium),180.4,34.01366,-118.28294,LADBS Building and Safety Temporary Special Event (TSE) Permits,
254109000001541,Temporary Special Event,Commercial,3911,3911,S,FIGUEROA,ST,90037,Temporary Tent  15x30  Town & Country  Media tent,Players tunnel,TUNNEL TENT,2025-10-03T00:00:00.000,2025-10-09T00:00:00.000,"{'latitude': '34.01366', 'longitude': '-118.28294', 'human_address': '{""address"": """", ""city"": """", ""state"": """", ""zip"": """"}'}",V06,Exposition Park Stadium (BMO Stadium),180.4,34.01366,-118.28294,LADBS Building and Safety Temporary Special Event (TSE) Permits,
254109000001540,Temporary Special Event,Commercial,3911,3911,S,FIGUEROA,ST,90037,Temporary Tent 10x30 camera shade  Town & country,West end of stadium,CAMERA TENT,2025-10-01T00:00:00.000,2025-10-07T00:00:00.000,"{'latitude': '34.01366', 'longitude': '-118.28294', 'human_address': '{""address"": """", ""city"": """", ""state"": """", ""zip"": """"}'}",V06,Exposition Park Stadium (BMO Stadium),180.4,34.01366,-118.28294,LADBS Building and Safety Temporary Special Event (TSE) Permits,
254109000001520,Temporary Special Event,Commercial,700,700,W,EXPOSITION PARK,DR,90007,Temporary Tent  10x20 40x60 10x10 20x20  Stage Line 100  Mobile   Leah,South East lawn,ST JUDES,2025-09-27T00:00:00.000,2025-09-27T00:00:00.000,"{'latitude': '34.01561', 'longitude': '-118.28665', 'human_address': '{""address"": """", ""city"": """", ""state"": """", ""zip"": """"}'}",V05,LA Memorial Coliseum,203.6,34.01561,-118.28665,LADBS Building and Safety Temporary Special Event (TSE) Permits,
254109000001517,Temporary Special Event,Commercial,3911,3911,S,FIGUEROA,ST,90037,Temporary Tents  30'x148' Field  19'X39 & 49'X89' Gate 19  Shelter Str,Gate 19 & Field,USC SUITES,2025-09-27T00:00:00.000,2025-10-03T00:00:00.000,"{'latitude': '34.01366', 'longitude': '-118.28294', 'human_address': '{""address"": """", ""city"": """", ""state"": """", ""zip"": """"}'}",V06,Exposition Park Stadium (BMO Stadium),180.4,34.01366,-118.28294,LADBS Building and Safety Temporary Special Event (TSE) Permits,
254109000001515,Temporary Special Event,Commercial,3911,3911,S,FIGUEROA,ST,90037,Temporary Tent  15x30  Town & Country,Players tunnel,MEDIA TENT,2025-09-26T00:00:00.000,2025-10-02T00:00:00.000,"{'latitude': '34.01366', 'longitude': '-118.28294', 'human_address': '{""address"": """", ""city"": """", ""state"": """", ""zip"": """"}'}",V06,Exposition Park Stadium (BMO Stadium),180.4,34.01366,-118.28294,LADBS Building and Safety Temporary Special Event (TSE) Permits,
254109000001505,Temporary Special Event,Commercial,940,940,S,FIGUEROA,ST,90015,Rope Swing rigged to beams  Stunt Pull rigged to truss structure  Onsi,Inside venue,DELUSION,2025-09-25T00:00:00.000,2025-10-01T00:00:00.000,"{'latitude': '34.04538', 'longitude': '-118.26335', 'human_address': '{""address"": """", ""city"": """", ""state"": """", ""zip"": """"}'}",V04,Peacock Theater,341.4,34.04538,-118.26335,LADBS Building and Safety Temporary Special Event (TSE) Permits,
254109000001497,Temporary Special Event,Commercial,3911,3911,S,FIGUEROA,ST,90037,10x30 temporary Tent  Bryan Phelps  Town & Country 310 755 0463,West end of stadium,CAMERA TENT,2025-09-24T00:00:00.000,2025-09-30T00:00:00.000,"{'latitude': '34.01366', 'longitude': '-118.28294', 'human_address': '{""address"": """", ""city"": """", ""state"": """", ""zip"": """"}'}",V06,Exposition Park Stadium (BMO Stadium),180.4,34.01366,-118.28294,LADBS Building and Safety Temporary Special Event (TSE) Permits,
254109000001451,Temporary Special Event,Commercial,649,649,W,JEFFERSON,BLVD,90007,Stage in Expo Hall,Stage in Shrine Expo Hall,2HOLLIS AMINE JESSIE,2025-09-23T00:00:00.000,2025-09-27T00:00:00.000,"{'latitude': '34.02274', 'longitude': '-118.28142', 'human_address': '{""address"": """", ""city"": """", ""state"": """", ""zip"": """"}'}",V07,Galen Center (USC),233.6,34.02274,-118.28142,LADBS Building and Safety Temporary Special Event (TSE) Permits,
254109000001473,Temporary Special Event,Commercial,3911,3911,S,FIGUEROA,ST,90037,Temporary Tents  3 10x10 2 10x20 1 15x15  1-20x20  Town & Country  Bry,X mass tree lane,FAN FEST,2025-09-20T00:00:00.000,2025-09-20T00:00:00.000,"{'latitude': '34.01366', 'longitude': '-118.28294', 'human_address': '{""address"": """", ""city"": """", ""state"": """", ""zip"": """"}'}",V06,Exposition Park Stadium (BMO Stadium),180.4,34.01366,-118.28294,LADBS Building and Safety Temporary Special Event (TSE) Permits,
254109000001472,Temporary Special Event,Commercial,700,700,W,EXPOSITION PARK,DR,90007,Temporary Tents  20x20 2-20x30  200 Guest 5pm-8pm  Town & country  Bry,South lawn,SOUTH LAWN TAILGATE,2025-09-20T00:00:00.000,2025-09-20T00:00:00.000,"{'latitude': '34.01561', 'longitude': '-118.28665', 'human_address': '{""address"": """", ""city"": """", ""state"": """", ""zip"": """"}'}",V05,LA Memorial Coliseum,203.6,34.01561,-118.28665,LADBS Building and Safety Temporary Special Event (TSE) Permits,
254109000001461,Temporary Special Event,Commercial,3911,3911,S,FIGUEROA,ST,90037,Temporary Tent  30x100  Town & Country  Bryan Phelps  310 755 0463,Peristyle,RECRUIT DINNER,2025-09-20T00:00:00.000,2025-09-20T00:00:00.000,"{'latitude': '34.01366', 'longitude': '-118.28294', 'human_address': '{""address"": """", ""city"": """", ""state"": """", ""zip"": """"}'}",V06,Exposition Park Stadium (BMO Stadium),180.4,34.01366,-118.28294,LADBS Building and Safety Temporary Special Event (TSE) Permits,
254109000001489,Temporary Special Event,Commercial,3911,3911,S,FIGUEROA,ST,90037,Temporary Tents  Field Suite 30'x148  Gate 19 19x39 49x82  Shelter Str,Field and Gate 19,USC FIELD,2025-09-20T00:00:00.000,2025-09-26T00:00:00.000,"{'latitude': '34.01366', 'longitude': '-118.28294', 'human_address': '{""address"": """", ""city"": """", ""state"": """", ""zip"": """"}'}",V06,Exposition Park Stadium (BMO Stadium),180.4,34.01366,-118.28294,LADBS Building and Safety Temporary Special Event (TSE) Permits,
254109000001460,Temporary Special Event,Commercial,3911,3911,S,FIGUEROA,ST,90037,TCUP for tailgate  1000 Guest 5pm-8pm  Town & Country  Bryan Phelps 31,Peristyle,TOMMY TAILGATE,2025-09-20T00:00:00.000,2025-09-20T00:00:00.000,"{'latitude': '34.01366', 'longitude': '-118.28294', 'human_address': '{""address"": """", ""city"": """", ""state"": """", ""zip"": """"}'}",V06,Exposition Park Stadium (BMO Stadium),180.4,34.01366,-118.28294,LADBS Building and Safety Temporary Special Event (TSE) Permits,
254109000001476,Temporary Special Event,Commercial,3551,3551,S,TROUSDALE,PKWY,90089,Temporary Tents  20x30 10x15 8x37 8x12  Sue Nega 818 439 4608 Town & C,Founders park,USC ASSOCIATES,2025-09-20T00:00:00.000,2025-09-20T00:00:00.000,"{'latitude': '34.02066', 'longitude': '-118.28531', 'human_address': '{""address"": """", ""city"": """", ""state"": """", ""zip"": """"}'}",V07,Galen Center (USC),490.8,34.02066,-118.28531,LADBS Building and Safety Temporary Special Event (TSE) Permits,
254109000001449,Temporary Special Event,Commercial,3911,3911,S,FIGUEROA,ST,90037,24'x12'x4' stage on South Peristyle inside LA Coliseum,24'x12'x4' stage on South Peristyle inside LA Coliseum,USC V MICHIGAN STATE,2025-09-20T00:00:00.000,2025-09-20T00:00:00.000,"{'latitude': '34.01366', 'longitude': '-118.28294', 'human_address': '{""address"": """", ""city"": """", ""state"": """", ""zip"": """"}'}",V06,Exposition Park Stadium (BMO Stadium),180.4,34.01366,-118.28294,LADBS Building and Safety Temporary Special Event (TSE) Permits,
254109000001474,Temporary Special Event,Commercial,3911,3911,S,FIGUEROA,ST,90037,Temporary Tents  Gate 1-20x30 Gate 19 10x20 -10x30 10x50 10x20  Gate 2,Gate 1-28-19,PRODUCTION TENTS,2025-09-20T00:00:00.000,2025-09-20T00:00:00.000,"{'latitude': '34.01366', 'longitude': '-118.28294', 'human_address': '{""address"": """", ""city"": """", ""state"": """", ""zip"": """"}'}",V06,Exposition Park Stadium (BMO Stadium),180.4,34.01366,-118.28294,LADBS Building and Safety Temporary Special Event (TSE) Permits,
254109000001479,Temporary Special Event,Commercial,3911,3911,S,FIGUEROA,ST,90037,Installation of flying camera system into LA Mem Col (LAMC) Attn: Feli,"Installation of Flying Camera System into LA Mem Col (LAMC) ATTN: Felix
Ceballos",USC VS MI STATE 2025,2025-09-19T00:00:00.000,2025-09-25T00:00:00.000,"{'latitude': '34.01366', 'longitude': '-118.28294', 'human_address': '{""address"": """", ""city"": """", ""state"": """", ""zip"": """"}'}",V06,Exposition Park Stadium (BMO Stadium),180.4,34.01366,-118.28294,LADBS Building and Safety Temporary Special Event (TSE) Permits,
254109000001478,Temporary Special Event,Commercial,940,940,S,FIGUEROA,ST,90015,Temporary Structures for Delusion event 2025 9/18-9/24  Rope swing (ri,Inside venue,DELUSION 2025,2025-09-19T00:00:00.000,2025-09-25T00:00:00.000,"{'latitude': '34.04538', 'longitude': '-118.26335', 'human_address': '{""address"": """", ""city"": """", ""state"": """", ""zip"": """"}'}",V04,Peacock Theater,341.4,34.04538,-118.26335,LADBS Building and Safety Temporary Special Event (TSE) Permits,
254109000001468,Temporary Special Event,Commercial,3939,3939,S,FIGUEROA,ST,90037,Rooftop Tent Staff Break Area,Rooftop Tent for Staff Break Area,9.18.25 ACFC X WASH -ROOFTOP TENT,2025-09-18T00:00:00.000,2025-09-24T00:00:00.000,"{'latitude': '34.01173', 'longitude': '-118.28296', 'human_address': '{""address"": """", ""city"": """", ""state"": """", ""zip"": """"}'}",V06,Exposition Park Stadium (BMO Stadium),192.4,34.01173,-118.28296,LADBS Building and Safety Temporary Special Event (TSE) Permits,
254109000001384,Temporary Special Event,Commercial,1301,1301,S,FIGUEROA,ST,90015,Platforms and stages exceeding 30 inches in height above the floor int,South Halls HJ,AWS LA SUMMIT 2025,2025-09-17T00:00:00.000,2025-09-17T00:00:00.000,"{'latitude': '34.04058', 'longitude': '-118.26853', 'human_address': '{""address"": """", ""city"": """", ""state"": """", ""zip"": """"}'}",V03,LA Convention Center (Halls 1-3),190.2,34.04058,-118.26853,LADBS Building and Safety Temporary Special Event (TSE) Permits,
254109000001385,Temporary Special Event,Commercial,1301,1301,S,FIGUEROA,ST,90015,Platforms and stages exceeding 30 inches in height above the floor int,South Halls HJ,AWS LA SUMMIT 2025,2025-09-17T00:00:00.000,2025-09-17T00:00:00.000,"{'latitude': '34.04058', 'longitude': '-118.26853', 'human_address': '{""address"": """", ""city"": """", ""state"": """", ""zip"": """"}'}",V03,LA Convention Center (Halls 1-3),190.2,34.04058,-118.26853,LADBS Building and Safety Temporary Special Event (TSE) Permits,
254109000001382,Temporary Special Event,Commercial,1301,1301,S,FIGUEROA,ST,90015,Video wall structures exceeding 12 in height (single or multiple scree,South Halls HJ,AWS LA SUMMIT 2025,2025-09-17T00:00:00.000,2025-09-17T00:00:00.000,"{'latitude': '34.04058', 'longitude': '-118.26853', 'human_address': '{""address"": """", ""city"": """", ""state"": """", ""zip"": """"}'}",V03,LA Convention Center (Halls 1-3),190.2,34.04058,-118.26853,LADBS Building and Safety Temporary Special Event (TSE) Permits,
254109000001411,Temporary Special Event,Commercial,777,777,W,CHICK HEARN,CT,90015,Temporary Tent  50x100 30x80 20x30 10x30 10x25  Bright rentals  Jorge,on the street,EMMY'S,2025-09-14T00:00:00.000,2025-09-14T00:00:00.000,"{'latitude': '34.04406', 'longitude': '-118.26707', 'human_address': '{""address"": """", ""city"": """", ""state"": """", ""zip"": """"}'}",V04,Peacock Theater,51.4,34.04406,-118.26707,LADBS Building and Safety Temporary Special Event (TSE) Permits,
254109000001420,Temporary Special Event,Commercial,777,777,W,CHICK HEARN,CT,90015,Temporary Tent  300x140 AEG tent  crew feed  VICTOR TRUJILLO Sr. Manag,Event deck,EMMY'S,2025-09-14T00:00:00.000,2025-09-14T00:00:00.000,"{'latitude': '34.04406', 'longitude': '-118.26707', 'human_address': '{""address"": """", ""city"": """", ""state"": """", ""zip"": """"}'}",V04,Peacock Theater,51.4,34.04406,-118.26707,LADBS Building and Safety Temporary Special Event (TSE) Permits,
254109000001427,Temporary Special Event,Commercial,3911,3911,S,FIGUEROA,ST,90037,Temporary tents  Field 30'x148  Gate 19 19'x39' & 49'x82'  Shelter Str,Field  & GATE 9,USC SUITES,2025-09-13T00:00:00.000,2025-09-19T00:00:00.000,"{'latitude': '34.01366', 'longitude': '-118.28294', 'human_address': '{""address"": """", ""city"": """", ""state"": """", ""zip"": """"}'}",V06,Exposition Park Stadium (BMO Stadium),180.4,34.01366,-118.28294,LADBS Building and Safety Temporary Special Event (TSE) Permits,
254109000001418,Temporary Special Event,Commercial,3911,3911,S,FIGUEROA,ST,90037,Temporary Tent  Players tunnel  15x30  Bryan Phelps 310 755 0463,Players tunnel,MEDIA TUNNEL,2025-09-12T00:00:00.000,2025-09-16T00:00:00.000,"{'latitude': '34.01366', 'longitude': '-118.28294', 'human_address': '{""address"": """", ""city"": """", ""state"": """", ""zip"": """"}'}",V06,Exposition Park Stadium (BMO Stadium),180.4,34.01366,-118.28294,LADBS Building and Safety Temporary Special Event (TSE) Permits,
254109000001415,Temporary Special Event,Commercial,3911,3911,S,FIGUEROA,ST,90037,Temporary Tent 10x30  Town & Country,West  end of stadium,CAMERA TENT,2025-09-10T00:00:00.000,2025-09-16T00:00:00.000,"{'latitude': '34.01366', 'longitude': '-118.28294', 'human_address': '{""address"": """", ""city"": """", ""state"": """", ""zip"": """"}'}",V06,Exposition Park Stadium (BMO Stadium),180.4,34.01366,-118.28294,LADBS Building and Safety Temporary Special Event (TSE) Permits,
254109000001419,Temporary Special Event,Commercial,1111,1111,S,FIGUEROA,ST,90015,"23'-10"" high Hydraulic boon for performer Event 9/09  Live Nation  Tha",Inside the arena.,NBA YOUNG BOY,2025-09-10T00:00:00.000,2025-09-10T00:00:00.000,"{'latitude': '34.04338', 'longitude': '-118.26581', 'human_address': '{""address"": """", ""city"": """", ""state"": """", ""zip"": """"}'}",V02,DTLA Arena (Crypto.com Arena),131.8,34.04338,-118.26581,LADBS Building and Safety Temporary Special Event (TSE) Permits,
254109000001388,Temporary Special Event,Commercial,649,649,W,JEFFERSON,BLVD,90007,Temp. Change of Use for Expo Hall Balcony & West Lot,,ALL IN SUMMIT,2025-09-07T00:00:00.000,2025-09-09T00:00:00.000,"{'latitude': '34.02274', 'longitude': '-118.28142', 'human_address': '{""address"": """", ""city"": """", ""state"": """", ""zip"": """"}'}",V07,Galen Center (USC),233.6,34.02274,-118.28142,LADBS Building and Safety Temporary Special Event (TSE) Permits,
254109000001397,Temporary Special Event,Commercial,3911,3911,S,FIGUEROA,ST,90037,Temporary Tents  1-10x10 10x20 15x15 20x20 10x20 2-10x10  Town & Count,X -Tree Lane,FAN FEST,2025-09-06T00:00:00.000,2025-09-06T00:00:00.000,"{'latitude': '34.01366', 'longitude': '-118.28294', 'human_address': '{""address"": """", ""city"": """", ""state"": """", ""zip"": """"}'}",V06,Exposition Park Stadium (BMO Stadium),180.4,34.01366,-118.28294,LADBS Building and Safety Temporary Special Event (TSE) Permits,
254109000001391,Temporary Special Event,Commercial,3911,3911,S,FIGUEROA,ST,90037,24'x12'x4' stage on South Peristyle inside LA Coliseum,24'x12'x4' stage on South Peristyle inside LA Coliseum,USC VS GA SOUTHERN,2025-09-06T00:00:00.000,2025-09-06T00:00:00.000,"{'latitude': '34.01366', 'longitude': '-118.28294', 'human_address': '{""address"": """", ""city"": """", ""state"": """", ""zip"": """"}'}",V06,Exposition Park Stadium (BMO Stadium),180.4,34.01366,-118.28294,LADBS Building and Safety Temporary Special Event (TSE) Permits,
254109000001398,Temporary Special Event,Commercial,700,700,W,EXPOSITION PARK,DR,90007,Temporary Tent  3 10x10 15x30 2-20x20 20x230  Town & Country 1:30PM -4,South Lawn,USC / GEORGIA,2025-09-06T00:00:00.000,2025-09-06T00:00:00.000,"{'latitude': '34.01561', 'longitude': '-118.28665', 'human_address': '{""address"": """", ""city"": """", ""state"": """", ""zip"": """"}'}",V05,LA Memorial Coliseum,203.6,34.01561,-118.28665,LADBS Building and Safety Temporary Special Event (TSE) Permits,
254109000001376,Temporary Special Event,Commercial,3911,3911,S,FIGUEROA,ST,90037,Temporary Tent  Town & Country 15x30,Players tunnel,TUNNEL TENT,2025-09-05T00:00:00.000,2025-09-11T00:00:00.000,"{'latitude': '34.01366', 'longitude': '-118.28294', 'human_address': '{""address"": """", ""city"": """", ""state"": """", ""zip"": """"}'}",V06,Exposition Park Stadium (BMO Stadium),180.4,34.01366,-118.28294,LADBS Building and Safety Temporary Special Event (TSE) Permits,
254109000001404,Temporary Special Event,Commercial,3939,3939,S,FIGUEROA,ST,90037,Rooftop Tent Staff Break Area,Rooftop Tent,$UICIDEBOY$ ROOFTOP TENT,2025-09-05T00:00:00.000,2025-09-05T00:00:00.000,"{'latitude': '34.01173', 'longitude': '-118.28296', 'human_address': '{""address"": """", ""city"": """", ""state"": """", ""zip"": """"}'}",V06,Exposition Park Stadium (BMO Stadium),192.4,34.01173,-118.28296,LADBS Building and Safety Temporary Special Event (TSE) Permits,
254109000001371,Temporary Special Event,Commercial,1301,1301,S,FIGUEROA,ST,90015,Las Vegas Civil Engineering,LACC - South Halls HJ,AWS SUMMITS 2025,2025-09-04T00:00:00.000,2025-09-04T00:00:00.000,"{'latitude': '34.04058', 'longitude': '-118.26853', 'human_address': '{""address"": """", ""city"": """", ""state"": """", ""zip"": """"}'}",V03,LA Convention Center (Halls 1-3),190.2,34.04058,-118.26853,LADBS Building and Safety Temporary Special Event (TSE) Permits,
254109000001375,Temporary Special Event,Commercial,3911,3911,S,FIGUEROA,ST,90037,Temporary Tent 10x30  Town & country,west end of Stadium,CAMERA TENT,2025-09-03T00:00:00.000,2025-09-09T00:00:00.000,"{'latitude': '34.01366', 'longitude': '-118.28294', 'human_address': '{""address"": """", ""city"": """", ""state"": """", ""zip"": """"}'}",V06,Exposition Park Stadium (BMO Stadium),180.4,34.01366,-118.28294,LADBS Building and Safety Temporary Special Event (TSE) Permits,
254109000001338,Temporary Special Event,Commercial,3911,3911,S,FIGUEROA,ST,90037,Temporary Tent  15x45  field tunnel 15x30  bryan phelps 310 755 0463,Players tunnel,TUNNEL TENT,2025-08-30T00:00:00.000,2025-09-04T00:00:00.000,"{'latitude': '34.01366', 'longitude': '-118.28294', 'human_address': '{""address"": """", ""city"": """", ""state"": """", ""zip"": """"}'}",V06,Exposition Park Stadium (BMO Stadium),180.4,34.01366,-118.28294,LADBS Building and Safety Temporary Special Event (TSE) Permits,
254109000001363,Temporary Special Event,Commercial,3911,3911,S,FIGUEROA,ST,90037,TCUP for 1000 Guest for Tailgate  Jennifer Noriega 213 740 1677  1:30p,Peristyle,TOMMY TAILGATE,2025-08-30T00:00:00.000,2025-08-30T00:00:00.000,"{'latitude': '34.01366', 'longitude': '-118.28294', 'human_address': '{""address"": """", ""city"": """", ""state"": """", ""zip"": """"}'}",V06,Exposition Park Stadium (BMO Stadium),180.4,34.01366,-118.28294,LADBS Building and Safety Temporary Special Event (TSE) Permits,
254109000001339,Temporary Special Event,Commercial,3551,3551,S,TROUSDALE,PKWY,90089,Temporary Tent2 20x30 10x15 8x37 8x12  Town & Country Sue Nega Event D,Founders Park,USC ASSOCIATES,2025-08-30T00:00:00.000,2025-08-30T00:00:00.000,"{'latitude': '34.02066', 'longitude': '-118.28531', 'human_address': '{""address"": """", ""city"": """", ""state"": """", ""zip"": """"}'}",V07,Galen Center (USC),490.8,34.02066,-118.28531,LADBS Building and Safety Temporary Special Event (TSE) Permits,
254109000001352,Temporary Special Event,Commercial,3911,3911,S,FIGUEROA,ST,90037,Tcup for Fan Fest  3 10x10 2 10x20 1- 15x15 1 20x20  Town & Country  J,X Mas Tree Lane,FAN FEST,2025-08-30T00:00:00.000,2025-08-30T00:00:00.000,"{'latitude': '34.01366', 'longitude': '-118.28294', 'human_address': '{""address"": """", ""city"": """", ""state"": """", ""zip"": """"}'}",V06,Exposition Park Stadium (BMO Stadium),180.4,34.01366,-118.28294,LADBS Building and Safety Temporary Special Event (TSE) Permits,
254109000001342,Temporary Special Event,Commercial,3911,3911,S,FIGUEROA,ST,90037,24'x12'x4' stage at South Peristyle on East end of Coliseum,24'x12'x4' stage at South Peristyle on East end of Coliseum,USC V MISSOURI STATE,2025-08-30T00:00:00.000,2025-08-30T00:00:00.000,"{'latitude': '34.01366', 'longitude': '-118.28294', 'human_address': '{""address"": """", ""city"": """", ""state"": """", ""zip"": """"}'}",V06,Exposition Park Stadium (BMO Stadium),180.4,34.01366,-118.28294,LADBS Building and Safety Temporary Special Event (TSE) Permits,
254109000001341,Temporary Special Event,Commercial,3911,3911,S,FIGUEROA,ST,90037,Temporary bleacher in end zone for football game,End Zone at LA Coliseum,USC FOOTBALL,2025-08-30T00:00:00.000,2025-08-30T00:00:00.000,"{'latitude': '34.01366', 'longitude': '-118.28294', 'human_address': '{""address"": """", ""city"": """", ""state"": """", ""zip"": """"}'}",V06,Exposition Park Stadium (BMO Stadium),180.4,34.01366,-118.28294,LADBS Building and Safety Temporary Special Event (TSE) Permits,
254109000001294,Temporary Special Event,Public Way,3551,3551,S,TROUSDALE,PKWY,90089,Building and Running of a mobile Ferris Wheel,USC Great Lawn,USC-WELCOME BACK EVENT,2025-08-29T00:00:00.000,2025-08-29T00:00:00.000,"{'latitude': '34.02066', 'longitude': '-118.28531', 'human_address': '{""address"": """", ""city"": """", ""state"": """", ""zip"": """"}'}",V07,Galen Center (USC),490.8,34.02066,-118.28531,LADBS Building and Safety Temporary Special Event (TSE) Permits,The Great
254109000001299,Temporary Special Event,Commercial,649,649,W,JEFFERSON,BLVD,90007,Stage in expo hall,Stage in expo hall,HOME OPEER,2025-08-22T00:00:00.000,2025-08-22T00:00:00.000,"{'latitude': '34.02274', 'longitude': '-118.28142', 'human_address': '{""address"": """", ""city"": """", ""state"": """", ""zip"": """"}'}",V07,Galen Center (USC),233.6,34.02274,-118.28142,LADBS Building and Safety Temporary Special Event (TSE) Permits,
254109000001313,Temporary Special Event,Commercial,3551,3551,S,TROUSDALE,PKWY,90089,Temporary Tents  10x30 1-20x60  Town & Country,Alumni Park,USC CONVO CEREMONY 25,2025-08-21T00:00:00.000,2025-08-27T00:00:00.000,"{'latitude': '34.02066', 'longitude': '-118.28531', 'human_address': '{""address"": """", ""city"": """", ""state"": """", ""zip"": """"}'}",V07,Galen Center (USC),490.8,34.02066,-118.28531,LADBS Building and Safety Temporary Special Event (TSE) Permits,
254109000001280,Temporary Special Event,Commercial,3551,3551,S,TROUSDALE,PKWY,90089,Event stage for multiple days of events for USC students.,USC McCarthy Quad,SPARK! ARTS KICKOFF AND FEST,2025-08-21T00:00:00.000,2025-08-22T00:00:00.000,"{'latitude': '34.02066', 'longitude': '-118.28531', 'human_address': '{""address"": """", ""city"": """", ""state"": """", ""zip"": """"}'}",V07,Galen Center (USC),490.8,34.02066,-118.28531,LADBS Building and Safety Temporary Special Event (TSE) Permits,
254109000001281,Temporary Special Event,Commercial,777,777,W,CHICK HEARN,CT,90015,Temporary Tent  25x80  Bright Rentals Tyler Bridle 310 386 5224,Peacock Plaza,ASAE CONFERNCE,2025-08-12T00:00:00.000,2025-08-12T00:00:00.000,"{'latitude': '34.04406', 'longitude': '-118.26707', 'human_address': '{""address"": """", ""city"": """", ""state"": """", ""zip"": """"}'}",V04,Peacock Theater,51.4,34.04406,-118.26707,LADBS Building and Safety Temporary Special Event (TSE) Permits,
254109000001185,Temporary Special Event,Commercial,1301,1301,S,FIGUEROA,ST,90015,BUILD AND INSTALL TRADE SHOW BOOTH FOR THE 20X40 SPACE. HEIGHT IS 16',LA CONVENTION CENTER,ASI 20X40 BOOTH IN THE EXHIBIT HALL.,2025-08-10T00:00:00.000,2025-08-12T00:00:00.000,"{'latitude': '34.04058', 'longitude': '-118.26853', 'human_address': '{""address"": """", ""city"": """", ""state"": """", ""zip"": """"}'}",V03,LA Convention Center (Halls 1-3),190.2,34.04058,-118.26853,LADBS Building and Safety Temporary Special Event (TSE) Permits,
254109000001197,Temporary Special Event,Commercial,1301,1301,S,FIGUEROA,ST,90015,Truss system with LED signage at upper structure of booth,"Back of hall, hospiitality & meeting services",LVCVA BOOTH 1759,2025-08-10T00:00:00.000,2025-08-11T00:00:00.000,"{'latitude': '34.04058', 'longitude': '-118.26853', 'human_address': '{""address"": """", ""city"": """", ""state"": """", ""zip"": """"}'}",V03,LA Convention Center (Halls 1-3),190.2,34.04058,-118.26853,LADBS Building and Safety Temporary Special Event (TSE) Permits,
254109000001099,Temporary Special Event,Commercial,1301,1301,S,FIGUEROA,ST,90015,temporary tradeshow exhibit using aluminum extrusion and SEG fabric pa,South Building Halls G-J,ASAE ANNUAL MEETING 2025,2025-08-10T00:00:00.000,2025-08-11T00:00:00.000,"{'latitude': '34.04058', 'longitude': '-118.26853', 'human_address': '{""address"": """", ""city"": """", ""state"": """", ""zip"": """"}'}",V03,LA Convention Center (Halls 1-3),190.2,34.04058,-118.26853,LADBS Building and Safety Temporary Special Event (TSE) Permits,
254109000001277,Temporary Special Event,Commercial,1301,1301,S,FIGUEROA,ST,90015,B#1837 Temporary metal structure,We are located in the South building,ASAE 2025,2025-08-10T00:00:00.000,2025-08-11T00:00:00.000,"{'latitude': '34.04058', 'longitude': '-118.26853', 'human_address': '{""address"": """", ""city"": """", ""state"": """", ""zip"": """"}'}",V03,LA Convention Center (Halls 1-3),190.2,34.04058,-118.26853,LADBS Building and Safety Temporary Special Event (TSE) Permits,H
254109000001189,Temporary Special Event,Commercial,1301,1301,S,FIGUEROA,ST,90015,INSTALL 20X40 BOOTH -- FONTEVA -- WHICH INCLUDES A TOWER THAT IS 16' A,FONTEVA WILL HAVE A 20X40 BOOTH. TOWER AND MAIN WALL ARE 16' TALL.,FONTEVA ASAE ANNUAL BOOTH PERMIT,2025-08-10T00:00:00.000,2025-08-12T00:00:00.000,"{'latitude': '34.04058', 'longitude': '-118.26853', 'human_address': '{""address"": """", ""city"": """", ""state"": """", ""zip"": """"}'}",V03,LA Convention Center (Halls 1-3),190.2,34.04058,-118.26853,LADBS Building and Safety Temporary Special Event (TSE) Permits,
254109000001258,Temporary Special Event,Commercial,1301,1301,S,FIGUEROA,ST,90015,Engineer,Los Angeles Convention Center - Booth 1753,ASAE,2025-08-10T00:00:00.000,2025-08-11T00:00:00.000,"{'latitude': '34.04058', 'longitude': '-118.26853', 'human_address': '{""address"": """", ""city"": """", ""state"": """", ""zip"": """"}'}",V03,LA Convention Center (Halls 1-3),190.2,34.04058,-118.26853,LADBS Building and Safety Temporary Special Event (TSE) Permits,
254109000001107,Temporary Special Event,Commercial,1301,1301,S,FIGUEROA,ST,90015,TBD,"Los Angeles Convention Center - Halls G,H,K","EXPERIENCE GRAND RAPIDS, 20X20 BOOTH",2025-08-10T00:00:00.000,2025-08-11T00:00:00.000,"{'latitude': '34.04058', 'longitude': '-118.26853', 'human_address': '{""address"": """", ""city"": """", ""state"": """", ""zip"": """"}'}",V03,LA Convention Center (Halls 1-3),190.2,34.04058,-118.26853,LADBS Building and Safety Temporary Special Event (TSE) Permits,
254109000001240,Temporary Special Event,Commercial,1301,1301,S,FIGUEROA,ST,90015,aluminum frame structure with fabric graphics that is 12 feet and 6 in,LACC South Building Halls G-G,EXPLORE ST LOUIS ARCH (IN EXHIBIT SPACE),2025-08-10T00:00:00.000,2025-08-12T00:00:00.000,"{'latitude': '34.04058', 'longitude': '-118.26853', 'human_address': '{""address"": """", ""city"": """", ""state"": """", ""zip"": """"}'}",V03,LA Convention Center (Halls 1-3),190.2,34.04058,-118.26853,LADBS Building and Safety Temporary Special Event (TSE) Permits,
254109000001265,Temporary Special Event,Commercial,1301,1301,S,FIGUEROA,ST,90015,LACC STAGE - WEST HALL A,LACC - WEST HALL A,ASAE 2025 - LACC STAGE,2025-08-10T00:00:00.000,2025-08-12T00:00:00.000,"{'latitude': '34.04058', 'longitude': '-118.26853', 'human_address': '{""address"": """", ""city"": """", ""state"": """", ""zip"": """"}'}",V03,LA Convention Center (Halls 1-3),190.2,34.04058,-118.26853,LADBS Building and Safety Temporary Special Event (TSE) Permits,
254109000001143,Temporary Special Event,Commercial,1301,1301,S,FIGUEROA,ST,90015,Review of Booth Plans,,HARGROVE - PERSONIFY,2025-08-10T00:00:00.000,2025-08-11T00:00:00.000,"{'latitude': '34.04058', 'longitude': '-118.26853', 'human_address': '{""address"": """", ""city"": """", ""state"": """", ""zip"": """"}'}",V03,LA Convention Center (Halls 1-3),190.2,34.04058,-118.26853,LADBS Building and Safety Temporary Special Event (TSE) Permits,
254109000001198,Temporary Special Event,Commercial,1301,1301,S,FIGUEROA,ST,90015,Over 15.5' tall tower structure,Far right side of Tech & Business services area 20x20 booth,MOMENTIVE SOFTWARE BOOTH 1141,2025-08-10T00:00:00.000,2025-08-11T00:00:00.000,"{'latitude': '34.04058', 'longitude': '-118.26853', 'human_address': '{""address"": """", ""city"": """", ""state"": """", ""zip"": """"}'}",V03,LA Convention Center (Halls 1-3),190.2,34.04058,-118.26853,LADBS Building and Safety Temporary Special Event (TSE) Permits,
254109000001205,Temporary Special Event,Commercial,1301,1301,S,FIGUEROA,ST,90015,Lightweight Truss Structure >12 feet,LACC - Booth #1517,VISIT TORONTO - ISLAND BOOTH,2025-08-10T00:00:00.000,2025-08-11T00:00:00.000,"{'latitude': '34.04058', 'longitude': '-118.26853', 'human_address': '{""address"": """", ""city"": """", ""state"": """", ""zip"": """"}'}",V03,LA Convention Center (Halls 1-3),190.2,34.04058,-118.26853,LADBS Building and Safety Temporary Special Event (TSE) Permits,
254109000001188,Temporary Special Event,Commercial,1301,1301,S,FIGUEROA,ST,90015,"Country - Quebec, Canada",,ASAE,2025-08-10T00:00:00.000,2025-08-11T00:00:00.000,"{'latitude': '34.04058', 'longitude': '-118.26853', 'human_address': '{""address"": """", ""city"": """", ""state"": """", ""zip"": """"}'}",V03,LA Convention Center (Halls 1-3),190.2,34.04058,-118.26853,LADBS Building and Safety Temporary Special Event (TSE) Permits,
254109000001132,Temporary Special Event,Commercial,1301,1301,S,FIGUEROA,ST,90015,Temporary Tradeshow Booth Inspection,"LED Enclosure with Hanging Sign Structure, Furniture. Carpet & Padding.....",ESHOW EVENT MANAGEMENT SOLUTIONS,2025-08-09T00:00:00.000,2025-08-11T00:00:00.000,"{'latitude': '34.04058', 'longitude': '-118.26853', 'human_address': '{""address"": """", ""city"": """", ""state"": """", ""zip"": """"}'}",V03,LA Convention Center (Halls 1-3),190.2,34.04058,-118.26853,LADBS Building and Safety Temporary Special Event (TSE) Permits,
254109000001257,Temporary Special Event,Commercial,1301,1301,S,FIGUEROA,ST,90015,Indoor wood pergola for temporary installation into LACC,"Meeting and hospitality section of event, straight ahead of main entrance",VISIT CHARLOTTE BOOTH 1744 PERGOLA,2025-08-09T00:00:00.000,2025-08-10T00:00:00.000,"{'latitude': '34.04058', 'longitude': '-118.26853', 'human_address': '{""address"": """", ""city"": """", ""state"": """", ""zip"": """"}'}",V03,LA Convention Center (Halls 1-3),190.2,34.04058,-118.26853,LADBS Building and Safety Temporary Special Event (TSE) Permits,
254109000001190,Temporary Special Event,Commercial,1301,1301,S,FIGUEROA,ST,90015,Design Calculations,"Los Angeles Convention Center
South Building Halls G - J, Booth 1845","VISIT MILWAUKEE, BOOTH #1845",2025-08-09T00:00:00.000,2025-08-12T00:00:00.000,"{'latitude': '34.04058', 'longitude': '-118.26853', 'human_address': '{""address"": """", ""city"": """", ""state"": """", ""zip"": """"}'}",V03,LA Convention Center (Halls 1-3),190.2,34.04058,-118.26853,LADBS Building and Safety Temporary Special Event (TSE) Permits,
254109000001270,Temporary Special Event,Commercial,3911,3911,S,FIGUEROA,ST,90037,Temporary tent 10x30 camera shade tent  Town & Country,West End,CAMERA TENT,2025-08-09T00:00:00.000,2025-08-15T00:00:00.000,"{'latitude': '34.01366', 'longitude': '-118.28294', 'human_address': '{""address"": """", ""city"": """", ""state"": """", ""zip"": """"}'}",V06,Exposition Park Stadium (BMO Stadium),180.4,34.01366,-118.28294,LADBS Building and Safety Temporary Special Event (TSE) Permits,
254109000001271,Temporary Special Event,Commercial,3939,3939,S,FIGUEROA,ST,90037,"ATEEZ Concert stage, delay towers and ADA platforms","ATEEZ Concert stage, ADA platforms and Delay Towers",ATEEZ CONCERT,2025-08-08T00:00:00.000,2025-08-09T00:00:00.000,"{'latitude': '34.01173', 'longitude': '-118.28296', 'human_address': '{""address"": """", ""city"": """", ""state"": """", ""zip"": """"}'}",V06,Exposition Park Stadium (BMO Stadium),192.4,34.01173,-118.28296,LADBS Building and Safety Temporary Special Event (TSE) Permits,
254109000001254,Temporary Special Event,Commercial,1601,1601,S,MAIN,ST,90291,Temporary Maze Structure  30' wide x 14' D x 8' high  With Scenic Wall,On Patio,UNIVERSAL HIM,2025-08-05T00:00:00.000,2025-08-05T00:00:00.000,"{'latitude': '33.98776', 'longitude': '-118.47116', 'human_address': '{""address"": """", ""city"": """", ""state"": """", ""zip"": """"}'}",V13,Venice Beach,111.5,33.98776,-118.47116,LADBS Building and Safety Temporary Special Event (TSE) Permits,
254109000001246,Temporary Special Event,Commercial,3911,3911,S,FIGUEROA,ST,90037,10x30 Tent shade on platform  Town & Country,West end of stadium,CAMERA TENT,2025-08-04T00:00:00.000,2025-08-08T00:00:00.000,"{'latitude': '34.01366', 'longitude': '-118.28294', 'human_address': '{""address"": """", ""city"": """", ""state"": """", ""zip"": """"}'}",V06,Exposition Park Stadium (BMO Stadium),180.4,34.01366,-118.28294,LADBS Building and Safety Temporary Special Event (TSE) Permits,
254109000001252,Temporary Special Event,Commercial,3939,3939,S,FIGUEROA,ST,90037,"Stage, FOH and delay towers for SWN Concert",We are loading in day of so inspection between noon and 3 is preferred 5:30 door,SWN CONCERT,2025-08-03T00:00:00.000,2025-08-03T00:00:00.000,"{'latitude': '34.01173', 'longitude': '-118.28296', 'human_address': '{""address"": """", ""city"": """", ""state"": """", ""zip"": """"}'}",V06,Exposition Park Stadium (BMO Stadium),192.4,34.01173,-118.28296,LADBS Building and Safety Temporary Special Event (TSE) Permits,
254109000000985,Temporary Special Event,Commercial,1301,1301,S,FIGUEROA,ST,90015,Installation of a 13-foot tall inflatable character (air balloon figur,Los Angeles Convention Center West Hall,KCON LA 2025,2025-08-01T00:00:00.000,2025-08-03T00:00:00.000,"{'latitude': '34.04058', 'longitude': '-118.26853', 'human_address': '{""address"": """", ""city"": """", ""state"": """", ""zip"": """"}'}",V03,LA Convention Center (Halls 1-3),190.2,34.04058,-118.26853,LADBS Building and Safety Temporary Special Event (TSE) Permits,
254109000001244,Temporary Special Event,Commercial,3939,3939,S,FIGUEROA,ST,90037,ROOFTOP TENT,,ROOFTOP TENT,2025-08-01T00:00:00.000,2025-08-07T00:00:00.000,"{'latitude': '34.01173', 'longitude': '-118.28296', 'human_address': '{""address"": """", ""city"": """", ""state"": """", ""zip"": """"}'}",V06,Exposition Park Stadium (BMO Stadium),192.4,34.01173,-118.28296,LADBS Building and Safety Temporary Special Event (TSE) Permits,
254109000001175,Temporary Special Event,Commercial,3939,3939,S,FIGUEROA,ST,90037,LAFC v Carson Breakroom,Inspection ay 8 am please,ROOFTOP TENT,2025-07-19T00:00:00.000,2025-07-19T00:00:00.000,"{'latitude': '34.01173', 'longitude': '-118.28296', 'human_address': '{""address"": """", ""city"": """", ""state"": """", ""zip"": """"}'}",V06,Exposition Park Stadium (BMO Stadium),192.4,34.01173,-118.28296,LADBS Building and Safety Temporary Special Event (TSE) Permits,
254109000001150,Temporary Special Event,Vacant Land,3834,3834,S,BILL ROBERTSON,LANE,90037,Stage for concert,Expo Park,CHRIS STUSSY,2025-07-19T00:00:00.000,2025-07-20T00:00:00.000,"{'latitude': '34.01591', 'longitude': '-118.28998', 'human_address': '{""address"": """", ""city"": """", ""state"": """", ""zip"": """"}'}",V05,LA Memorial Coliseum,278.0,34.01591,-118.28998,LADBS Building and Safety Temporary Special Event (TSE) Permits,
254109000001154,Temporary Special Event,Commercial,665,665,W,JEFFERSON,BLVD,90007,TCUP for Corporate Event in the west parking lot West TCUP for Corpora,West Lot,AMERICA'S BALL 2025,2025-07-13T00:00:00.000,2025-07-13T00:00:00.000,"{'latitude': '34.02302', 'longitude': '-118.28206', 'human_address': '{""address"": """", ""city"": """", ""state"": """", ""zip"": """"}'}",V07,Galen Center (USC),294.1,34.02302,-118.28206,LADBS Building and Safety Temporary Special Event (TSE) Permits,
254109000000868,Temporary Special Event,Commercial,1330,1330,W,PICO,BLVD,90015,"There is one stage 8'x12'x24"" high.",The event in in a parking lot roughly at 1302 W Pico,1330 W PICO JUNE 14,2025-07-12T00:00:00.000,2025-07-12T00:00:00.000,"{'latitude': '34.04309', 'longitude': '-118.27398', 'human_address': '{""address"": """", ""city"": """", ""state"": """", ""zip"": """"}'}",V03,LA Convention Center (Halls 1-3),507.0,34.04309,-118.27398,LADBS Building and Safety Temporary Special Event (TSE) Permits,
254109000000920,Temporary Special Event,Commercial,1301,1301,S,FIGUEROA,ST,90015,"Structure > 12 Ft. & Stages or Platforms > 30"" above grade","LACC , South Hall, Booth 1300, SEGA",LA ANIME EXPO 2025,2025-07-03T00:00:00.000,2025-07-06T00:00:00.000,"{'latitude': '34.04058', 'longitude': '-118.26853', 'human_address': '{""address"": """", ""city"": """", ""state"": """", ""zip"": """"}'}",V03,LA Convention Center (Halls 1-3),190.2,34.04058,-118.26853,LADBS Building and Safety Temporary Special Event (TSE) Permits,
254109000001036,Temporary Special Event,Commercial,1301,1301,S,FIGUEROA,ST,90015,Temporary Installation,,CRUNCHYROLL BOOTH,2025-07-03T00:00:00.000,2025-07-06T00:00:00.000,"{'latitude': '34.04058', 'longitude': '-118.26853', 'human_address': '{""address"": """", ""city"": """", ""state"": """", ""zip"": """"}'}",V03,LA Convention Center (Halls 1-3),190.2,34.04058,-118.26853,LADBS Building and Safety Temporary Special Event (TSE) Permits,
254109000001037,Temporary Special Event,Commercial,1301,1301,S,FIGUEROA,ST,90015,Temporary Installation,,BEYBLADE BOOTH E-25,2025-07-03T00:00:00.000,2025-07-06T00:00:00.000,"{'latitude': '34.04058', 'longitude': '-118.26853', 'human_address': '{""address"": """", ""city"": """", ""state"": """", ""zip"": """"}'}",V03,LA Convention Center (Halls 1-3),190.2,34.04058,-118.26853,LADBS Building and Safety Temporary Special Event (TSE) Permits,
254109000001081,Temporary Special Event,Commercial,800,800,W,OLYMPIC,BLVD,90015,Stage for Event,Peacock Plaza of LA Live,ANIME EXPO BEER GARDEN,2025-07-03T00:00:00.000,2025-07-06T00:00:00.000,"{'latitude': '34.04484', 'longitude': '-118.26453', 'human_address': '{""address"": """", ""city"": """", ""state"": """", ""zip"": """"}'}",V04,Peacock Theater,221.6,34.04484,-118.26453,LADBS Building and Safety Temporary Special Event (TSE) Permits,
254109000001035,Temporary Special Event,Commercial,1301,1301,S,FIGUEROA,ST,90015,Single Temporary Installation,,LILIUHMS BOOTH 4230,2025-07-03T00:00:00.000,2025-07-07T00:00:00.000,"{'latitude': '34.04058', 'longitude': '-118.26853', 'human_address': '{""address"": """", ""city"": """", ""state"": """", ""zip"": """"}'}",V03,LA Convention Center (Halls 1-3),190.2,34.04058,-118.26853,LADBS Building and Safety Temporary Special Event (TSE) Permits,
254109000001083,Temporary Special Event,Commercial,1301,1301,S,FIGUEROA,ST,90015,Exhibit Space Displaying Product,South Hall LACC,ANIME EXPO 2025,2025-07-03T00:00:00.000,2025-07-06T00:00:00.000,"{'latitude': '34.04058', 'longitude': '-118.26853', 'human_address': '{""address"": """", ""city"": """", ""state"": """", ""zip"": """"}'}",V03,LA Convention Center (Halls 1-3),190.2,34.04058,-118.26853,LADBS Building and Safety Temporary Special Event (TSE) Permits,
254109000000907,Temporary Special Event,Commercial,1301,1301,S,FIGUEROA,ST,90015,Structural Engineering,"Pony Canyon Inc #SH-1520
South Hall, Left Side Near Middle",ANIME EXPO 2025 - PONY CANYON #SH-1520,2025-07-03T00:00:00.000,2025-07-06T00:00:00.000,"{'latitude': '34.04058', 'longitude': '-118.26853', 'human_address': '{""address"": """", ""city"": """", ""state"": """", ""zip"": """"}'}",V03,LA Convention Center (Halls 1-3),190.2,34.04058,-118.26853,LADBS Building and Safety Temporary Special Event (TSE) Permits,
254109000000972,Temporary Special Event,Commercial,1301,1301,S,FIGUEROA,ST,90015,One wall is 16' tall.,South hall of LACC left side of the hall,CYGAMES SOUTH HALL BOOTH #714,2025-07-03T00:00:00.000,2025-07-06T00:00:00.000,"{'latitude': '34.04058', 'longitude': '-118.26853', 'human_address': '{""address"": """", ""city"": """", ""state"": """", ""zip"": """"}'}",V03,LA Convention Center (Halls 1-3),190.2,34.04058,-118.26853,LADBS Building and Safety Temporary Special Event (TSE) Permits,SH-714
254109000001088,Temporary Special Event,Commercial,1301,1301,S,FIGUEROA,ST,90015,Exhibiting anime booth design with props and hanging signs for an imme,,ANIME EXPO25,2025-07-03T00:00:00.000,2025-07-06T00:00:00.000,"{'latitude': '34.04058', 'longitude': '-118.26853', 'human_address': '{""address"": """", ""city"": """", ""state"": """", ""zip"": """"}'}",V03,LA Convention Center (Halls 1-3),190.2,34.04058,-118.26853,LADBS Building and Safety Temporary Special Event (TSE) Permits,
254109000000744,Temporary Special Event,Commercial,1301,1301,S,FIGUEROA,ST,90015,Inspect 16' high exhibit,,ANIME EXPO 2025,2025-07-03T00:00:00.000,2025-07-06T00:00:00.000,"{'latitude': '34.04058', 'longitude': '-118.26853', 'human_address': '{""address"": """", ""city"": """", ""state"": """", ""zip"": """"}'}",V03,LA Convention Center (Halls 1-3),190.2,34.04058,-118.26853,LADBS Building and Safety Temporary Special Event (TSE) Permits,
254109000000919,Temporary Special Event,Commercial,1301,1301,S,FIGUEROA,ST,90015,"Structure > 12ft. & Stages/platform > 30"" above grade.","LACC, West Hall, Booth # 608, NETFLIX",LA ANIME EXPO 2025,2025-07-03T00:00:00.000,2025-07-06T00:00:00.000,"{'latitude': '34.04058', 'longitude': '-118.26853', 'human_address': '{""address"": """", ""city"": """", ""state"": """", ""zip"": """"}'}",V03,LA Convention Center (Halls 1-3),190.2,34.04058,-118.26853,LADBS Building and Safety Temporary Special Event (TSE) Permits,
254109000001079,Temporary Special Event,Commercial,1301,1301,S,FIGUEROA,ST,90015,Trade Show Booth,Booth 7218,ANIME EXPO 2025,2025-07-03T00:00:00.000,2025-07-06T00:00:00.000,"{'latitude': '34.04058', 'longitude': '-118.26853', 'human_address': '{""address"": """", ""city"": """", ""state"": """", ""zip"": """"}'}",V03,LA Convention Center (Halls 1-3),190.2,34.04058,-118.26853,LADBS Building and Safety Temporary Special Event (TSE) Permits,
254109000001005,Temporary Special Event,Commercial,1301,1301,S,FIGUEROA,ST,90015,"Engineer Stamps of video walls, character walls and jumbotron are all",,KODANSHA @ ANIME EXPO BOOTH 1225,2025-07-03T00:00:00.000,2025-07-06T00:00:00.000,"{'latitude': '34.04058', 'longitude': '-118.26853', 'human_address': '{""address"": """", ""city"": """", ""state"": """", ""zip"": """"}'}",V03,LA Convention Center (Halls 1-3),190.2,34.04058,-118.26853,LADBS Building and Safety Temporary Special Event (TSE) Permits,
254109000001011,Temporary Special Event,Commercial,1301,1301,S,FIGUEROA,ST,90015,Endorsement for hanging and structure above 12ft,,MAPPA @ ANIME EXPO 2025,2025-07-03T00:00:00.000,2025-07-06T00:00:00.000,"{'latitude': '34.04058', 'longitude': '-118.26853', 'human_address': '{""address"": """", ""city"": """", ""state"": """", ""zip"": """"}'}",V03,LA Convention Center (Halls 1-3),190.2,34.04058,-118.26853,LADBS Building and Safety Temporary Special Event (TSE) Permits,
254109000001076,Temporary Special Event,Commercial,3939,3939,S,FIGUEROA,ST,90037,LAFC v VAN Breakroom,"Inspection at 8 am please
Please call Abdul 213-663-0900",ROOFTOP TENT,2025-06-29T00:00:00.000,2025-06-29T00:00:00.000,"{'latitude': '34.01173', 'longitude': '-118.28296', 'human_address': '{""address"": """", ""city"": """", ""state"": """", ""zip"": """"}'}",V06,Exposition Park Stadium (BMO Stadium),192.4,34.01173,-118.28296,LADBS Building and Safety Temporary Special Event (TSE) Permits,
254109000000798,Temporary Special Event,Public Way,700,700,W,EXPOSITION PARK,DR,90007,Building a stage with trussing and steeledeck,Exposition Park - on Expo Lawn West - on The Exposition Blvd side of the park.,BRUNCH ELECTRONIK,2025-06-28T00:00:00.000,2025-06-29T00:00:00.000,"{'latitude': '34.01561', 'longitude': '-118.28665', 'human_address': '{""address"": """", ""city"": """", ""state"": """", ""zip"": """"}'}",V05,LA Memorial Coliseum,203.6,34.01561,-118.28665,LADBS Building and Safety Temporary Special Event (TSE) Permits,
254109000001034,Temporary Special Event,Commercial,777,777,W,CHICK HEARN,CT,90015,Install suspended cable camera system for filming event,Install suspended camera system for event,NHL DRAFT,2025-06-25T00:00:00.000,2025-06-28T00:00:00.000,"{'latitude': '34.04406', 'longitude': '-118.26707', 'human_address': '{""address"": """", ""city"": """", ""state"": """", ""zip"": """"}'}",V04,Peacock Theater,51.4,34.04406,-118.26707,LADBS Building and Safety Temporary Special Event (TSE) Permits,
254109000000673,Temporary Special Event,Commercial,425,425,S,PALOS VERDES,ST,90731,Temporary display build for Electrify Expo 2025 on the parking lot of,This is an outdoor event,ELECTRIFY EXPO 2025,2025-06-21T00:00:00.000,2025-06-22T00:00:00.000,"{'latitude': '33.74102', 'longitude': '-118.28156', 'human_address': '{""address"": """", ""city"": """", ""state"": """", ""zip"": """"}'}",V11,Port of Los Angeles,26.4,33.74102,-118.28156,LADBS Building and Safety Temporary Special Event (TSE) Permits,
254109000001044,Temporary Special Event,Commercial,3911,3911,S,FIGUEROA,ST,90037,Temporary Truss 44 -12' Truss with 42' Sails 20x20  Bryan Phelps  310,in peristyle,PWC,2025-06-20T00:00:00.000,2025-06-20T00:00:00.000,"{'latitude': '34.01366', 'longitude': '-118.28294', 'human_address': '{""address"": """", ""city"": """", ""state"": """", ""zip"": """"}'}",V06,Exposition Park Stadium (BMO Stadium),180.4,34.01366,-118.28294,LADBS Building and Safety Temporary Special Event (TSE) Permits,
254109000001028,Temporary Special Event,Commercial,777,777,W,CHICK HEARN,CT,90015,"Temporary Structure  9' wide x 14'-9"" high father's day card  Activate",Peacock plaza,US OPEN ACTIVATION,2025-06-13T00:00:00.000,2025-06-14T00:00:00.000,"{'latitude': '34.04406', 'longitude': '-118.26707', 'human_address': '{""address"": """", ""city"": """", ""state"": """", ""zip"": """"}'}",V04,Peacock Theater,51.4,34.04406,-118.26707,LADBS Building and Safety Temporary Special Event (TSE) Permits,
254109000000996,Temporary Special Event,Commercial,777,777,W,CHICK HEARN,CT,90015,"Temporary Truss on the carpet  Truss A 18'-5"" HIGH  Truss B 18'-5"" HIG",On Chick heran court.,BET ARRIVALS,2025-06-09T00:00:00.000,2025-06-09T00:00:00.000,"{'latitude': '34.04406', 'longitude': '-118.26707', 'human_address': '{""address"": """", ""city"": """", ""state"": """", ""zip"": """"}'}",V04,Peacock Theater,51.4,34.04406,-118.26707,LADBS Building and Safety Temporary Special Event (TSE) Permits,
254109000000980,Temporary Special Event,Commercial,777,777,W,CHICK HEARN,CT,90015,Temporary Tent  50x80 2-20x30 15x30 15x25 3-10x10  Bright Rentals  Jor,Check Hearn,2025 BET AWARDS,2025-06-09T00:00:00.000,2025-06-09T00:00:00.000,"{'latitude': '34.04406', 'longitude': '-118.26707', 'human_address': '{""address"": """", ""city"": """", ""state"": """", ""zip"": """"}'}",V04,Peacock Theater,51.4,34.04406,-118.26707,LADBS Building and Safety Temporary Special Event (TSE) Permits,
254109000000886,Temporary Special Event,Commercial,777,777,W,CHICK HEARN,CT,90015,Dynamicam camera install inside Peacock Theater. Contact is Dennis Chu,,2025 BET AWARDS,2025-06-09T00:00:00.000,2025-06-09T00:00:00.000,"{'latitude': '34.04406', 'longitude': '-118.26707', 'human_address': '{""address"": """", ""city"": """", ""state"": """", ""zip"": """"}'}",V04,Peacock Theater,51.4,34.04406,-118.26707,LADBS Building and Safety Temporary Special Event (TSE) Permits,
254109000001001,Temporary Special Event,Commercial,777,777,W,CHICK HEARN,CT,90015,Temporary Tent  140 x 300 AEG   BET Event  6/09    VICTOR TRUJILLO Sr.,Event deck,THE BET AWARDS,2025-06-08T00:00:00.000,2025-06-08T00:00:00.000,"{'latitude': '34.04406', 'longitude': '-118.26707', 'human_address': '{""address"": """", ""city"": """", ""state"": """", ""zip"": """"}'}",V04,Peacock Theater,51.4,34.04406,-118.26707,LADBS Building and Safety Temporary Special Event (TSE) Permits,
254109000000927,Temporary Special Event,Vacant Land,700,700,W,EXPOSITION PARK,DR,90007,(1) Stage with Truss Structure Canopy and speaker mounts 24.5' W x 15.,Lawn Across from BMO Stadium,ACFC (ANGEL CITY FOOTBALL CLUB)FAN FEST,2025-06-07T00:00:00.000,2025-06-07T00:00:00.000,"{'latitude': '34.01561', 'longitude': '-118.28665', 'human_address': '{""address"": """", ""city"": """", ""state"": """", ""zip"": """"}'}",V05,LA Memorial Coliseum,203.6,34.01561,-118.28665,LADBS Building and Safety Temporary Special Event (TSE) Permits,
254109000000986,Temporary Special Event,Commercial,3939,3939,S,FIGUEROA,ST,90037,Breakroom: ACFC (CHI) / LAFC (SKC),"Inspection at 8 am please
Plese call Mike 310-850-6637",ROOFTOP TENT,2025-06-07T00:00:00.000,2025-06-08T00:00:00.000,"{'latitude': '34.01173', 'longitude': '-118.28296', 'human_address': '{""address"": """", ""city"": """", ""state"": """", ""zip"": """"}'}",V06,Exposition Park Stadium (BMO Stadium),192.4,34.01173,-118.28296,LADBS Building and Safety Temporary Special Event (TSE) Permits,
254109000000975,Temporary Special Event,Commercial,3551,3551,S,TROUSDALE,PKWY,90089,Temporary Tents  2-15x40 101x10  600 Guest 4pm-9pm ' Tim Wlaker 508 27,Founders park,NAI GALA DINNER,2025-06-05T00:00:00.000,2025-06-05T00:00:00.000,"{'latitude': '34.02066', 'longitude': '-118.28531', 'human_address': '{""address"": """", ""city"": """", ""state"": """", ""zip"": """"}'}",V07,Galen Center (USC),490.8,34.02066,-118.28531,LADBS Building and Safety Temporary Special Event (TSE) Permits,
254109000000956,Temporary Special Event,Commercial,1800,1800,S,OCEAN FRONT,WALK,90291,"SS40 Ta-1 Structure  43' -2"" x23' X 9'-1""  Roof top access with ADA LI",tennis court,PICKBALL FRENCH OPEN,2025-06-04T00:00:00.000,2025-06-07T00:00:00.000,"{'latitude': '33.98581', 'longitude': '-118.47284', 'human_address': '{""address"": """", ""city"": """", ""state"": """", ""zip"": """"}'}",V14,Venice Beach Boardwalk,92.7,33.98581,-118.47284,LADBS Building and Safety Temporary Special Event (TSE) Permits,
254109000000913,Temporary Special Event,Commercial,3939,3939,S,FIGUEROA,ST,90037,LAFC (CA) Breakroom,Inspection at 8 am please,ROOFTOP TENT,2025-05-31T00:00:00.000,2025-06-01T00:00:00.000,"{'latitude': '34.01173', 'longitude': '-118.28296', 'human_address': '{""address"": """", ""city"": """", ""state"": """", ""zip"": """"}'}",V06,Exposition Park Stadium (BMO Stadium),192.4,34.01173,-118.28296,LADBS Building and Safety Temporary Special Event (TSE) Permits,
254109000000521,Temporary Special Event,Commercial,1301,1301,S,FIGUEROA,ST,90015,Intracellular 40x40 booth space with structure and hanging sign,,AMERICAN PSYCHIATRIC ASSOCIATION,2025-05-17T00:00:00.000,2025-05-20T00:00:00.000,"{'latitude': '34.04058', 'longitude': '-118.26853', 'human_address': '{""address"": """", ""city"": """", ""state"": """", ""zip"": """"}'}",V03,LA Convention Center (Halls 1-3),190.2,34.04058,-118.26853,LADBS Building and Safety Temporary Special Event (TSE) Permits,
254109000000738,Temporary Special Event,Commercial,1301,1301,S,FIGUEROA,ST,90015,conference show booth with signage structure above 12 feet,LACC,VANDA PHARMA BOOTH AT APA,2025-05-17T00:00:00.000,2025-05-21T00:00:00.000,"{'latitude': '34.04058', 'longitude': '-118.26853', 'human_address': '{""address"": """", ""city"": """", ""state"": """", ""zip"": """"}'}",V03,LA Convention Center (Halls 1-3),190.2,34.04058,-118.26853,LADBS Building and Safety Temporary Special Event (TSE) Permits,
254109000000822,Temporary Special Event,Commercial,1250,1250,N,CAPRI,DR,90272,Temporary Tents 50x50 8x8 20x20  48 Guest  4pm-,Grass area,WEDDING,2025-05-17T00:00:00.000,2025-05-17T00:00:00.000,"{'latitude': '34.05121', 'longitude': '-118.50122', 'human_address': '{""address"": """", ""city"": """", ""state"": """", ""zip"": """"}'}",V10,Riviera Country Club,494.0,34.05121,-118.50122,LADBS Building and Safety Temporary Special Event (TSE) Permits,
254109000000814,Temporary Special Event,Commercial,919,919,S,ALBANY,ST,90015,TCUP for 2500 Grads and Guest 8z;30am -1:30pm  50x60 canopy  Shawn Fla,Grass area,LOYOLA LAW,2025-05-16T00:00:00.000,2025-05-16T00:00:00.000,"{'latitude': '34.04913', 'longitude': '-118.27045', 'human_address': '{""address"": """", ""city"": """", ""state"": """", ""zip"": """"}'}",V04,Peacock Theater,609.9,34.04913,-118.27045,LADBS Building and Safety Temporary Special Event (TSE) Permits,
254109000000752,Temporary Special Event,Commercial,3551,3551,S,TROUSDALE,PKWY,90089,Temporary Tents 5-10x10 TCUP FOR 1200 Guest  9am-6pm for ceremonies  S,Founders park,COMMENCEMENT CEREMONIES,2025-05-16T00:00:00.000,2025-05-16T00:00:00.000,"{'latitude': '34.02066', 'longitude': '-118.28531', 'human_address': '{""address"": """", ""city"": """", ""state"": """", ""zip"": """"}'}",V07,Galen Center (USC),490.8,34.02066,-118.28531,LADBS Building and Safety Temporary Special Event (TSE) Permits,
254109000000741,Temporary Special Event,Commercial,1301,1301,S,FIGUEROA,ST,90015,Light Box and Closet Inspection,,CLOSET & LIGHTBOX IN BOOTH,2025-05-16T00:00:00.000,2025-05-21T00:00:00.000,"{'latitude': '34.04058', 'longitude': '-118.26853', 'human_address': '{""address"": """", ""city"": """", ""state"": """", ""zip"": """"}'}",V03,LA Convention Center (Halls 1-3),190.2,34.04058,-118.26853,LADBS Building and Safety Temporary Special Event (TSE) Permits,
254109000000764,Temporary Special Event,Commercial,3911,3911,S,FIGUEROA,ST,90037,Temporary Structures Mobile Stage SM550 with rigging and LED A+B 64' T,On the field,USC COMMENCEMENT,2025-05-15T00:00:00.000,2025-05-15T00:00:00.000,"{'latitude': '34.01366', 'longitude': '-118.28294', 'human_address': '{""address"": """", ""city"": """", ""state"": """", ""zip"": """"}'}",V06,Exposition Park Stadium (BMO Stadium),180.4,34.01366,-118.28294,LADBS Building and Safety Temporary Special Event (TSE) Permits,
254109000000806,Temporary Special Event,Commercial,3939,3939,S,FIGUEROA,ST,90037,Breakroom: LAFC / Clasico,,ROOFTOP TENT,2025-05-14T00:00:00.000,2025-05-18T00:00:00.000,"{'latitude': '34.01173', 'longitude': '-118.28296', 'human_address': '{""address"": """", ""city"": """", ""state"": """", ""zip"": """"}'}",V06,Exposition Park Stadium (BMO Stadium),192.4,34.01173,-118.28296,LADBS Building and Safety Temporary Special Event (TSE) Permits,
254109000000784,Temporary Special Event,Commercial,3400,3400,S,FIGUEROA,ST,90007,STAGE,USC GALEN CENTER,USC GRADUATION,2025-05-13T00:00:00.000,2025-05-17T00:00:00.000,"{'latitude': '34.02167', 'longitude': '-118.2799', 'human_address': '{""address"": """", ""city"": """", ""state"": """", ""zip"": """"}'}",V07,Galen Center (USC),75.1,34.02167,-118.2799,LADBS Building and Safety Temporary Special Event (TSE) Permits,
254109000000759,Temporary Special Event,Commercial,3911,3911,S,FIGUEROA,ST,90037,32'x24'x4' stage at Peristyle at East end of LA Coliseum,Inside East end of LA Coliseum at Peristyle,LAUSD & HWF,2025-05-10T00:00:00.000,2025-05-10T00:00:00.000,"{'latitude': '34.01366', 'longitude': '-118.28294', 'human_address': '{""address"": """", ""city"": """", ""state"": """", ""zip"": """"}'}",V06,Exposition Park Stadium (BMO Stadium),180.4,34.01366,-118.28294,LADBS Building and Safety Temporary Special Event (TSE) Permits,
254109000000719,Temporary Special Event,Commercial,3400,3400,S,FIGUEROA,ST,90007,STAGE,USC GALEN CENTER,E BLAST,2025-05-08T00:00:00.000,2025-05-08T00:00:00.000,"{'latitude': '34.02167', 'longitude': '-118.2799', 'human_address': '{""address"": """", ""city"": """", ""state"": """", ""zip"": """"}'}",V07,Galen Center (USC),75.1,34.02167,-118.2799,LADBS Building and Safety Temporary Special Event (TSE) Permits,
254109000000619,Temporary Special Event,Commercial,4700,4700,W,WESTERN HERITAGE,WAY,90027,check tent structures and stage truss structure,The lawn at The Autry Museum,GREAT BIG FAMILY PLAY DAY,2025-05-03T00:00:00.000,2025-05-04T00:00:00.000,"{'latitude': '34.14865', 'longitude': '-118.28197', 'human_address': '{""address"": """", ""city"": """", ""state"": """", ""zip"": """"}'}",V08,LA Zoo,344.3,34.14865,-118.28197,LADBS Building and Safety Temporary Special Event (TSE) Permits,
254109000000647,Temporary Special Event,Commercial,3939,3939,S,FIGUEROA,ST,90037,"LAFC Breakroom (STL/HOU), Miguel Contreras",Inspection at 8 am please. Please call Bryan 310-447-5896,ROOFTOP TENT,2025-04-27T00:00:00.000,2025-05-03T00:00:00.000,"{'latitude': '34.01173', 'longitude': '-118.28296', 'human_address': '{""address"": """", ""city"": """", ""state"": """", ""zip"": """"}'}",V06,Exposition Park Stadium (BMO Stadium),192.4,34.01173,-118.28296,LADBS Building and Safety Temporary Special Event (TSE) Permits,
254109000000584,Temporary Special Event,Commercial,3400,3400,S,FIGUEROA,ST,90007,WRESTLING RING,USC GALEN CENTER,TNA WRESTLING,2025-04-27T00:00:00.000,2025-04-27T00:00:00.000,"{'latitude': '34.02167', 'longitude': '-118.2799', 'human_address': '{""address"": """", ""city"": """", ""state"": """", ""zip"": """"}'}",V07,Galen Center (USC),75.1,34.02167,-118.2799,LADBS Building and Safety Temporary Special Event (TSE) Permits,
254109000000649,Temporary Special Event,Commercial,1149,1149,S,HILL,ST,90015,20X20 TENT  Signature party,Parking lot,WEDDING,2025-04-26T00:00:00.000,2025-04-26T00:00:00.000,"{'latitude': '34.03926', 'longitude': '-118.26099', 'human_address': '{""address"": """", ""city"": """", ""state"": """", ""zip"": """"}'}",V02,DTLA Arena (Crypto.com Arena),713.9,34.03926,-118.26099,LADBS Building and Safety Temporary Special Event (TSE) Permits,
254109000000555,Temporary Special Event,Commercial,1301,1301,S,FIGUEROA,ST,90015,Structural analysis of a temporary ground supported structure of indoo,,ALCON ASCRS ARCH ENTRANCE UNIT,2025-04-26T00:00:00.000,2025-04-28T00:00:00.000,"{'latitude': '34.04058', 'longitude': '-118.26853', 'human_address': '{""address"": """", ""city"": """", ""state"": """", ""zip"": """"}'}",V03,LA Convention Center (Halls 1-3),190.2,34.04058,-118.26853,LADBS Building and Safety Temporary Special Event (TSE) Permits,
254109000000591,Temporary Special Event,Commercial,777,777,W,CHICK HEARN,CT,90015,Temporary Tent  300x140  Existing AEG Tent  Sal Sandate  213 435 8611,Event Deck,PIZZA CITY FEST,2025-04-26T00:00:00.000,2025-04-27T00:00:00.000,"{'latitude': '34.04406', 'longitude': '-118.26707', 'human_address': '{""address"": """", ""city"": """", ""state"": """", ""zip"": """"}'}",V04,Peacock Theater,51.4,34.04406,-118.26707,LADBS Building and Safety Temporary Special Event (TSE) Permits,
254109000000623,Temporary Special Event,Commercial,3911,3911,S,FIGUEROA,ST,90037,TCUP for dinner set up 1:30pm-3pm 350 Guest,Field,USC DINNER,2025-04-26T00:00:00.000,2025-04-26T00:00:00.000,"{'latitude': '34.01366', 'longitude': '-118.28294', 'human_address': '{""address"": """", ""city"": """", ""state"": """", ""zip"": """"}'}",V06,Exposition Park Stadium (BMO Stadium),180.4,34.01366,-118.28294,LADBS Building and Safety Temporary Special Event (TSE) Permits,
254109000000622,Temporary Special Event,Commercial,700,700,W,EXPOSITION PARK,DR,90007,Temporary Tents  131'x 98 & 75'x32 David Brumley David brumley  Avalon,Rose Garden,SCIENCE  GALA,2025-04-26T00:00:00.000,2025-04-26T00:00:00.000,"{'latitude': '34.01561', 'longitude': '-118.28665', 'human_address': '{""address"": """", ""city"": """", ""state"": """", ""zip"": """"}'}",V05,LA Memorial Coliseum,203.6,34.01561,-118.28665,LADBS Building and Safety Temporary Special Event (TSE) Permits,
254109000000621,Temporary Special Event,Commercial,3501,3501,S,WATT,WAY,90089,Temporary Tent  10x30  Town & Country  Bryan Phelps 310 755 0463,Patio,RECRUIT DINNER,2025-04-26T00:00:00.000,2025-04-26T00:00:00.000,"{'latitude': '34.02243', 'longitude': '-118.28658', 'human_address': '{""address"": """", ""city"": """", ""state"": """", ""zip"": """"}'}",V07,Galen Center (USC),626.9,34.02243,-118.28658,LADBS Building and Safety Temporary Special Event (TSE) Permits,
254109000000064,Temporary Special Event,Commercial,620,620,W,USC MC CARTHY,WAY,90089,Tents for exhibitors and audience,Please contact Chris Conrad for walk through,LA TIMES FESTIVAL OF BOOKS,2025-04-26T00:00:00.000,2025-04-27T00:00:00.000,"{'latitude': '34.02053', 'longitude': '-118.28156', 'human_address': '{""address"": """", ""city"": """", ""state"": """", ""zip"": """"}'}",V07,Galen Center (USC),153.0,34.02053,-118.28156,LADBS Building and Safety Temporary Special Event (TSE) Permits,
254109000000297,Temporary Special Event,Commercial,1301,1301,S,FIGUEROA,ST,90015,Stamp for wall height of 14',,ASCRS,2025-04-25T00:00:00.000,2025-04-27T00:00:00.000,"{'latitude': '34.04058', 'longitude': '-118.26853', 'human_address': '{""address"": """", ""city"": """", ""state"": """", ""zip"": """"}'}",V03,LA Convention Center (Halls 1-3),190.2,34.04058,-118.26853,LADBS Building and Safety Temporary Special Event (TSE) Permits,
254109000000501,Temporary Special Event,Commercial,1301,1301,S,FIGUEROA,ST,90015,Arch,,THEA PHARMA - ARCH & CLOSET STRUCTURE,2025-04-25T00:00:00.000,2025-04-28T00:00:00.000,"{'latitude': '34.04058', 'longitude': '-118.26853', 'human_address': '{""address"": """", ""city"": """", ""state"": """", ""zip"": """"}'}",V03,LA Convention Center (Halls 1-3),190.2,34.04058,-118.26853,LADBS Building and Safety Temporary Special Event (TSE) Permits,
254109000000235,Temporary Special Event,Commercial,1301,1301,S,FIGUEROA,ST,90015,Tradeshow Exhibit Structure,Show floor,GLAUKOS - ISLAND BOOTH STRUCTURE,2025-04-25T00:00:00.000,2025-04-27T00:00:00.000,"{'latitude': '34.04058', 'longitude': '-118.26853', 'human_address': '{""address"": """", ""city"": """", ""state"": """", ""zip"": """"}'}",V03,LA Convention Center (Halls 1-3),190.2,34.04058,-118.26853,LADBS Building and Safety Temporary Special Event (TSE) Permits,
254109000000330,Temporary Special Event,Commercial,1301,1301,S,FIGUEROA,ST,90015,Building of storage closet structure that is 13 feet in height.,,OERTLI EXHIBIT BOOTH TALL STRUCTURE,2025-04-25T00:00:00.000,2025-04-27T00:00:00.000,"{'latitude': '34.04058', 'longitude': '-118.26853', 'human_address': '{""address"": """", ""city"": """", ""state"": """", ""zip"": """"}'}",V03,LA Convention Center (Halls 1-3),190.2,34.04058,-118.26853,LADBS Building and Safety Temporary Special Event (TSE) Permits,
254109000000576,Temporary Special Event,Commercial,1301,1301,S,FIGUEROA,ST,90015,STRUCTURAL REVIEW OF LED LIGHT FIXTURE (VORTEX) - HANGING STRUCTURE WI,SOUTH HALL,ASCRS 2025,2025-04-25T00:00:00.000,2025-04-28T00:00:00.000,"{'latitude': '34.04058', 'longitude': '-118.26853', 'human_address': '{""address"": """", ""city"": """", ""state"": """", ""zip"": """"}'}",V03,LA Convention Center (Halls 1-3),190.2,34.04058,-118.26853,LADBS Building and Safety Temporary Special Event (TSE) Permits,
254109000000483,Temporary Special Event,Commercial,1301,1301,S,FIGUEROA,ST,90015,Registered Engineer,Los Angeles Convention Center Level 1,STAAR SURGICAL BOOTH#1201,2025-04-25T00:00:00.000,2025-04-27T00:00:00.000,"{'latitude': '34.04058', 'longitude': '-118.26853', 'human_address': '{""address"": """", ""city"": """", ""state"": """", ""zip"": """"}'}",V03,LA Convention Center (Halls 1-3),190.2,34.04058,-118.26853,LADBS Building and Safety Temporary Special Event (TSE) Permits,
254109000000615,Temporary Special Event,Commercial,1301,1301,S,FIGUEROA,ST,90015,Rayner Surgical - 12'H+ Structure,South Hall,ASCRS 2025,2025-04-25T00:00:00.000,2025-04-28T00:00:00.000,"{'latitude': '34.04058', 'longitude': '-118.26853', 'human_address': '{""address"": """", ""city"": """", ""state"": """", ""zip"": """"}'}",V03,LA Convention Center (Halls 1-3),190.2,34.04058,-118.26853,LADBS Building and Safety Temporary Special Event (TSE) Permits,
254109000000579,Temporary Special Event,Commercial,1301,1301,S,FIGUEROA,ST,90015,Review and stamp construction drawings for structures over 12' high,Los Angeles Convention Center,ASCRS,2025-04-25T00:00:00.000,2025-04-27T00:00:00.000,"{'latitude': '34.04058', 'longitude': '-118.26853', 'human_address': '{""address"": """", ""city"": """", ""state"": """", ""zip"": """"}'}",V03,LA Convention Center (Halls 1-3),190.2,34.04058,-118.26853,LADBS Building and Safety Temporary Special Event (TSE) Permits,
254109000000602,Temporary Special Event,Commercial,1301,1301,S,FIGUEROA,ST,90015,"Exhibit installation/dismantle, includes an LED Video wall 13' 4""",Los Angeles Convention Center - Hall H,BIOTISSUE - LED EXHIBIT WALL,2025-04-25T00:00:00.000,2025-04-27T00:00:00.000,"{'latitude': '34.04058', 'longitude': '-118.26853', 'human_address': '{""address"": """", ""city"": """", ""state"": """", ""zip"": """"}'}",V03,LA Convention Center (Halls 1-3),190.2,34.04058,-118.26853,LADBS Building and Safety Temporary Special Event (TSE) Permits,
254109000000327,Temporary Special Event,Commercial,1301,1301,S,FIGUEROA,ST,90015,Booth review for structures over 12',,ASCRS,2025-04-25T00:00:00.000,2025-04-28T00:00:00.000,"{'latitude': '34.04058', 'longitude': '-118.26853', 'human_address': '{""address"": """", ""city"": """", ""state"": """", ""zip"": """"}'}",V03,LA Convention Center (Halls 1-3),190.2,34.04058,-118.26853,LADBS Building and Safety Temporary Special Event (TSE) Permits,
254109000000613,Temporary Special Event,Commercial,1301,1301,S,FIGUEROA,ST,90015,"Exhibit installation/Dismantle, includes an LED video wall 13' 4""",Los Angeles Convention Center - Hall H,BIOTISSUE - LED EXHIBIT WALL,2025-04-25T00:00:00.000,2025-04-27T00:00:00.000,"{'latitude': '34.04058', 'longitude': '-118.26853', 'human_address': '{""address"": """", ""city"": """", ""state"": """", ""zip"": """"}'}",V03,LA Convention Center (Halls 1-3),190.2,34.04058,-118.26853,LADBS Building and Safety Temporary Special Event (TSE) Permits,
254109000000611,Temporary Special Event,Commercial,1301,1301,S,FIGUEROA,ST,90015,RAYNER SURGICAL - 12'H+ STRUCTURE,SOUTH HALL,ASCRS 2025,2025-04-25T00:00:00.000,2025-04-28T00:00:00.000,"{'latitude': '34.04058', 'longitude': '-118.26853', 'human_address': '{""address"": """", ""city"": """", ""state"": """", ""zip"": """"}'}",V03,LA Convention Center (Halls 1-3),190.2,34.04058,-118.26853,LADBS Building and Safety Temporary Special Event (TSE) Permits,
254109000000333,Temporary Special Event,Commercial,1301,1301,S,FIGUEROA,ST,90015,Building of storage closet structure in booth that is over 12' tall,,OERTLI EXHIBIT BOOTH TALL STRUCTURE,2025-04-25T00:00:00.000,2025-04-27T00:00:00.000,"{'latitude': '34.04058', 'longitude': '-118.26853', 'human_address': '{""address"": """", ""city"": """", ""state"": """", ""zip"": """"}'}",V03,LA Convention Center (Halls 1-3),190.2,34.04058,-118.26853,LADBS Building and Safety Temporary Special Event (TSE) Permits,
254109000000329,Temporary Special Event,Commercial,1301,1301,S,FIGUEROA,ST,90015,Length of aerial LED wall,,ASCRS,2025-04-25T00:00:00.000,2025-04-28T00:00:00.000,"{'latitude': '34.04058', 'longitude': '-118.26853', 'human_address': '{""address"": """", ""city"": """", ""state"": """", ""zip"": """"}'}",V03,LA Convention Center (Halls 1-3),190.2,34.04058,-118.26853,LADBS Building and Safety Temporary Special Event (TSE) Permits,
254109000000540,Temporary Special Event,Commercial,1301,1301,S,FIGUEROA,ST,90015,Approve structure of 14.5 closet walls crafted from beMatrix alluminum,Los Angeles Convention Center South Hall Level One,CARECREDIT EXHIBIT BOOTH AT ASCRS SHOW,2025-04-25T00:00:00.000,2025-04-27T00:00:00.000,"{'latitude': '34.04058', 'longitude': '-118.26853', 'human_address': '{""address"": """", ""city"": """", ""state"": """", ""zip"": """"}'}",V03,LA Convention Center (Halls 1-3),190.2,34.04058,-118.26853,LADBS Building and Safety Temporary Special Event (TSE) Permits,
254109000000123,Temporary Special Event,Commercial,1301,1301,S,FIGUEROA,ST,90015,Certified Stamped Drawings,,ASCRS ANNUAL MEETING 2025,2025-04-23T00:00:00.000,2025-04-23T00:00:00.000,"{'latitude': '34.04058', 'longitude': '-118.26853', 'human_address': '{""address"": """", ""city"": """", ""state"": """", ""zip"": """"}'}",V03,LA Convention Center (Halls 1-3),190.2,34.04058,-118.26853,LADBS Building and Safety Temporary Special Event (TSE) Permits,
254109000000558,Temporary Special Event,Commercial,3501,3501,S,WATT,WAY,90089,Tent 10x30  Town & Country  Bryan Phelps 310 755 0463,Hertiage Hall,USC RECRUIT  DINNER,2025-04-19T00:00:00.000,2025-04-19T00:00:00.000,"{'latitude': '34.02243', 'longitude': '-118.28658', 'human_address': '{""address"": """", ""city"": """", ""state"": """", ""zip"": """"}'}",V07,Galen Center (USC),626.9,34.02243,-118.28658,LADBS Building and Safety Temporary Special Event (TSE) Permits,
254109000000459,Temporary Special Event,Commercial,3939,3939,S,FIGUEROA,ST,90037,LAFC Breakroom (SJQ),Inspection at 8 am please. Call Kianna 213-435-0012 please,ROOFTOP TENT,2025-04-12T00:00:00.000,2025-04-12T00:00:00.000,"{'latitude': '34.01173', 'longitude': '-118.28296', 'human_address': '{""address"": """", ""city"": """", ""state"": """", ""zip"": """"}'}",V06,Exposition Park Stadium (BMO Stadium),192.4,34.01173,-118.28296,LADBS Building and Safety Temporary Special Event (TSE) Permits,
254109000000476,Temporary Special Event,Commercial,700,700,W,EXPOSITION PARK,DR,90007,Tents 30x40 40x60  2-20x30  9-20x20  30x60 20x40  20x60  Town & Countr,South lawn,LA LIBRARY SCIENCE,2025-04-12T00:00:00.000,2025-04-12T00:00:00.000,"{'latitude': '34.01561', 'longitude': '-118.28665', 'human_address': '{""address"": """", ""city"": """", ""state"": """", ""zip"": """"}'}",V05,LA Memorial Coliseum,203.6,34.01561,-118.28665,LADBS Building and Safety Temporary Special Event (TSE) Permits,
254109000000363,Temporary Special Event,Commercial,649,649,W,JEFFERSON,BLVD,90007,Stage in Expo Hall,Shrine Expo Hall,BOYWITHUKE,2025-04-05T00:00:00.000,2025-04-05T00:00:00.000,"{'latitude': '34.02274', 'longitude': '-118.28142', 'human_address': '{""address"": """", ""city"": """", ""state"": """", ""zip"": """"}'}",V07,Galen Center (USC),233.6,34.02274,-118.28142,LADBS Building and Safety Temporary Special Event (TSE) Permits,
254109000000430,Temporary Special Event,Commercial,3911,3911,S,FIGUEROA,ST,90037,1 stage event and supporting truss structure at the Torch.  Preferred,The Torch LA Coliseum,ELDERBROOK,2025-04-05T00:00:00.000,2025-04-05T00:00:00.000,"{'latitude': '34.01366', 'longitude': '-118.28294', 'human_address': '{""address"": """", ""city"": """", ""state"": """", ""zip"": """"}'}",V06,Exposition Park Stadium (BMO Stadium),180.4,34.01366,-118.28294,LADBS Building and Safety Temporary Special Event (TSE) Permits,
254109000000335,Temporary Special Event,Commercial,3911,3911,S,FIGUEROA,ST,90037,SL320 Mobile Stage for Concerts,LAMC Field - Mobile Stage for Concert,SPRING FEST/ELDERBROOK/MOVEMENTS,2025-04-04T00:00:00.000,2025-04-06T00:00:00.000,"{'latitude': '34.01366', 'longitude': '-118.28294', 'human_address': '{""address"": """", ""city"": """", ""state"": """", ""zip"": """"}'}",V06,Exposition Park Stadium (BMO Stadium),180.4,34.01366,-118.28294,LADBS Building and Safety Temporary Special Event (TSE) Permits,
254109000000391,Temporary Special Event,Commercial,777,777,W,CHICK HEARN,CT,90015,Temporary Structure Booth  29-11 3/4 wide by 29-11 3/4 deep by 10-0 Hi,Peacock Plaza,COCA COLA,2025-04-04T00:00:00.000,2025-04-05T00:00:00.000,"{'latitude': '34.04406', 'longitude': '-118.26707', 'human_address': '{""address"": """", ""city"": """", ""state"": """", ""zip"": """"}'}",V04,Peacock Theater,51.4,34.04406,-118.26707,LADBS Building and Safety Temporary Special Event (TSE) Permits,
254109000000291,Temporary Special Event,Commercial,649,649,W,JEFFERSON,BLVD,90007,Stage in Shrine Expo Hall,Stage in Shrine Expo Hall,REFUSED,2025-03-28T00:00:00.000,2025-03-29T00:00:00.000,"{'latitude': '34.02274', 'longitude': '-118.28142', 'human_address': '{""address"": """", ""city"": """", ""state"": """", ""zip"": """"}'}",V07,Galen Center (USC),233.6,34.02274,-118.28142,LADBS Building and Safety Temporary Special Event (TSE) Permits,
254109000000355,Temporary Special Event,Commercial,3501,3501,S,WATT,WAY,90089,10x20 Tent  Town & Country rentals  Bryan Phelps 310 755 0463,Mckay  Patio,RECRUIT DINNER,2025-03-26T00:00:00.000,2025-03-27T00:00:00.000,"{'latitude': '34.02243', 'longitude': '-118.28658', 'human_address': '{""address"": """", ""city"": """", ""state"": """", ""zip"": """"}'}",V07,Galen Center (USC),626.9,34.02243,-118.28658,LADBS Building and Safety Temporary Special Event (TSE) Permits,
254109000000315,Temporary Special Event,Commercial,1301,1301,S,FIGUEROA,ST,90015,Stage Build,LACC,VARSITY SUPER GRAND NATIONALS,2025-03-21T00:00:00.000,2025-03-24T00:00:00.000,"{'latitude': '34.04058', 'longitude': '-118.26853', 'human_address': '{""address"": """", ""city"": """", ""state"": """", ""zip"": """"}'}",V03,LA Convention Center (Halls 1-3),190.2,34.04058,-118.26853,LADBS Building and Safety Temporary Special Event (TSE) Permits,
254109000000267,Temporary Special Event,Commercial,777,777,W,CHICK HEARN,CT,90015,Temporary Tents 2-20x20 1 10x30 3 10x20 10x50 3 10x10 2 12x12  Bright,Event deck,NETFLIX,2025-03-17T00:00:00.000,2025-03-17T00:00:00.000,"{'latitude': '34.04406', 'longitude': '-118.26707', 'human_address': '{""address"": """", ""city"": """", ""state"": """", ""zip"": """"}'}",V04,Peacock Theater,51.4,34.04406,-118.26707,LADBS Building and Safety Temporary Special Event (TSE) Permits,
254109000000246,Temporary Special Event,Public Way,,,,,,,Temp Stage and Trussing Arches for Race,Dodger Stadium Lot H near gas station,LA BIG 5K,2025-03-15T00:00:00.000,2025-03-16T00:00:00.000,,V01,Dodger Stadium,,,,LADBS Building and Safety Temporary Special Event (TSE) Permits,
254109000000252,Temporary Special Event,Commercial,,,,,,,Truss Arch 45' w x 16' h 8'x8'x6' Stage 20'x12'x4'h Stage,Dodger Stadium Lot G,LA MARATHON,2025-03-15T00:00:00.000,2025-03-16T00:00:00.000,,V01,Dodger Stadium,,,,LADBS Building and Safety Temporary Special Event (TSE) Permits,
254109000000227,Temporary Special Event,Commercial,1301,1301,S,FIGUEROA,ST,90015,LED Wall - Self Standing,Los Angeles Convention Center South Hall,HERBALIFE HONORS 2025,2025-03-13T00:00:00.000,2025-03-16T00:00:00.000,"{'latitude': '34.04058', 'longitude': '-118.26853', 'human_address': '{""address"": """", ""city"": """", ""state"": """", ""zip"": """"}'}",V03,LA Convention Center (Halls 1-3),190.2,34.04058,-118.26853,LADBS Building and Safety Temporary Special Event (TSE) Permits,
254109000000241,Temporary Special Event,Commercial,3501,3501,S,WATT,WAY,90089,Temporary Tent  10x20 Town & CoUNTY,Patio,RECRUIT DINNER,2025-03-10T00:00:00.000,2025-03-12T00:00:00.000,"{'latitude': '34.02243', 'longitude': '-118.28658', 'human_address': '{""address"": """", ""city"": """", ""state"": """", ""zip"": """"}'}",V07,Galen Center (USC),626.9,34.02243,-118.28658,LADBS Building and Safety Temporary Special Event (TSE) Permits,
254109000000191,Temporary Special Event,Commercial,3911,3911,S,FIGUEROA,ST,90037,Live music event with 1 stage and supporting truss structure at the LA,Event is taking place at The Torch at the LA Memorial Coliseum.,ATLIENS,2025-03-08T00:00:00.000,2025-03-08T00:00:00.000,"{'latitude': '34.01366', 'longitude': '-118.28294', 'human_address': '{""address"": """", ""city"": """", ""state"": """", ""zip"": """"}'}",V06,Exposition Park Stadium (BMO Stadium),180.4,34.01366,-118.28294,LADBS Building and Safety Temporary Special Event (TSE) Permits,
254109000000155,Temporary Special Event,Commercial,1046,1046,S,FIGUEROA,ST,90015,TCUP for Vehicle display for photo opportunity with Lakers car speaker,Parking lot,PHOTO OPPORTUNITY,2025-02-25T00:00:00.000,2025-02-25T00:00:00.000,"{'latitude': '34.04391', 'longitude': '-118.26473', 'human_address': '{""address"": """", ""city"": """", ""state"": """", ""zip"": """"}'}",V04,Peacock Theater,210.4,34.04391,-118.26473,LADBS Building and Safety Temporary Special Event (TSE) Permits,
254109000000139,Temporary Special Event,Commercial,665,665,W,JEFFERSON,BLVD,90007,Temporary tents  295x65 30x80 40x35 12x60 15x15 1 12x12  3-10x20  Brig,Parking lot and royal st,SAG AWARDS,2025-02-23T00:00:00.000,2025-02-23T00:00:00.000,"{'latitude': '34.02302', 'longitude': '-118.28206', 'human_address': '{""address"": """", ""city"": """", ""state"": """", ""zip"": """"}'}",V07,Galen Center (USC),294.1,34.02302,-118.28206,LADBS Building and Safety Temporary Special Event (TSE) Permits,
254109000000136,Temporary Special Event,Commercial,3939,3939,S,FIGUEROA,ST,90037,LAFC Breakroom,Inspection at 7 am please,ROOFTOP TENT,2025-02-22T00:00:00.000,2025-02-22T00:00:00.000,"{'latitude': '34.01173', 'longitude': '-118.28296', 'human_address': '{""address"": """", ""city"": """", ""state"": """", ""zip"": """"}'}",V06,Exposition Park Stadium (BMO Stadium),192.4,34.01173,-118.28296,LADBS Building and Safety Temporary Special Event (TSE) Permits,
244109000003201,Temporary Special Event,Commercial,1301,1301,S,FIGUEROA,ST,90015,ACA Consultants,,CLIMBIT MOBLIE ROCK CLIMBING WALL,2025-02-20T00:00:00.000,2025-02-23T00:00:00.000,"{'latitude': '34.04058', 'longitude': '-118.26853', 'human_address': '{""address"": """", ""city"": """", ""state"": """", ""zip"": """"}'}",V03,LA Convention Center (Halls 1-3),190.2,34.04058,-118.26853,LADBS Building and Safety Temporary Special Event (TSE) Permits,
254109000000046,Temporary Special Event,Commercial,1111,1111,S,FIGUEROA,ST,90015,AERIAL PERFORMANCE/EQUIPMENT OVER AUDIENCE,,TYLER THE CREATOR,2025-02-14T00:00:00.000,2025-02-20T00:00:00.000,"{'latitude': '34.04338', 'longitude': '-118.26581', 'human_address': '{""address"": """", ""city"": """", ""state"": """", ""zip"": """"}'}",V02,DTLA Arena (Crypto.com Arena),131.8,34.04338,-118.26581,LADBS Building and Safety Temporary Special Event (TSE) Permits,
244109000003455,Temporary Special Event,Commercial,1250,1250,N,CAPRI,DR,90272,Temporary Decks and platforms fro sky decks and bungalows  18th Green,Course,GENESIS INVIT,2025-02-10T00:00:00.000,2025-02-16T00:00:00.000,"{'latitude': '34.05121', 'longitude': '-118.50122', 'human_address': '{""address"": """", ""city"": """", ""state"": """", ""zip"": """"}'}",V10,Riviera Country Club,494.0,34.05121,-118.50122,LADBS Building and Safety Temporary Special Event (TSE) Permits,
254109000000084,Temporary Special Event,Commercial,1301,1301,S,FIGUEROA,ST,90015,14' TOWER WITHIN STRYKER BOOTH #339 NEEDS EMERGENCY PERMIT.,HALL A - BOOTH 339,INTERNATIONAL STROKE CONFERENCE,2025-02-07T00:00:00.000,2025-02-07T00:00:00.000,"{'latitude': '34.04058', 'longitude': '-118.26853', 'human_address': '{""address"": """", ""city"": """", ""state"": """", ""zip"": """"}'}",V03,LA Convention Center (Halls 1-3),190.2,34.04058,-118.26853,LADBS Building and Safety Temporary Special Event (TSE) Permits,
254109000000085,Temporary Special Event,Commercial,1301,1301,S,FIGUEROA,ST,90015,15' tower/closet- it is floor supported and is tied off to the ceiling,South Hall- Event dates 2/5-6/25,INT'L. STROKE CONFERENCE,2025-02-06T00:00:00.000,2025-02-06T00:00:00.000,"{'latitude': '34.04058', 'longitude': '-118.26853', 'human_address': '{""address"": """", ""city"": """", ""state"": """", ""zip"": """"}'}",V03,LA Convention Center (Halls 1-3),190.2,34.04058,-118.26853,LADBS Building and Safety Temporary Special Event (TSE) Permits,
254109000000032,Temporary Special Event,Commercial,1301,1301,S,FIGUEROA,ST,90015,50' x 100' lounge with entrance structure. Please inspect on February,50' x 100' lounge with entrance structure,AHA ISC,2025-02-05T00:00:00.000,2025-02-06T00:00:00.000,"{'latitude': '34.04058', 'longitude': '-118.26853', 'human_address': '{""address"": """", ""city"": """", ""state"": """", ""zip"": """"}'}",V03,LA Convention Center (Halls 1-3),190.2,34.04058,-118.26853,LADBS Building and Safety Temporary Special Event (TSE) Permits,
254109000000059,Temporary Special Event,Commercial,777,777,W,CHICK HEARN,CT,90015,"Temporary Truss bridge  50 'long x 16' High   KARINA VICENTE Manager,",Chick Hearn Crt,GRAMMY'S,2025-02-02T00:00:00.000,2025-02-02T00:00:00.000,"{'latitude': '34.04406', 'longitude': '-118.26707', 'human_address': '{""address"": """", ""city"": """", ""state"": """", ""zip"": """"}'}",V04,Peacock Theater,51.4,34.04406,-118.26707,LADBS Building and Safety Temporary Special Event (TSE) Permits,
254109000000044,Temporary Special Event,Commercial,777,777,W,CHICK HEARN,CT,90015,Temporary Tents  for arrivals  On the street  40x541 20x100 10x40  Cry,On Chick Hearn Crt,GRAMMY'S ARRIVALS,2025-02-02T00:00:00.000,2025-02-02T00:00:00.000,"{'latitude': '34.04406', 'longitude': '-118.26707', 'human_address': '{""address"": """", ""city"": """", ""state"": """", ""zip"": """"}'}",V04,Peacock Theater,51.4,34.04406,-118.26707,LADBS Building and Safety Temporary Special Event (TSE) Permits,
254109000000036,Temporary Special Event,Commercial,777,777,W,CHICK HEARN,CT,90015,66X115 20X30 15X20 10X10 tents for Grammy events 2/02 2:30PM-4Pm & 8:3,Courtyard,AEG GRAMMY,2025-02-02T00:00:00.000,2025-02-02T00:00:00.000,"{'latitude': '34.04406', 'longitude': '-118.26707', 'human_address': '{""address"": """", ""city"": """", ""state"": """", ""zip"": """"}'}",V04,Peacock Theater,51.4,34.04406,-118.26707,LADBS Building and Safety Temporary Special Event (TSE) Permits,
254109000000039,Temporary Special Event,Commercial,777,777,W,CHICK HEARN,CT,90015,Temporary truss Structure for entry  40' long x 6' wide x 20' high.  J,Chick hearn and georgia,GRAMMY'S,2025-02-02T00:00:00.000,2025-02-02T00:00:00.000,"{'latitude': '34.04406', 'longitude': '-118.26707', 'human_address': '{""address"": """", ""city"": """", ""state"": """", ""zip"": """"}'}",V04,Peacock Theater,51.4,34.04406,-118.26707,LADBS Building and Safety Temporary Special Event (TSE) Permits,
254109000000007,Temporary Special Event,Commercial,3939,3939,S,FIGUEROA,ST,90037,BMO Stadium Job Fair,Inspection at 9 am please,ROOFTOP TENT,2025-02-01T00:00:00.000,2025-02-01T00:00:00.000,"{'latitude': '34.01173', 'longitude': '-118.28296', 'human_address': '{""address"": """", ""city"": """", ""state"": """", ""zip"": """"}'}",V06,Exposition Park Stadium (BMO Stadium),192.4,34.01173,-118.28296,LADBS Building and Safety Temporary Special Event (TSE) Permits,
254109000000063,Temporary Special Event,Commercial,,,,,,,"(1) 30x30 Tent, (1) 40x30 Tent",Dodger Stadium Lot P,DODGERFEST,2025-02-01T00:00:00.000,2025-02-01T00:00:00.000,,V01,Dodger Stadium,,,,LADBS Building and Safety Temporary Special Event (TSE) Permits,
254109000000030,Temporary Special Event,Commercial,1301,1301,S,FIGUEROA,ST,90015,Engineer,,MUSICARES 2025,2025-01-31T00:00:00.000,2025-01-31T00:00:00.000,"{'latitude': '34.04058', 'longitude': '-118.26853', 'human_address': '{""address"": """", ""city"": """", ""state"": """", ""zip"": """"}'}",V03,LA Convention Center (Halls 1-3),190.2,34.04058,-118.26853,LADBS Building and Safety Temporary Special Event (TSE) Permits,
254109000000010,Temporary Special Event,Commercial,1301,1301,S,FIGUEROA,ST,90015,Rock Climbing Wall. 18 feet tall.,LACC back of Hall H Rock Climbing Wall,FIT EXPO LA 2025,2025-01-25T00:00:00.000,2025-01-26T00:00:00.000,"{'latitude': '34.04058', 'longitude': '-118.26853', 'human_address': '{""address"": """", ""city"": """", ""state"": """", ""zip"": """"}'}",V03,LA Convention Center (Halls 1-3),190.2,34.04058,-118.26853,LADBS Building and Safety Temporary Special Event (TSE) Permits,
254109000000024,Temporary Special Event,Commercial,649,649,W,JEFFERSON,BLVD,90007,Concert in Expo Hall,,JAMIE XX,2025-01-23T00:00:00.000,2025-01-25T00:00:00.000,"{'latitude': '34.02274', 'longitude': '-118.28142', 'human_address': '{""address"": """", ""city"": """", ""state"": """", ""zip"": """"}'}",V07,Galen Center (USC),233.6,34.02274,-118.28142,LADBS Building and Safety Temporary Special Event (TSE) Permits,
254109000000022,Temporary Special Event,Commercial,3911,3911,S,FIGUEROA,ST,90037,30x50 30x70 2-40x100 20x40 50x80 Temporary Tents  1/20 12pm -5pm,Peristyle,MLK DAY,2025-01-20T00:00:00.000,2025-01-20T00:00:00.000,"{'latitude': '34.01366', 'longitude': '-118.28294', 'human_address': '{""address"": """", ""city"": """", ""state"": """", ""zip"": """"}'}",V06,Exposition Park Stadium (BMO Stadium),180.4,34.01366,-118.28294,LADBS Building and Safety Temporary Special Event (TSE) Permits,
244109000003451,Temporary Special Event,Commercial,777,777,W,CHICK HEARN,CT,90015,Temporary Tents  2-18x27 & 2-10x27  Bright rentals,Peacock plaza,ICE RINK,2025-01-11T00:00:00.000,2025-01-13T00:00:00.000,"{'latitude': '34.04406', 'longitude': '-118.26707', 'human_address': '{""address"": """", ""city"": """", ""state"": """", ""zip"": """"}'}",V04,Peacock Theater,51.4,34.04406,-118.26707,LADBS Building and Safety Temporary Special Event (TSE) Permits,
244109000003450,Temporary Special Event,Commercial,777,777,W,CHICK HEARN,CT,90015,Temporary Tents  2-18x27 2 -10x27  Bright Rentals,Peacock plaza,ICE RINK,2025-01-04T00:00:00.000,2025-01-10T00:00:00.000,"{'latitude': '34.04406', 'longitude': '-118.26707', 'human_address': '{""address"": """", ""city"": """", ""state"": """", ""zip"": """"}'}",V04,Peacock Theater,51.4,34.04406,-118.26707,LADBS Building and Safety Temporary Special Event (TSE) Permits,
244109000003438,Temporary Special Event,Commercial,777,777,W,CHICK HEARN,CT,90015,La Live rinks tents  2- 18x27 -2 10x27  Bright rentals,Peacock Plaza,LA LIVE RINK,2024-12-28T00:00:00.000,2025-01-03T00:00:00.000,"{'latitude': '34.04406', 'longitude': '-118.26707', 'human_address': '{""address"": """", ""city"": """", ""state"": """", ""zip"": """"}'}",V04,Peacock Theater,51.4,34.04406,-118.26707,LADBS Building and Safety Temporary Special Event (TSE) Permits,
244109000003348,Temporary Special Event,Commercial,5333,5333,W,ZOO,DR,90027,Zoo Lights,,ZOO LIGHTS,2024-12-19T00:00:00.000,2024-12-25T00:00:00.000,"{'latitude': '34.14867', 'longitude': '-118.28623', 'human_address': '{""address"": """", ""city"": """", ""state"": """", ""zip"": """"}'}",V08,LA Zoo,99.7,34.14867,-118.28623,LADBS Building and Safety Temporary Special Event (TSE) Permits,
244109000003427,Temporary Special Event,Commercial,5333,5333,W,ZOO,DR,90027,ZL Private Event,,ZOO LIGHTS,2024-12-19T00:00:00.000,2024-12-25T00:00:00.000,"{'latitude': '34.14867', 'longitude': '-118.28623', 'human_address': '{""address"": """", ""city"": """", ""state"": """", ""zip"": """"}'}",V08,LA Zoo,99.7,34.14867,-118.28623,LADBS Building and Safety Temporary Special Event (TSE) Permits,
244109000003233,Temporary Special Event,Commercial,1301,1301,S,FIGUEROA,ST,90015,Trade show exhibit.  20' x20' footprint; Exhibit structuer is aluminum,West Hall A&B,IAEE,2024-12-17T00:00:00.000,2024-12-18T00:00:00.000,"{'latitude': '34.04058', 'longitude': '-118.26853', 'human_address': '{""address"": """", ""city"": """", ""state"": """", ""zip"": """"}'}",V03,LA Convention Center (Halls 1-3),190.2,34.04058,-118.26853,LADBS Building and Safety Temporary Special Event (TSE) Permits,
244109000003274,Temporary Special Event,Commercial,1301,1301,S,FIGUEROA,ST,90015,Review of structure for code required lateral and gravity loading,,IAEE EXPO EXPO,2024-12-17T00:00:00.000,2024-12-18T00:00:00.000,"{'latitude': '34.04058', 'longitude': '-118.26853', 'human_address': '{""address"": """", ""city"": """", ""state"": """", ""zip"": """"}'}",V03,LA Convention Center (Halls 1-3),190.2,34.04058,-118.26853,LADBS Building and Safety Temporary Special Event (TSE) Permits,
244109000003387,Temporary Special Event,Commercial,1301,1301,S,FIGUEROA,ST,90015,We are tying off our booth with a cable to the ceiling.,Los Angeles Convention Center,IAEE EXPO EXPO,2024-12-17T00:00:00.000,2024-12-18T00:00:00.000,"{'latitude': '34.04058', 'longitude': '-118.26853', 'human_address': '{""address"": """", ""city"": """", ""state"": """", ""zip"": """"}'}",V03,LA Convention Center (Halls 1-3),190.2,34.04058,-118.26853,LADBS Building and Safety Temporary Special Event (TSE) Permits,
244109000003405,Temporary Special Event,Commercial,1301,1301,S,FIGUEROA,ST,90015,"booth 701 it size its 12'-6""",Los angeles Convention Center booth 701 @ IAEE expo expo show,IAEE EXPO EXPO BOOTH 701 12' 6,2024-12-17T00:00:00.000,2024-12-18T00:00:00.000,"{'latitude': '34.04058', 'longitude': '-118.26853', 'human_address': '{""address"": """", ""city"": """", ""state"": """", ""zip"": """"}'}",V03,LA Convention Center (Halls 1-3),190.2,34.04058,-118.26853,LADBS Building and Safety Temporary Special Event (TSE) Permits,
244109000003382,Temporary Special Event,Commercial,1301,1301,S,FIGUEROA,ST,90015,Temporary Structure,LACC,EXPO-EXPO,2024-12-17T00:00:00.000,2024-12-19T00:00:00.000,"{'latitude': '34.04058', 'longitude': '-118.26853', 'human_address': '{""address"": """", ""city"": """", ""state"": """", ""zip"": """"}'}",V03,LA Convention Center (Halls 1-3),190.2,34.04058,-118.26853,LADBS Building and Safety Temporary Special Event (TSE) Permits,
244109000003388,Temporary Special Event,Commercial,1301,1301,S,FIGUEROA,ST,90015,IAEE - ASM Global - Arch,IAEE - ASM Global - Arch,IAEE EXPO EXPO,2024-12-17T00:00:00.000,2024-12-19T00:00:00.000,"{'latitude': '34.04058', 'longitude': '-118.26853', 'human_address': '{""address"": """", ""city"": """", ""state"": """", ""zip"": """"}'}",V03,LA Convention Center (Halls 1-3),190.2,34.04058,-118.26853,LADBS Building and Safety Temporary Special Event (TSE) Permits,
244109000003397,Temporary Special Event,Commercial,665,665,W,JEFFERSON,BLVD,90007,Tents in front of Shrine for pre-event food and reception.,Royal St. outside of Shrine Auditorium,NY 2024,2024-12-14T00:00:00.000,2024-12-14T00:00:00.000,"{'latitude': '34.02302', 'longitude': '-118.28206', 'human_address': '{""address"": """", ""city"": """", ""state"": """", ""zip"": """"}'}",V07,Galen Center (USC),294.1,34.02302,-118.28206,LADBS Building and Safety Temporary Special Event (TSE) Permits,
244109000003420,Temporary Special Event,Apartment,4124,4124,S,BROADWAY,,90037,Canopy 20x50,,EVENTO CULTURAL,2024-12-14T00:00:00.000,2024-12-14T00:00:00.000,"{'latitude': '34.00853', 'longitude': '-118.27813', 'human_address': '{""address"": """", ""city"": """", ""state"": """", ""zip"": """"}'}",V06,Exposition Park Stadium (BMO Stadium),762.3,34.00853,-118.27813,LADBS Building and Safety Temporary Special Event (TSE) Permits,
244109000003336,Temporary Special Event,Commercial,1046,1046,S,FIGUEROA,ST,90015,TCUP For Portal activation Display for Guest leaving peacock theater 8,Parking lot,PORTAL ACTIVATION,2024-12-12T00:00:00.000,2024-12-12T00:00:00.000,"{'latitude': '34.04391', 'longitude': '-118.26473', 'human_address': '{""address"": """", ""city"": """", ""state"": """", ""zip"": """"}'}",V04,Peacock Theater,210.4,34.04391,-118.26473,LADBS Building and Safety Temporary Special Event (TSE) Permits,
244109000003390,Temporary Special Event,Commercial,1515,1515,S,ABBOT KINNEY,BLVD,90291,Open lot to public engagement,,BUMBLE,2024-12-12T00:00:00.000,2024-12-15T00:00:00.000,"{'latitude': '33.9903', 'longitude': '-118.46415', 'human_address': '{""address"": """", ""city"": """", ""state"": """", ""zip"": """"}'}",V13,Venice Beach,615.2,33.9903,-118.46415,LADBS Building and Safety Temporary Special Event (TSE) Permits,200
244109000003187,Temporary Special Event,Commercial,1515,1515,S,ABBOT KINNEY,BLVD,90291,"Concert Stage 30"" or less above grade",Load in begins Monday 12/9/24,JD/BUMBLE,2024-12-10T00:00:00.000,2024-12-14T00:00:00.000,"{'latitude': '33.9903', 'longitude': '-118.46415', 'human_address': '{""address"": """", ""city"": """", ""state"": """", ""zip"": """"}'}",V13,Venice Beach,615.2,33.9903,-118.46415,LADBS Building and Safety Temporary Special Event (TSE) Permits,
244109000003373,Temporary Special Event,Commercial,649,649,W,JEFFERSON,BLVD,90007,Concert In Expo Hall. Inspection can occur anytime after 12:00 PM,Concert In The Expo Hall.,DESTROY LONELY,2024-12-07T00:00:00.000,2024-12-07T00:00:00.000,"{'latitude': '34.02274', 'longitude': '-118.28142', 'human_address': '{""address"": """", ""city"": """", ""state"": """", ""zip"": """"}'}",V07,Galen Center (USC),233.6,34.02274,-118.28142,LADBS Building and Safety Temporary Special Event (TSE) Permits,
244109000003371,Temporary Special Event,Apartment,4124,4124,S,BROADWAY,,90037,10x60 canopy,,EVENTO CULTURAL,2024-12-07T00:00:00.000,2024-12-07T00:00:00.000,"{'latitude': '34.00853', 'longitude': '-118.27813', 'human_address': '{""address"": """", ""city"": """", ""state"": """", ""zip"": """"}'}",V06,Exposition Park Stadium (BMO Stadium),762.3,34.00853,-118.27813,LADBS Building and Safety Temporary Special Event (TSE) Permits,
244109000003386,Temporary Special Event,Commercial,3939,3939,S,FIGUEROA,ST,90037,Los temerarios concerts stage,,LOS TEMERARIOS CONCERT,2024-12-07T00:00:00.000,2024-12-08T00:00:00.000,"{'latitude': '34.01173', 'longitude': '-118.28296', 'human_address': '{""address"": """", ""city"": """", ""state"": """", ""zip"": """"}'}",V06,Exposition Park Stadium (BMO Stadium),192.4,34.01173,-118.28296,LADBS Building and Safety Temporary Special Event (TSE) Permits,
244109000003343,Temporary Special Event,Commercial,5333,5333,W,ZOO,DR,90027,Zoo Lights,,ZOO LIGHTS,2024-12-05T00:00:00.000,2024-12-11T00:00:00.000,"{'latitude': '34.14867', 'longitude': '-118.28623', 'human_address': '{""address"": """", ""city"": """", ""state"": """", ""zip"": """"}'}",V08,LA Zoo,99.7,34.14867,-118.28623,LADBS Building and Safety Temporary Special Event (TSE) Permits,
244109000003367,Temporary Special Event,Commercial,1515,1515,S,ABBOT KINNEY,BLVD,90291,Jack Daniels Barrel Tree and Live Event,Jack Daniel�s Barrel Tree and Live Event,JACK DANIEL�S BARREL TREE AND LIVE EVENT,2024-12-05T00:00:00.000,2024-12-11T00:00:00.000,"{'latitude': '33.9903', 'longitude': '-118.46415', 'human_address': '{""address"": """", ""city"": """", ""state"": """", ""zip"": """"}'}",V13,Venice Beach,615.2,33.9903,-118.46415,LADBS Building and Safety Temporary Special Event (TSE) Permits,200
244109000003315,Temporary Special Event,Commercial,3911,3911,S,FIGUEROA,ST,90037,Temporary Tent ( Town & Country)  30x100 200 Guest,Peristyle,RECRUIT TENT,2024-11-30T00:00:00.000,2024-11-30T00:00:00.000,"{'latitude': '34.01366', 'longitude': '-118.28294', 'human_address': '{""address"": """", ""city"": """", ""state"": """", ""zip"": """"}'}",V06,Exposition Park Stadium (BMO Stadium),180.4,34.01366,-118.28294,LADBS Building and Safety Temporary Special Event (TSE) Permits,
244109000003314,Temporary Special Event,Commercial,3911,3911,S,FIGUEROA,ST,90037,"Tunnel tent 15x30 gate 19 10x50 10x30 , gate 1 20x30  Gate 28 3- 10x15","Gate 1, Tunnel , Gate 19 Gate 28",PRODUCTION,2024-11-30T00:00:00.000,2024-11-30T00:00:00.000,"{'latitude': '34.01366', 'longitude': '-118.28294', 'human_address': '{""address"": """", ""city"": """", ""state"": """", ""zip"": """"}'}",V06,Exposition Park Stadium (BMO Stadium),180.4,34.01366,-118.28294,LADBS Building and Safety Temporary Special Event (TSE) Permits,
244109000003318,Temporary Special Event,Commercial,3911,3911,S,FIGUEROA,ST,90037,TCUP for 1000 Guest for Tailgating  Bryan Phelps 310 755 0463,Peristyle,TOMMY TAVERN TAILGATE,2024-11-30T00:00:00.000,2024-11-30T00:00:00.000,"{'latitude': '34.01366', 'longitude': '-118.28294', 'human_address': '{""address"": """", ""city"": """", ""state"": """", ""zip"": """"}'}",V06,Exposition Park Stadium (BMO Stadium),180.4,34.01366,-118.28294,LADBS Building and Safety Temporary Special Event (TSE) Permits,
244109000003309,Temporary Special Event,Commercial,900,900,W,EXPOSITION,BLVD,90037,TCUP  tenting 10x10 2 -15x15 2 15x20  tailgating event,Rose Garden,IRISH TAILGATE,2024-11-30T00:00:00.000,2024-11-30T00:00:00.000,"{'latitude': '34.01803', 'longitude': '-118.2884', 'human_address': '{""address"": """", ""city"": """", ""state"": """", ""zip"": """"}'}",V05,LA Memorial Coliseum,439.4,34.01803,-118.2884,LADBS Building and Safety Temporary Special Event (TSE) Permits,
244109000003334,Temporary Special Event,Commercial,777,777,W,CHICK HEARN,CT,90015,Temporary tents  ( Bright Rentals) 2-18x27 & 2- 10x27,Plaza,ICE RINK,2024-11-29T00:00:00.000,2024-12-05T00:00:00.000,"{'latitude': '34.04406', 'longitude': '-118.26707', 'human_address': '{""address"": """", ""city"": """", ""state"": """", ""zip"": """"}'}",V04,Peacock Theater,51.4,34.04406,-118.26707,LADBS Building and Safety Temporary Special Event (TSE) Permits,
244109000003341,Temporary Special Event,Commercial,3911,3911,S,FIGUEROA,ST,90037,Installation of Flying Camera System into LA Mem Col (LAMC) ATTN: Feli,Flying Camera System Attached to four light standards surrounding LAMC,USC VS NOTRE DAME,2024-11-29T00:00:00.000,2024-12-04T00:00:00.000,"{'latitude': '34.01366', 'longitude': '-118.28294', 'human_address': '{""address"": """", ""city"": """", ""state"": """", ""zip"": """"}'}",V06,Exposition Park Stadium (BMO Stadium),180.4,34.01366,-118.28294,LADBS Building and Safety Temporary Special Event (TSE) Permits,
244109000003350,Temporary Special Event,Commercial,649,649,W,JEFFERSON,BLVD,90007,Concert In Expo Hall,Shrine Expo Hall,ARMNHMR,2024-11-29T00:00:00.000,2024-11-29T00:00:00.000,"{'latitude': '34.02274', 'longitude': '-118.28142', 'human_address': '{""address"": """", ""city"": """", ""state"": """", ""zip"": """"}'}",V07,Galen Center (USC),233.6,34.02274,-118.28142,LADBS Building and Safety Temporary Special Event (TSE) Permits,
244109000003109,Temporary Special Event,Commercial,1301,1301,S,FIGUEROA,ST,90015,Zeyn B. Uzman  State of California  license number 68563  SJW Engineer,,LOS ANGELES AUTO SHOW,2024-11-29T00:00:00.000,2024-12-01T00:00:00.000,"{'latitude': '34.04058', 'longitude': '-118.26853', 'human_address': '{""address"": """", ""city"": """", ""state"": """", ""zip"": """"}'}",V03,LA Convention Center (Halls 1-3),190.2,34.04058,-118.26853,LADBS Building and Safety Temporary Special Event (TSE) Permits,
244109000003301,Temporary Special Event,Commercial,3911,3911,S,FIGUEROA,ST,90037,Temporary Tent  15x30  Town & Country,Tunnel,MEDIA TENT,2024-11-28T00:00:00.000,2024-12-04T00:00:00.000,"{'latitude': '34.01366', 'longitude': '-118.28294', 'human_address': '{""address"": """", ""city"": """", ""state"": """", ""zip"": """"}'}",V06,Exposition Park Stadium (BMO Stadium),180.4,34.01366,-118.28294,LADBS Building and Safety Temporary Special Event (TSE) Permits,
244109000003290,Temporary Special Event,Commercial,1301,1301,S,FIGUEROA,ST,90015,LA Auto - West Coast Inflatable 2,LACC Petree Plaza,LA AUTO SHOW - WEST COAST INFLATABLE2,2024-11-28T00:00:00.000,2024-12-02T00:00:00.000,"{'latitude': '34.04058', 'longitude': '-118.26853', 'human_address': '{""address"": """", ""city"": """", ""state"": """", ""zip"": """"}'}",V03,LA Convention Center (Halls 1-3),190.2,34.04058,-118.26853,LADBS Building and Safety Temporary Special Event (TSE) Permits,
244109000003230,Temporary Special Event,Commercial,1301,1301,S,FIGUEROA,ST,90015,engineering stamps,,KIA BOOTH W-100 MAIN DISPLAY,2024-11-28T00:00:00.000,2024-12-01T00:00:00.000,"{'latitude': '34.04058', 'longitude': '-118.26853', 'human_address': '{""address"": """", ""city"": """", ""state"": """", ""zip"": """"}'}",V03,LA Convention Center (Halls 1-3),190.2,34.04058,-118.26853,LADBS Building and Safety Temporary Special Event (TSE) Permits,
244109000003211,Temporary Special Event,Commercial,1301,1301,S,FIGUEROA,ST,90015,backwall,"Our both is in the south hall, booth s-300. We are next to Chevy and Stellantis.",CADILLAC BUICK GMC BOOTH S -300,2024-11-28T00:00:00.000,2024-12-01T00:00:00.000,"{'latitude': '34.04058', 'longitude': '-118.26853', 'human_address': '{""address"": """", ""city"": """", ""state"": """", ""zip"": """"}'}",V03,LA Convention Center (Halls 1-3),190.2,34.04058,-118.26853,LADBS Building and Safety Temporary Special Event (TSE) Permits,
244109000003099,Temporary Special Event,Commercial,1301,1301,S,FIGUEROA,ST,90015,Structural Engineering review of Ford display properties,,LA AUTO SHOW,2024-11-27T00:00:00.000,2024-12-01T00:00:00.000,"{'latitude': '34.04058', 'longitude': '-118.26853', 'human_address': '{""address"": """", ""city"": """", ""state"": """", ""zip"": """"}'}",V03,LA Convention Center (Halls 1-3),190.2,34.04058,-118.26853,LADBS Building and Safety Temporary Special Event (TSE) Permits,
244109000003175,Temporary Special Event,Commercial,1301,1301,S,FIGUEROA,ST,90015,"SPG Engineering, LC",LA Convention Center - South Hall -Booth S202 (Stellantis),LOS ANGELES AUTO SHOW,2024-11-27T00:00:00.000,2024-12-01T00:00:00.000,"{'latitude': '34.04058', 'longitude': '-118.26853', 'human_address': '{""address"": """", ""city"": """", ""state"": """", ""zip"": """"}'}",V03,LA Convention Center (Halls 1-3),190.2,34.04058,-118.26853,LADBS Building and Safety Temporary Special Event (TSE) Permits,
244109000003208,Temporary Special Event,Commercial,1301,1301,S,FIGUEROA,ST,90015,Walls,,CHEVY WALLS,2024-11-27T00:00:00.000,2024-12-01T00:00:00.000,"{'latitude': '34.04058', 'longitude': '-118.26853', 'human_address': '{""address"": """", ""city"": """", ""state"": """", ""zip"": """"}'}",V03,LA Convention Center (Halls 1-3),190.2,34.04058,-118.26853,LADBS Building and Safety Temporary Special Event (TSE) Permits,
244109000003025,Temporary Special Event,Commercial,1301,1301,S,FIGUEROA,ST,90015,Working on engineering drawings now.,Same as other permit.,LA AUTO SHOW 24,2024-11-27T00:00:00.000,2024-12-01T00:00:00.000,"{'latitude': '34.04058', 'longitude': '-118.26853', 'human_address': '{""address"": """", ""city"": """", ""state"": """", ""zip"": """"}'}",V03,LA Convention Center (Halls 1-3),190.2,34.04058,-118.26853,LADBS Building and Safety Temporary Special Event (TSE) Permits,
244109000003145,Temporary Special Event,Commercial,1301,1301,S,FIGUEROA,ST,90015,LA Auto Show Temporary Structures,LA Convention Center South Hall,NISSAN BOOTH S 230 LA AUTO SHOW,2024-11-27T00:00:00.000,2024-12-01T00:00:00.000,"{'latitude': '34.04058', 'longitude': '-118.26853', 'human_address': '{""address"": """", ""city"": """", ""state"": """", ""zip"": """"}'}",V03,LA Convention Center (Halls 1-3),190.2,34.04058,-118.26853,LADBS Building and Safety Temporary Special Event (TSE) Permits,
244109000003302,Temporary Special Event,Commercial,3911,3911,S,FIGUEROA,ST,90037,Temporary Tent    Field Tent  30'x148  Gate 19 49'x82' & 19'x39 Shelte,Field & Gate 19,USC TENTS,2024-11-26T00:00:00.000,2024-12-02T00:00:00.000,"{'latitude': '34.01366', 'longitude': '-118.28294', 'human_address': '{""address"": """", ""city"": """", ""state"": """", ""zip"": """"}'}",V06,Exposition Park Stadium (BMO Stadium),180.4,34.01366,-118.28294,LADBS Building and Safety Temporary Special Event (TSE) Permits,
244109000003288,Temporary Special Event,Commercial,1301,1301,S,FIGUEROA,ST,90015,LA Auto Show - Breezeway Inflatable2,LACC - LA Auto Show,LA AUTO SHOW - BREEZEWAY INFLATABLE2,2024-11-26T00:00:00.000,2024-12-02T00:00:00.000,"{'latitude': '34.04058', 'longitude': '-118.26853', 'human_address': '{""address"": """", ""city"": """", ""state"": """", ""zip"": """"}'}",V03,LA Convention Center (Halls 1-3),190.2,34.04058,-118.26853,LADBS Building and Safety Temporary Special Event (TSE) Permits,
244109000002998,Temporary Special Event,Commercial,1301,1301,S,FIGUEROA,ST,90015,Structural Engineer,Camp Jeep is located in the South Hall of the LA Convention Center,CAMP JEEP - LAIAS,2024-11-26T00:00:00.000,2024-12-01T00:00:00.000,"{'latitude': '34.04058', 'longitude': '-118.26853', 'human_address': '{""address"": """", ""city"": """", ""state"": """", ""zip"": """"}'}",V03,LA Convention Center (Halls 1-3),190.2,34.04058,-118.26853,LADBS Building and Safety Temporary Special Event (TSE) Permits,
244109000003123,Temporary Special Event,Commercial,3911,3911,S,FIGUEROA,ST,90037,because the light structure over 20 feet tall,,FESTIVAL DE SONIDERO 2024,2024-11-23T00:00:00.000,2024-11-23T00:00:00.000,"{'latitude': '34.01366', 'longitude': '-118.28294', 'human_address': '{""address"": """", ""city"": """", ""state"": """", ""zip"": """"}'}",V06,Exposition Park Stadium (BMO Stadium),180.4,34.01366,-118.28294,LADBS Building and Safety Temporary Special Event (TSE) Permits,
244109000003307,Temporary Special Event,Commercial,649,649,W,JEFFERSON,BLVD,90007,Concert In The West Lot,Shrine Outdoors. Inspection preferred at 2:00 PM,THE GARDEN,2024-11-23T00:00:00.000,2024-11-23T00:00:00.000,"{'latitude': '34.02274', 'longitude': '-118.28142', 'human_address': '{""address"": """", ""city"": """", ""state"": """", ""zip"": """"}'}",V07,Galen Center (USC),233.6,34.02274,-118.28142,LADBS Building and Safety Temporary Special Event (TSE) Permits,
244109000003093,Temporary Special Event,Commercial,1301,1301,S,FIGUEROA,ST,90015,Zeyn B. Uzman  State of California  license number 68563  SJW Engineer,11/22/24-12/01/24 (it would not let me select the end date,LOS ANGELES AUTO SHOW,2024-11-22T00:00:00.000,2024-11-28T00:00:00.000,"{'latitude': '34.04058', 'longitude': '-118.26853', 'human_address': '{""address"": """", ""city"": """", ""state"": """", ""zip"": """"}'}",V03,LA Convention Center (Halls 1-3),190.2,34.04058,-118.26853,LADBS Building and Safety Temporary Special Event (TSE) Permits,
244109000003144,Temporary Special Event,Commercial,1301,1301,S,FIGUEROA,ST,90015,LA Auto Show Temporary Structure,South Hall LA Convention Center,NISSAN BOOTH S 230 LA AUTO SHOW,2024-11-21T00:00:00.000,2024-11-27T00:00:00.000,"{'latitude': '34.04058', 'longitude': '-118.26853', 'human_address': '{""address"": """", ""city"": """", ""state"": """", ""zip"": """"}'}",V03,LA Convention Center (Halls 1-3),190.2,34.04058,-118.26853,LADBS Building and Safety Temporary Special Event (TSE) Permits,
244109000003026,Temporary Special Event,Commercial,1301,1301,S,FIGUEROA,ST,90015,Build booth S-222 142.5x80 with an elevation of 16',Booth S-222 142.5x80 booth,LA AUTO SHOW 24,2024-11-21T00:00:00.000,2024-11-27T00:00:00.000,"{'latitude': '34.04058', 'longitude': '-118.26853', 'human_address': '{""address"": """", ""city"": """", ""state"": """", ""zip"": """"}'}",V03,LA Convention Center (Halls 1-3),190.2,34.04058,-118.26853,LADBS Building and Safety Temporary Special Event (TSE) Permits,
244109000003034,Temporary Special Event,Commercial,1301,1301,S,FIGUEROA,ST,90015,Backwall 20ft tall. Aluminum tubes and baseplates. Includes SEG graphi,"Permit for Backwall, Column and LED screen",VW MAIN BOOTH - PERMIT 1,2024-11-21T00:00:00.000,2024-11-27T00:00:00.000,"{'latitude': '34.04058', 'longitude': '-118.26853', 'human_address': '{""address"": """", ""city"": """", ""state"": """", ""zip"": """"}'}",V03,LA Convention Center (Halls 1-3),190.2,34.04058,-118.26853,LADBS Building and Safety Temporary Special Event (TSE) Permits,
244109000003155,Temporary Special Event,Commercial,1301,1301,S,FIGUEROA,ST,90015,Temporary Structure CAD,LA Convention Center South Hall right by main entrance,LA AUTO SHOW 2024,2024-11-21T00:00:00.000,2024-11-27T00:00:00.000,"{'latitude': '34.04058', 'longitude': '-118.26853', 'human_address': '{""address"": """", ""city"": """", ""state"": """", ""zip"": """"}'}",V03,LA Convention Center (Halls 1-3),190.2,34.04058,-118.26853,LADBS Building and Safety Temporary Special Event (TSE) Permits,
244109000003289,Temporary Special Event,Commercial,1301,1301,S,FIGUEROA,ST,90015,LA Auto Show - West Coast Inflatable 1,LACC Petree Plaza,LA AUTO SHOW - WEST COAST INFLATABLE1,2024-11-21T00:00:00.000,2024-11-27T00:00:00.000,"{'latitude': '34.04058', 'longitude': '-118.26853', 'human_address': '{""address"": """", ""city"": """", ""state"": """", ""zip"": """"}'}",V03,LA Convention Center (Halls 1-3),190.2,34.04058,-118.26853,LADBS Building and Safety Temporary Special Event (TSE) Permits,
244109000002986,Temporary Special Event,Commercial,1301,1301,S,FIGUEROA,ST,90015,Structural Engineer,"Camp Jeep, booth S-200 located in the South Building of the Los Angeles CC",CAMP JEEP - LAIAS,2024-11-20T00:00:00.000,2024-11-26T00:00:00.000,"{'latitude': '34.04058', 'longitude': '-118.26853', 'human_address': '{""address"": """", ""city"": """", ""state"": """", ""zip"": """"}'}",V03,LA Convention Center (Halls 1-3),190.2,34.04058,-118.26853,LADBS Building and Safety Temporary Special Event (TSE) Permits,
244109000003262,Temporary Special Event,Commercial,3551,3551,S,TROUSDALE,PKWY,90089,Tents ( Town & Country)  2-20x20 10x15 8x42 8x12 8x22,Founders Park,ASSOCIATES,2024-11-16T00:00:00.000,2024-11-16T00:00:00.000,"{'latitude': '34.02066', 'longitude': '-118.28531', 'human_address': '{""address"": """", ""city"": """", ""state"": """", ""zip"": """"}'}",V07,Galen Center (USC),490.8,34.02066,-118.28531,LADBS Building and Safety Temporary Special Event (TSE) Permits,
244109000003256,Temporary Special Event,Commercial,900,900,W,EXPOSITION,BLVD,90037,Temporary Tents ( Town & Country)  15x20 20x30 20x35,South lawn,TAIL GATE SOUTH LAWN,2024-11-16T00:00:00.000,2024-11-16T00:00:00.000,"{'latitude': '34.01803', 'longitude': '-118.2884', 'human_address': '{""address"": """", ""city"": """", ""state"": """", ""zip"": """"}'}",V05,LA Memorial Coliseum,439.4,34.01803,-118.2884,LADBS Building and Safety Temporary Special Event (TSE) Permits,
244109000003228,Temporary Special Event,Commercial,3551,3551,S,TROUSDALE,PKWY,90089,Temp tents ( Town & Country)  5-20x20 1 20x30 3-10x10 2 8x8  2000 Gues,Alumni Park,ALUMNI TAILGATE,2024-11-16T00:00:00.000,2024-11-16T00:00:00.000,"{'latitude': '34.02066', 'longitude': '-118.28531', 'human_address': '{""address"": """", ""city"": """", ""state"": """", ""zip"": """"}'}",V07,Galen Center (USC),490.8,34.02066,-118.28531,LADBS Building and Safety Temporary Special Event (TSE) Permits,
244109000003242,Temporary Special Event,Commercial,3911,3911,S,FIGUEROA,ST,90037,"Temp Tent ( Town & Country)  Gate 1 20x20 , Gate 28 10x15 30x50 20x40",Inside stadium,USC PRODUCTION,2024-11-16T00:00:00.000,2024-11-16T00:00:00.000,"{'latitude': '34.01366', 'longitude': '-118.28294', 'human_address': '{""address"": """", ""city"": """", ""state"": """", ""zip"": """"}'}",V06,Exposition Park Stadium (BMO Stadium),180.4,34.01366,-118.28294,LADBS Building and Safety Temporary Special Event (TSE) Permits,
244109000003273,Temporary Special Event,Commercial,900,900,W,EXPOSITION,BLVD,90037,Temporary Tents  ( Town & County)  5 10x20 & 8 20x20 tents  9am -1pm,Exposition Park,REVELX,2024-11-16T00:00:00.000,2024-11-16T00:00:00.000,"{'latitude': '34.01803', 'longitude': '-118.2884', 'human_address': '{""address"": """", ""city"": """", ""state"": """", ""zip"": """"}'}",V05,LA Memorial Coliseum,439.4,34.01803,-118.2884,LADBS Building and Safety Temporary Special Event (TSE) Permits,
244109000003225,Temporary Special Event,Commercial,3551,3551,S,TROUSDALE,PKWY,90089,Tents ( Town & Country)  2-20x30 10x15 8x42 8x12 8x22  1300 Guest,Founders park,ASSOCIATES PICNIC,2024-11-16T00:00:00.000,2024-11-16T00:00:00.000,"{'latitude': '34.02066', 'longitude': '-118.28531', 'human_address': '{""address"": """", ""city"": """", ""state"": """", ""zip"": """"}'}",V07,Galen Center (USC),490.8,34.02066,-118.28531,LADBS Building and Safety Temporary Special Event (TSE) Permits,
244109000003224,Temporary Special Event,Commercial,3616,3616,S,TROUSDALE,PKWY,90089,Temporary Tents  2 15x15 1 10x10 1 15x25  (Town & Country) 300 Guest 9,South Hancock lawn,USC HOMECOMING 2024,2024-11-16T00:00:00.000,2024-11-16T00:00:00.000,"{'latitude': '34.01983', 'longitude': '-118.28534', 'human_address': '{""address"": """", ""city"": """", ""state"": """", ""zip"": """"}'}",V07,Galen Center (USC),509.1,34.01983,-118.28534,LADBS Building and Safety Temporary Special Event (TSE) Permits,
244109000003241,Temporary Special Event,Commercial,3911,3911,S,FIGUEROA,ST,90037,Temp tents ( Town & Country)  3-10x10 10x20 15x15 20x20  fan fest  9am,X mass tree lane,USC PRODUCTION,2024-11-16T00:00:00.000,2024-11-16T00:00:00.000,"{'latitude': '34.01366', 'longitude': '-118.28294', 'human_address': '{""address"": """", ""city"": """", ""state"": """", ""zip"": """"}'}",V06,Exposition Park Stadium (BMO Stadium),180.4,34.01366,-118.28294,LADBS Building and Safety Temporary Special Event (TSE) Permits,
244109000003162,Temporary Special Event,Commercial,,,,,,,"Mechanical Rides / Carnival  1000 Vin Scully  Los Angeles Ca,90012 Dod","1000 Vin Scully Los Angeles Ca, 90012",DODGER STADIUM,2024-11-16T00:00:00.000,2024-11-17T00:00:00.000,,V01,Dodger Stadium,,,,LADBS Building and Safety Temporary Special Event (TSE) Permits,
244109000003266,Temporary Special Event,Commercial,649,649,W,JEFFERSON,BLVD,90007,Concert In The West Lot,Concert In Shrine Auditorium West Lot,GORGON CITY,2024-11-15T00:00:00.000,2024-11-15T00:00:00.000,"{'latitude': '34.02274', 'longitude': '-118.28142', 'human_address': '{""address"": """", ""city"": """", ""state"": """", ""zip"": """"}'}",V07,Galen Center (USC),233.6,34.02274,-118.28142,LADBS Building and Safety Temporary Special Event (TSE) Permits,
244109000003191,Temporary Special Event,Commercial,777,777,W,CHICK HEARN,CT,90015,Temporary Truss  2-V- Shaped Archs The arch is to be flanked by 7 pane,Peacock Plaza,DORITOS NIGHT MARKET,2024-11-15T00:00:00.000,2024-11-15T00:00:00.000,"{'latitude': '34.04406', 'longitude': '-118.26707', 'human_address': '{""address"": """", ""city"": """", ""state"": """", ""zip"": """"}'}",V04,Peacock Theater,51.4,34.04406,-118.26707,LADBS Building and Safety Temporary Special Event (TSE) Permits,
244109000003267,Temporary Special Event,Commercial,3911,3911,S,FIGUEROA,ST,90037,Installation of Flying Camera System into LA Mem Col (LAMC) ATTN: Feli,Flying Camera System attached to four light standards surrounding the LAMC,USC VS NEBRASKA,2024-11-15T00:00:00.000,2024-11-20T00:00:00.000,"{'latitude': '34.01366', 'longitude': '-118.28294', 'human_address': '{""address"": """", ""city"": """", ""state"": """", ""zip"": """"}'}",V06,Exposition Park Stadium (BMO Stadium),180.4,34.01366,-118.28294,LADBS Building and Safety Temporary Special Event (TSE) Permits,
244109000003147,Temporary Special Event,Commercial,5333,5333,W,ZOO,DR,90027,L.A. Zoo Lights 24-25,,ZOO LIGHTS 24-25,2024-11-14T00:00:00.000,2024-11-20T00:00:00.000,"{'latitude': '34.14867', 'longitude': '-118.28623', 'human_address': '{""address"": """", ""city"": """", ""state"": """", ""zip"": """"}'}",V08,LA Zoo,99.7,34.14867,-118.28623,LADBS Building and Safety Temporary Special Event (TSE) Permits,
244109000003190,Temporary Special Event,Commercial,3911,3911,S,FIGUEROA,ST,90037,Temporary tent. ( Town & Country) 10x30,west end of stadium,CAMERA TENT,2024-11-10T00:00:00.000,2024-11-16T00:00:00.000,"{'latitude': '34.01366', 'longitude': '-118.28294', 'human_address': '{""address"": """", ""city"": """", ""state"": """", ""zip"": """"}'}",V06,Exposition Park Stadium (BMO Stadium),180.4,34.01366,-118.28294,LADBS Building and Safety Temporary Special Event (TSE) Permits,
244109000003177,Temporary Special Event,Commercial,3911,3911,S,FIGUEROA,ST,90037,Live-music event with a main stage and supporting truss structure.  Ev,At the Torch at the LA Coliseum,SIDEPIECE,2024-11-09T00:00:00.000,2024-11-09T00:00:00.000,"{'latitude': '34.01366', 'longitude': '-118.28294', 'human_address': '{""address"": """", ""city"": """", ""state"": """", ""zip"": """"}'}",V06,Exposition Park Stadium (BMO Stadium),180.4,34.01366,-118.28294,LADBS Building and Safety Temporary Special Event (TSE) Permits,
244109000003207,Temporary Special Event,Commercial,900,900,W,EXPOSITION,BLVD,90037,Tents 5-20x20 1 20x40 ( Town & County)  TCUP for 1500 People 7am -11am,Expo park south lawn,LA WALK TO END AZ,2024-11-09T00:00:00.000,2024-11-09T00:00:00.000,"{'latitude': '34.01803', 'longitude': '-118.2884', 'human_address': '{""address"": """", ""city"": """", ""state"": """", ""zip"": """"}'}",V05,LA Memorial Coliseum,439.4,34.01803,-118.2884,LADBS Building and Safety Temporary Special Event (TSE) Permits,
244109000003188,Temporary Special Event,Commercial,3939,3939,S,FIGUEROA,ST,90037,VAN Breakroom / Seventeen,,ROOFTOP TENT,2024-11-08T00:00:00.000,2024-11-11T00:00:00.000,"{'latitude': '34.01173', 'longitude': '-118.28296', 'human_address': '{""address"": """", ""city"": """", ""state"": """", ""zip"": """"}'}",V06,Exposition Park Stadium (BMO Stadium),192.4,34.01173,-118.28296,LADBS Building and Safety Temporary Special Event (TSE) Permits,
244109000003182,Temporary Special Event,Commercial,3911,3911,S,FIGUEROA,ST,90037,TCUP for 500 Guest for awards event  ( Town & Country  Bryan Phelps 31,Peristyle,EDDY AWARDS,2024-11-06T00:00:00.000,2024-11-06T00:00:00.000,"{'latitude': '34.01366', 'longitude': '-118.28294', 'human_address': '{""address"": """", ""city"": """", ""state"": """", ""zip"": """"}'}",V06,Exposition Park Stadium (BMO Stadium),180.4,34.01366,-118.28294,LADBS Building and Safety Temporary Special Event (TSE) Permits,
244109000003171,Temporary Special Event,Commercial,3911,3911,S,FIGUEROA,ST,90037,Usc suites  49' x 82'  30' x 148'   Shelter   Structures,Field & Gate 19,USC SUITES,2024-11-05T00:00:00.000,2024-11-11T00:00:00.000,"{'latitude': '34.01366', 'longitude': '-118.28294', 'human_address': '{""address"": """", ""city"": """", ""state"": """", ""zip"": """"}'}",V06,Exposition Park Stadium (BMO Stadium),180.4,34.01366,-118.28294,LADBS Building and Safety Temporary Special Event (TSE) Permits,
244109000003166,Temporary Special Event,Commercial,3939,3939,S,FIGUEROA,ST,90037,"Concert Stage, ADAs and FOH","Grupo Firme/Kaytranada Stage, ADAs and FOH",GRUPO FIRME/KAYTRANADA,2024-11-02T00:00:00.000,2024-11-03T00:00:00.000,"{'latitude': '34.01173', 'longitude': '-118.28296', 'human_address': '{""address"": """", ""city"": """", ""state"": """", ""zip"": """"}'}",V06,Exposition Park Stadium (BMO Stadium),192.4,34.01173,-118.28296,LADBS Building and Safety Temporary Special Event (TSE) Permits,
244109000003148,Temporary Special Event,Commercial,3911,3911,S,FIGUEROA,ST,90037,15x30 Media tent  town & country,Tunnel,MEDIA TENT,2024-11-01T00:00:00.000,2024-11-07T00:00:00.000,"{'latitude': '34.01366', 'longitude': '-118.28294', 'human_address': '{""address"": """", ""city"": """", ""state"": """", ""zip"": """"}'}",V06,Exposition Park Stadium (BMO Stadium),180.4,34.01366,-118.28294,LADBS Building and Safety Temporary Special Event (TSE) Permits,
244109000003156,Temporary Special Event,Commercial,649,649,W,JEFFERSON,BLVD,90007,Concert In Shrine Expo Hall,Concernt In Shrine Expo Hall,LCD SOUNDSYSTEM,2024-10-31T00:00:00.000,2024-11-03T00:00:00.000,"{'latitude': '34.02274', 'longitude': '-118.28142', 'human_address': '{""address"": """", ""city"": """", ""state"": """", ""zip"": """"}'}",V07,Galen Center (USC),233.6,34.02274,-118.28142,LADBS Building and Safety Temporary Special Event (TSE) Permits,
244109000003130,Temporary Special Event,Commercial,3939,3939,S,FIGUEROA,ST,90037,VAN breakroom,Inspection at 8 am please,ROOFTOP TENT,2024-10-27T00:00:00.000,2024-10-27T00:00:00.000,"{'latitude': '34.01173', 'longitude': '-118.28296', 'human_address': '{""address"": """", ""city"": """", ""state"": """", ""zip"": """"}'}",V06,Exposition Park Stadium (BMO Stadium),192.4,34.01173,-118.28296,LADBS Building and Safety Temporary Special Event (TSE) Permits,
244109000002844,Temporary Special Event,Commercial,5333,5333,W,ZOO,DR,90027,Inflatable M&M - 20' tall,Inside L.A. Zoo - Inflatable M&M - 20' tall,BOO AT THE ZOO W2 2024,2024-10-26T00:00:00.000,2024-10-27T00:00:00.000,"{'latitude': '34.14867', 'longitude': '-118.28623', 'human_address': '{""address"": """", ""city"": """", ""state"": """", ""zip"": """"}'}",V08,LA Zoo,99.7,34.14867,-118.28623,LADBS Building and Safety Temporary Special Event (TSE) Permits,
244109000003095,Temporary Special Event,Commercial,3911,3911,S,FIGUEROA,ST,90037,Temporary Tents  10x10 10x20 15x15 20x20 1 10x20 2 10x10  Town & Count,X Mass Tree Lane,FAN FEST,2024-10-25T00:00:00.000,2024-10-25T00:00:00.000,"{'latitude': '34.01366', 'longitude': '-118.28294', 'human_address': '{""address"": """", ""city"": """", ""state"": """", ""zip"": """"}'}",V06,Exposition Park Stadium (BMO Stadium),180.4,34.01366,-118.28294,LADBS Building and Safety Temporary Special Event (TSE) Permits,
244109000003116,Temporary Special Event,Commercial,900,900,W,EXPOSITION,BLVD,90037,Temporary Tents  4 10x10 3 10x20 3 20x20  1 30x100 1 10x10  Town & Cou,South Lawn,USC /RUTGERS,2024-10-25T00:00:00.000,2024-10-25T00:00:00.000,"{'latitude': '34.01803', 'longitude': '-118.2884', 'human_address': '{""address"": """", ""city"": """", ""state"": """", ""zip"": """"}'}",V05,LA Memorial Coliseum,439.4,34.01803,-118.2884,LADBS Building and Safety Temporary Special Event (TSE) Permits,
244109000003081,Temporary Special Event,Commercial,3911,3911,S,FIGUEROA,ST,90037,Temporary Tents  Gate 19  49'x82' & 19'x39  Field  30'x148'  Shelter s,Field and Gate 19,USC SUITES,2024-10-22T00:00:00.000,2024-10-28T00:00:00.000,"{'latitude': '34.01366', 'longitude': '-118.28294', 'human_address': '{""address"": """", ""city"": """", ""state"": """", ""zip"": """"}'}",V06,Exposition Park Stadium (BMO Stadium),180.4,34.01366,-118.28294,LADBS Building and Safety Temporary Special Event (TSE) Permits,
244109000003052,Temporary Special Event,Apartment,3939,3939,S,FIGUEROA,ST,90037,"Enclosed lawn area with bike rack, (3) truss arch entry, 24"" H Stage w","Exposition Park Lawn next to BMO Stadium, enclosed with Bike Rack",ACFC (ANGEL CITY FOOTBALL CLUB)FAN FEST,2024-10-20T00:00:00.000,2024-10-20T00:00:00.000,"{'latitude': '34.01173', 'longitude': '-118.28296', 'human_address': '{""address"": """", ""city"": """", ""state"": """", ""zip"": """"}'}",V06,Exposition Park Stadium (BMO Stadium),192.4,34.01173,-118.28296,LADBS Building and Safety Temporary Special Event (TSE) Permits,
244109000003047,Temporary Special Event,Commercial,4124,4124,S,BROADWAY,,90037,20X50 CANOPY,,ANNIVERSARY,2024-10-19T00:00:00.000,2024-10-20T00:00:00.000,"{'latitude': '34.00853', 'longitude': '-118.27813', 'human_address': '{""address"": """", ""city"": """", ""state"": """", ""zip"": """"}'}",V06,Exposition Park Stadium (BMO Stadium),762.3,34.00853,-118.27813,LADBS Building and Safety Temporary Special Event (TSE) Permits,
244109000002886,Temporary Special Event,Commercial,1301,1301,S,FIGUEROA,ST,90015,N/A,"ID Week Event, Exhibitor is GSK Booth# 646, Contact Pina Ogilvie 647.882.4484",ID WEEK 2024 / GSK BOOTH 646,2024-10-17T00:00:00.000,2024-10-19T00:00:00.000,"{'latitude': '34.04058', 'longitude': '-118.26853', 'human_address': '{""address"": """", ""city"": """", ""state"": """", ""zip"": """"}'}",V03,LA Convention Center (Halls 1-3),190.2,34.04058,-118.26853,LADBS Building and Safety Temporary Special Event (TSE) Permits,
244109000002885,Temporary Special Event,Commercial,1301,1301,S,FIGUEROA,ST,90015,Registered Professional Engineer (Civil) State of California,LACC / Shionogi / Booth # 322,SHIONOGI ID WEEK,2024-10-16T00:00:00.000,2024-10-20T00:00:00.000,"{'latitude': '34.04058', 'longitude': '-118.26853', 'human_address': '{""address"": """", ""city"": """", ""state"": """", ""zip"": """"}'}",V03,LA Convention Center (Halls 1-3),190.2,34.04058,-118.26853,LADBS Building and Safety Temporary Special Event (TSE) Permits,
244109000002942,Temporary Special Event,Commercial,1301,1301,S,FIGUEROA,ST,90015,40x40 Booth for the Show,,IDWEEK 2024,2024-10-16T00:00:00.000,2024-10-19T00:00:00.000,"{'latitude': '34.04058', 'longitude': '-118.26853', 'human_address': '{""address"": """", ""city"": """", ""state"": """", ""zip"": """"}'}",V03,LA Convention Center (Halls 1-3),190.2,34.04058,-118.26853,LADBS Building and Safety Temporary Special Event (TSE) Permits,
244109000003014,Temporary Special Event,Commercial,3911,3911,S,FIGUEROA,ST,90037,30x100 Tent  Town & Country  200 Guest  Skylar Phan 213 713 2439,Peristyle,RECRUITING EVENT,2024-10-12T00:00:00.000,2024-10-12T00:00:00.000,"{'latitude': '34.01366', 'longitude': '-118.28294', 'human_address': '{""address"": """", ""city"": """", ""state"": """", ""zip"": """"}'}",V06,Exposition Park Stadium (BMO Stadium),180.4,34.01366,-118.28294,LADBS Building and Safety Temporary Special Event (TSE) Permits,
244109000003021,Temporary Special Event,Commercial,900,900,W,EXPOSITION,BLVD,90037,Temporary Tents  5 10x20 3 20x20  Inspection 10/12 7:30am  Bryan Phelp,Rose Garden,REVELX,2024-10-12T00:00:00.000,2024-10-12T00:00:00.000,"{'latitude': '34.01803', 'longitude': '-118.2884', 'human_address': '{""address"": """", ""city"": """", ""state"": """", ""zip"": """"}'}",V05,LA Memorial Coliseum,439.4,34.01803,-118.2884,LADBS Building and Safety Temporary Special Event (TSE) Permits,
244109000003013,Temporary Special Event,Commercial,3911,3911,S,FIGUEROA,ST,90037,TCUP for fan fest and tenting  10x20 15x15 20x20  10x20 Pop up  Town &,X MAS TREE LANE,FAN FEST,2024-10-12T00:00:00.000,2024-10-12T00:00:00.000,"{'latitude': '34.01366', 'longitude': '-118.28294', 'human_address': '{""address"": """", ""city"": """", ""state"": """", ""zip"": """"}'}",V06,Exposition Park Stadium (BMO Stadium),180.4,34.01366,-118.28294,LADBS Building and Safety Temporary Special Event (TSE) Permits,
244109000003016,Temporary Special Event,Commercial,3911,3911,S,FIGUEROA,ST,90037,Temporary Tent  3 -10x15 10x20 10x30 10x50 20x30 20x40 30x50   6-13' T,Stadium,PRODUCTION,2024-10-12T00:00:00.000,2024-10-12T00:00:00.000,"{'latitude': '34.01366', 'longitude': '-118.28294', 'human_address': '{""address"": """", ""city"": """", ""state"": """", ""zip"": """"}'}",V06,Exposition Park Stadium (BMO Stadium),180.4,34.01366,-118.28294,LADBS Building and Safety Temporary Special Event (TSE) Permits,
244109000002910,Temporary Special Event,Commercial,3911,3911,S,FIGUEROA,ST,90037,15x30 Tent for media tent  town & county,Player Tunnel,MEDIA TENT,2024-10-12T00:00:00.000,2024-10-12T00:00:00.000,"{'latitude': '34.01366', 'longitude': '-118.28294', 'human_address': '{""address"": """", ""city"": """", ""state"": """", ""zip"": """"}'}",V06,Exposition Park Stadium (BMO Stadium),180.4,34.01366,-118.28294,LADBS Building and Safety Temporary Special Event (TSE) Permits,
244109000003017,Temporary Special Event,Commercial,900,900,W,EXPOSITION,BLVD,90037,Temporary Tent  10x20 58x100  Town & country 9:30am -12:30pm   Jennife,West Expo,REVEL XP,2024-10-12T00:00:00.000,2024-10-12T00:00:00.000,"{'latitude': '34.01803', 'longitude': '-118.2884', 'human_address': '{""address"": """", ""city"": """", ""state"": """", ""zip"": """"}'}",V05,LA Memorial Coliseum,439.4,34.01803,-118.2884,LADBS Building and Safety Temporary Special Event (TSE) Permits,
244109000003009,Temporary Special Event,Commercial,649,649,W,JEFFERSON,BLVD,90007,Concert In The Expo Hall,Concert In The Expo Hall,BLADEE,2024-10-11T00:00:00.000,2024-10-13T00:00:00.000,"{'latitude': '34.02274', 'longitude': '-118.28142', 'human_address': '{""address"": """", ""city"": """", ""state"": """", ""zip"": """"}'}",V07,Galen Center (USC),233.6,34.02274,-118.28142,LADBS Building and Safety Temporary Special Event (TSE) Permits,
244109000003018,Temporary Special Event,Commercial,3911,3911,S,FIGUEROA,ST,90037,Installation of Flying Camera System int LA Mem. Col (LAMC) ATTN: Feli,Flying Camera System attached to four light standards surrounding the LAMC,USC VS PENN ST,2024-10-11T00:00:00.000,2024-10-15T00:00:00.000,"{'latitude': '34.01366', 'longitude': '-118.28294', 'human_address': '{""address"": """", ""city"": """", ""state"": """", ""zip"": """"}'}",V06,Exposition Park Stadium (BMO Stadium),180.4,34.01366,-118.28294,LADBS Building and Safety Temporary Special Event (TSE) Permits,
244109000002958,Temporary Special Event,Vacant Land,3911,3911,S,FIGUEROA,ST,90037,Trussing backdrop with 70/30 blow through graphics,Christmas Tree Lane - USC Fan Fest,USC FAN FEST,2024-10-11T00:00:00.000,2024-10-12T00:00:00.000,"{'latitude': '34.01366', 'longitude': '-118.28294', 'human_address': '{""address"": """", ""city"": """", ""state"": """", ""zip"": """"}'}",V06,Exposition Park Stadium (BMO Stadium),180.4,34.01366,-118.28294,LADBS Building and Safety Temporary Special Event (TSE) Permits,
244109000002962,Temporary Special Event,Commercial,3911,3911,S,FIGUEROA,ST,90037,Temporary Tents  Field tent 30'x148  Gate 19  49 'x 82'  & 19'x39'  Sh,Field and gate 19,USC EVENTS,2024-10-07T00:00:00.000,2024-10-13T00:00:00.000,"{'latitude': '34.01366', 'longitude': '-118.28294', 'human_address': '{""address"": """", ""city"": """", ""state"": """", ""zip"": """"}'}",V06,Exposition Park Stadium (BMO Stadium),180.4,34.01366,-118.28294,LADBS Building and Safety Temporary Special Event (TSE) Permits,
244109000002984,Temporary Special Event,Commercial,777,777,W,CHICK HEARN,CT,90015,"2- Temporary 3' High Risers with 2 LED 21'w x 11'-6"" High Event 10/05",Event deck tent,CHLA,2024-10-06T00:00:00.000,2024-10-06T00:00:00.000,"{'latitude': '34.04406', 'longitude': '-118.26707', 'human_address': '{""address"": """", ""city"": """", ""state"": """", ""zip"": """"}'}",V04,Peacock Theater,51.4,34.04406,-118.26707,LADBS Building and Safety Temporary Special Event (TSE) Permits,
244109000002899,Temporary Special Event,Public Way,4700,4700,W,WESTERN HERITAGE,WAY,90027,Block party for Autry Museum with a ferris wheel.,,ANNUAL BLOCK PARTY,2024-10-06T00:00:00.000,2024-10-06T00:00:00.000,"{'latitude': '34.14865', 'longitude': '-118.28197', 'human_address': '{""address"": """", ""city"": """", ""state"": """", ""zip"": """"}'}",V08,LA Zoo,344.3,34.14865,-118.28197,LADBS Building and Safety Temporary Special Event (TSE) Permits,
244109000002979,Temporary Special Event,Commercial,3939,3939,S,FIGUEROA,ST,90037,Concert Stage for Korn,"Concert Stage, ADA Platforms, and FOH",KORN CONCERT,2024-10-05T00:00:00.000,2024-10-05T00:00:00.000,"{'latitude': '34.01173', 'longitude': '-118.28296', 'human_address': '{""address"": """", ""city"": """", ""state"": """", ""zip"": """"}'}",V06,Exposition Park Stadium (BMO Stadium),192.4,34.01173,-118.28296,LADBS Building and Safety Temporary Special Event (TSE) Permits,
244109000002980,Temporary Special Event,Commercial,777,777,W,CHICK HEARN,CT,90015,"Temporary Tent  1-140x30  La lIve  VICTOR TRUJILLO Sr. Manager, L.A. L",event deck,CHLA,2024-10-05T00:00:00.000,2024-10-05T00:00:00.000,"{'latitude': '34.04406', 'longitude': '-118.26707', 'human_address': '{""address"": """", ""city"": """", ""state"": """", ""zip"": """"}'}",V04,Peacock Theater,51.4,34.04406,-118.26707,LADBS Building and Safety Temporary Special Event (TSE) Permits,
244109000002952,Temporary Special Event,Commercial,823,823,W,EXPOSITION,BLVD,90089,30x40 tent for Reception  75 Guest  Town & Country,Fisher museum Courtyard,RADICAL IMAGINATION RECEPTION,2024-10-03T00:00:00.000,2024-10-03T00:00:00.000,"{'latitude': '34.01842', 'longitude': '-118.28748', 'human_address': '{""address"": """", ""city"": """", ""state"": """", ""zip"": """"}'}",V05,LA Memorial Coliseum,481.9,34.01842,-118.28748,LADBS Building and Safety Temporary Special Event (TSE) Permits,
244109000002876,Temporary Special Event,Commercial,3939,3939,S,FIGUEROA,ST,90037,Seattle breakroom / KORN,,ROOFTOP TENT,2024-10-02T00:00:00.000,2024-10-06T00:00:00.000,"{'latitude': '34.01173', 'longitude': '-118.28296', 'human_address': '{""address"": """", ""city"": """", ""state"": """", ""zip"": """"}'}",V06,Exposition Park Stadium (BMO Stadium),192.4,34.01173,-118.28296,LADBS Building and Safety Temporary Special Event (TSE) Permits,
244109000002882,Temporary Special Event,Commercial,3911,3911,S,FIGUEROA,ST,90037,Temporary Tents 30x148 on the field  49'x82 & 19'x39 Gate 19  shelter,Field and gate 19,USC FOOTABLL TENTS,2024-09-30T00:00:00.000,2024-10-06T00:00:00.000,"{'latitude': '34.01366', 'longitude': '-118.28294', 'human_address': '{""address"": """", ""city"": """", ""state"": """", ""zip"": """"}'}",V06,Exposition Park Stadium (BMO Stadium),180.4,34.01366,-118.28294,LADBS Building and Safety Temporary Special Event (TSE) Permits,
244109000002906,Temporary Special Event,Commercial,900,900,W,EXPOSITION,BLVD,90037,20x40 tent with 68 10x10  500 Guest  onsite Priscilla Perez 818 203 00,Exposition park,SCHOOL VILLAGE,2024-09-29T00:00:00.000,2024-09-29T00:00:00.000,"{'latitude': '34.01803', 'longitude': '-118.2884', 'human_address': '{""address"": """", ""city"": """", ""state"": """", ""zip"": """"}'}",V05,LA Memorial Coliseum,439.4,34.01803,-118.2884,LADBS Building and Safety Temporary Special Event (TSE) Permits,
244109000002764,Temporary Special Event,Commercial,1301,1301,S,FIGUEROA,ST,90015,Truss Structure,,WEKFEST LA,2024-09-29T00:00:00.000,2024-09-29T00:00:00.000,"{'latitude': '34.04058', 'longitude': '-118.26853', 'human_address': '{""address"": """", ""city"": """", ""state"": """", ""zip"": """"}'}",V03,LA Convention Center (Halls 1-3),190.2,34.04058,-118.26853,LADBS Building and Safety Temporary Special Event (TSE) Permits,
244109000002883,Temporary Special Event,Commercial,3911,3911,S,FIGUEROA,ST,90037,Temporary Tent 10x30 for camera shade  Town & Country,Westend of stadium,CAMERA TENT,2024-09-28T00:00:00.000,2024-10-04T00:00:00.000,"{'latitude': '34.01366', 'longitude': '-118.28294', 'human_address': '{""address"": """", ""city"": """", ""state"": """", ""zip"": """"}'}",V06,Exposition Park Stadium (BMO Stadium),180.4,34.01366,-118.28294,LADBS Building and Safety Temporary Special Event (TSE) Permits,
244109000002912,Temporary Special Event,Commercial,3911,3911,S,FIGUEROA,ST,90037,Temporary Tent  3-10x15 10x20 10x30 10x50 20x30 20x40 30x50  Sail 2-20,Inside and out side stadium,PRODUCTION,2024-09-28T00:00:00.000,2024-09-28T00:00:00.000,"{'latitude': '34.01366', 'longitude': '-118.28294', 'human_address': '{""address"": """", ""city"": """", ""state"": """", ""zip"": """"}'}",V06,Exposition Park Stadium (BMO Stadium),180.4,34.01366,-118.28294,LADBS Building and Safety Temporary Special Event (TSE) Permits,
244109000002911,Temporary Special Event,Commercial,3911,3911,S,FIGUEROA,ST,90037,"10x20,15x15,20x20 10x20 and 3 10x10 tents  8:30am -12:30PM  Town & cou",X -Mass tree lane,FANFEST,2024-09-28T00:00:00.000,2024-09-28T00:00:00.000,"{'latitude': '34.01366', 'longitude': '-118.28294', 'human_address': '{""address"": """", ""city"": """", ""state"": """", ""zip"": """"}'}",V06,Exposition Park Stadium (BMO Stadium),180.4,34.01366,-118.28294,LADBS Building and Safety Temporary Special Event (TSE) Permits,
244109000002914,Temporary Special Event,Commercial,3911,3911,S,FIGUEROA,ST,90037,TCUP For 740 Guest inside the peristyle for tailgaiting 9:30am -12:30p,Peristyle,USC / WISCONSIN,2024-09-28T00:00:00.000,2024-09-28T00:00:00.000,"{'latitude': '34.01366', 'longitude': '-118.28294', 'human_address': '{""address"": """", ""city"": """", ""state"": """", ""zip"": """"}'}",V06,Exposition Park Stadium (BMO Stadium),180.4,34.01366,-118.28294,LADBS Building and Safety Temporary Special Event (TSE) Permits,
244109000002913,Temporary Special Event,Commercial,3911,3911,S,FIGUEROA,ST,90037,30X100 Tent recruiting  town & country  200 Guest 12:30pm,Peristyle,RECRUITING EVENT,2024-09-28T00:00:00.000,2024-09-28T00:00:00.000,"{'latitude': '34.01366', 'longitude': '-118.28294', 'human_address': '{""address"": """", ""city"": """", ""state"": """", ""zip"": """"}'}",V06,Exposition Park Stadium (BMO Stadium),180.4,34.01366,-118.28294,LADBS Building and Safety Temporary Special Event (TSE) Permits,
244109000002921,Temporary Special Event,Commercial,3911,3911,S,FIGUEROA,ST,90037,Installation of Flying Camera System into LA Mem Col (LAMC) ATTN: Feli,Flying Camera System attached to four lights standards surrounding LAMC,USC VS WISC,2024-09-27T00:00:00.000,2024-09-30T00:00:00.000,"{'latitude': '34.01366', 'longitude': '-118.28294', 'human_address': '{""address"": """", ""city"": """", ""state"": """", ""zip"": """"}'}",V06,Exposition Park Stadium (BMO Stadium),180.4,34.01366,-118.28294,LADBS Building and Safety Temporary Special Event (TSE) Permits,
244109000002869,Temporary Special Event,Commercial,3939,3939,S,FIGUEROA,ST,90037,Slalom & LAFC Breakroom,,ROOFTOP TENT,2024-09-23T00:00:00.000,2024-09-26T00:00:00.000,"{'latitude': '34.01173', 'longitude': '-118.28296', 'human_address': '{""address"": """", ""city"": """", ""state"": """", ""zip"": """"}'}",V06,Exposition Park Stadium (BMO Stadium),192.4,34.01173,-118.28296,LADBS Building and Safety Temporary Special Event (TSE) Permits,
244109000002790,Temporary Special Event,Commercial,1301,1301,S,FIGUEROA,ST,90015,Using LACC Staging Risers. Will have drape and video screens over 12',Located in West Hall A close to Loading Doors. Only Stage in West Hall A,IAPP PSR24 GENERAL SESSION STAGE,2024-09-23T00:00:00.000,2024-09-24T00:00:00.000,"{'latitude': '34.04058', 'longitude': '-118.26853', 'human_address': '{""address"": """", ""city"": """", ""state"": """", ""zip"": """"}'}",V03,LA Convention Center (Halls 1-3),190.2,34.04058,-118.26853,LADBS Building and Safety Temporary Special Event (TSE) Permits,
244109000002863,Temporary Special Event,Commercial,3911,3911,S,FIGUEROA,ST,90037,Temporary Tents  49'x82' & 19'x39 Book store Get 19  30'x148' Field Te,Filed and gate 19,USC FOOTBALL TENTS,2024-09-23T00:00:00.000,2024-09-29T00:00:00.000,"{'latitude': '34.01366', 'longitude': '-118.28294', 'human_address': '{""address"": """", ""city"": """", ""state"": """", ""zip"": """"}'}",V06,Exposition Park Stadium (BMO Stadium),180.4,34.01366,-118.28294,LADBS Building and Safety Temporary Special Event (TSE) Permits,
244109000002817,Temporary Special Event,Commercial,3911,3911,S,FIGUEROA,ST,90037,One main stage with supporting truss structure.  Preferred inspection,Event is taking place at The Torch at the LA Coliseum.,TIMMY TRUMPET,2024-09-21T00:00:00.000,2024-09-21T00:00:00.000,"{'latitude': '34.01366', 'longitude': '-118.28294', 'human_address': '{""address"": """", ""city"": """", ""state"": """", ""zip"": """"}'}",V06,Exposition Park Stadium (BMO Stadium),180.4,34.01366,-118.28294,LADBS Building and Safety Temporary Special Event (TSE) Permits,
244109000002813,Temporary Special Event,Commercial,649,649,W,JEFFERSON,BLVD,90007,Concert In Expo Hall,Shrine Expo Hall,MAU-P,2024-09-19T00:00:00.000,2024-09-22T00:00:00.000,"{'latitude': '34.02274', 'longitude': '-118.28142', 'human_address': '{""address"": """", ""city"": """", ""state"": """", ""zip"": """"}'}",V07,Galen Center (USC),233.6,34.02274,-118.28142,LADBS Building and Safety Temporary Special Event (TSE) Permits,
244109000002839,Temporary Special Event,Commercial,3939,3939,S,FIGUEROA,ST,90037,Austin Breakroom,,ROOFTOP TENT,2024-09-18T00:00:00.000,2024-09-21T00:00:00.000,"{'latitude': '34.01173', 'longitude': '-118.28296', 'human_address': '{""address"": """", ""city"": """", ""state"": """", ""zip"": """"}'}",V06,Exposition Park Stadium (BMO Stadium),192.4,34.01173,-118.28296,LADBS Building and Safety Temporary Special Event (TSE) Permits,
244109000002836,Temporary Special Event,Commercial,3911,3911,S,FIGUEROA,ST,90037,Temporary Tents   Gate 19 49' x 82'  & 19'x39' Book Store   InField te,Gate 19 & field,USC SUITES,2024-09-16T00:00:00.000,2024-09-22T00:00:00.000,"{'latitude': '34.01366', 'longitude': '-118.28294', 'human_address': '{""address"": """", ""city"": """", ""state"": """", ""zip"": """"}'}",V06,Exposition Park Stadium (BMO Stadium),180.4,34.01366,-118.28294,LADBS Building and Safety Temporary Special Event (TSE) Permits,
244109000002723,Temporary Special Event,Commercial,1301,1301,S,FIGUEROA,ST,90015,"Rotating Central Display platform with Large Emmy Statue and 30"" High",LACC West Hall A,76TH EMMYS GOVERNORS GALA TELECAST,2024-09-15T00:00:00.000,2024-09-15T00:00:00.000,"{'latitude': '34.04058', 'longitude': '-118.26853', 'human_address': '{""address"": """", ""city"": """", ""state"": """", ""zip"": """"}'}",V03,LA Convention Center (Halls 1-3),190.2,34.04058,-118.26853,LADBS Building and Safety Temporary Special Event (TSE) Permits,
244109000002760,Temporary Special Event,Commercial,777,777,W,CHICK HEARN,CT,90015,Temporary Tents  on street 30x110  in plaza 85x155 and 2 18x27   Georg,Inside plaza and street,EMMY'S,2024-09-15T00:00:00.000,2024-09-15T00:00:00.000,"{'latitude': '34.04406', 'longitude': '-118.26707', 'human_address': '{""address"": """", ""city"": """", ""state"": """", ""zip"": """"}'}",V04,Peacock Theater,51.4,34.04406,-118.26707,LADBS Building and Safety Temporary Special Event (TSE) Permits,
244109000002785,Temporary Special Event,Commercial,777,777,W,CHICK HEARN,CT,90015,Additional Tents  Bright rentals  20x40 10x25 2-15x20 1-10x30  Bright,On Check Hearn,EMMY'S ARRIVALS,2024-09-15T00:00:00.000,2024-09-15T00:00:00.000,"{'latitude': '34.04406', 'longitude': '-118.26707', 'human_address': '{""address"": """", ""city"": """", ""state"": """", ""zip"": """"}'}",V04,Peacock Theater,51.4,34.04406,-118.26707,LADBS Building and Safety Temporary Special Event (TSE) Permits,
244109000002660,Temporary Special Event,Apartment,5333,5333,W,ZOO,DR,90027,58' x 98' tent for a USC Company Picnic at the L.A. Zoo. The tent will,Private Event for USC being held inside the Los Angeles Zoo.,USC PRIVATE EVENT,2024-09-15T00:00:00.000,2024-09-15T00:00:00.000,"{'latitude': '34.14867', 'longitude': '-118.28623', 'human_address': '{""address"": """", ""city"": """", ""state"": """", ""zip"": """"}'}",V08,LA Zoo,99.7,34.14867,-118.28623,LADBS Building and Safety Temporary Special Event (TSE) Permits,
244109000002787,Temporary Special Event,Commercial,777,777,W,CHICK HEARN,CT,90015,Temporary Truss  Accurate Staging  67' wide x 15' high Truss bridge,West RD & Georgia St,EMMY'S,2024-09-15T00:00:00.000,2024-09-15T00:00:00.000,"{'latitude': '34.04406', 'longitude': '-118.26707', 'human_address': '{""address"": """", ""city"": """", ""state"": """", ""zip"": """"}'}",V04,Peacock Theater,51.4,34.04406,-118.26707,LADBS Building and Safety Temporary Special Event (TSE) Permits,
244109000002704,Temporary Special Event,Commercial,777,777,W,CHICK HEARN,CT,90015,Spider Cam install.  Onsite contact is Domingo Ramirez 909-654-2207,,76TH EMMYS,2024-09-15T00:00:00.000,2024-09-15T00:00:00.000,"{'latitude': '34.04406', 'longitude': '-118.26707', 'human_address': '{""address"": """", ""city"": """", ""state"": """", ""zip"": """"}'}",V04,Peacock Theater,51.4,34.04406,-118.26707,LADBS Building and Safety Temporary Special Event (TSE) Permits,
244109000002794,Temporary Special Event,Commercial,3911,3911,S,FIGUEROA,ST,90037,Temporary Shade tent  10x30  west end of stadium  Bryan Phelps 310 755,West end of stadium,CAMERA TENT,2024-09-14T00:00:00.000,2024-09-20T00:00:00.000,"{'latitude': '34.01366', 'longitude': '-118.28294', 'human_address': '{""address"": """", ""city"": """", ""state"": """", ""zip"": """"}'}",V06,Exposition Park Stadium (BMO Stadium),180.4,34.01366,-118.28294,LADBS Building and Safety Temporary Special Event (TSE) Permits,
244109000002738,Temporary Special Event,Commercial,57,57,E,WINDWARD,AVE,90291,Public Assemblage,Exterior Courtyard and Interior activation,WEEKEND WORK OUT,2024-09-14T00:00:00.000,2024-09-15T00:00:00.000,"{'latitude': '33.98755', 'longitude': '-118.47283', 'human_address': '{""address"": """", ""city"": """", ""state"": """", ""zip"": """"}'}",V13,Venice Beach,244.5,33.98755,-118.47283,LADBS Building and Safety Temporary Special Event (TSE) Permits,
244109000002798,Temporary Special Event,Vacant Land,1700,1700,E,STADIUM,WAY,90012,Annual Memorial Ceremony.,Training Center empty parking lot.,2024 9/11 MEMORIAL CEREMONY,2024-09-12T00:00:00.000,2024-09-12T00:00:00.000,"{'latitude': '34.06815', 'longitude': '-118.24238', 'human_address': '{""address"": """", ""city"": """", ""state"": """", ""zip"": """"}'}",V01,Dodger Stadium,675.9,34.06815,-118.24238,LADBS Building and Safety Temporary Special Event (TSE) Permits,
244109000002778,Temporary Special Event,Commercial,3911,3911,S,FIGUEROA,ST,90037,Temporary Structure  gate 19 49'x82 and 19'x39'  Field structure 30x14,Field and Gate 19,USC FOOTBALL TENTS,2024-09-08T00:00:00.000,2024-09-14T00:00:00.000,"{'latitude': '34.01366', 'longitude': '-118.28294', 'human_address': '{""address"": """", ""city"": """", ""state"": """", ""zip"": """"}'}",V06,Exposition Park Stadium (BMO Stadium),180.4,34.01366,-118.28294,LADBS Building and Safety Temporary Special Event (TSE) Permits,
244109000002718,Temporary Special Event,Commercial,3911,3911,S,FIGUEROA,ST,90037,Temporary bleacher in end zone for football.,Temp bleacher in east end zone,USC FOOTBALL,2024-09-07T00:00:00.000,2024-09-07T00:00:00.000,"{'latitude': '34.01366', 'longitude': '-118.28294', 'human_address': '{""address"": """", ""city"": """", ""state"": """", ""zip"": """"}'}",V06,Exposition Park Stadium (BMO Stadium),180.4,34.01366,-118.28294,LADBS Building and Safety Temporary Special Event (TSE) Permits,
244109000002722,Temporary Special Event,Commercial,1301,1301,S,FIGUEROA,ST,90015,"Rotating Central Display platform with Large Emmy Statue and 30"" High",LACC West Hall A,76TH EMMYS GOVERNORS GALA CREATIVE ARTS,2024-09-07T00:00:00.000,2024-09-08T00:00:00.000,"{'latitude': '34.04058', 'longitude': '-118.26853', 'human_address': '{""address"": """", ""city"": """", ""state"": """", ""zip"": """"}'}",V03,LA Convention Center (Halls 1-3),190.2,34.04058,-118.26853,LADBS Building and Safety Temporary Special Event (TSE) Permits,
244109000002740,Temporary Special Event,Commercial,3911,3911,S,FIGUEROA,ST,90037,Temporary Tent  10x30  Town & Country,West end of stadium,CAMERA TENT,2024-09-07T00:00:00.000,2024-09-13T00:00:00.000,"{'latitude': '34.01366', 'longitude': '-118.28294', 'human_address': '{""address"": """", ""city"": """", ""state"": """", ""zip"": """"}'}",V06,Exposition Park Stadium (BMO Stadium),180.4,34.01366,-118.28294,LADBS Building and Safety Temporary Special Event (TSE) Permits,
244109000002732,Temporary Special Event,Commercial,900,900,W,EXPOSITION,BLVD,90037,Temporary Tent  2 15x30 1 20x30 for tailgating  Town & Country   150/2,South Lawn,USC TAIL GATE,2024-09-07T00:00:00.000,2024-09-07T00:00:00.000,"{'latitude': '34.01803', 'longitude': '-118.2884', 'human_address': '{""address"": """", ""city"": """", ""state"": """", ""zip"": """"}'}",V05,LA Memorial Coliseum,439.4,34.01803,-118.2884,LADBS Building and Safety Temporary Special Event (TSE) Permits,
244109000002756,Temporary Special Event,Commercial,3551,3551,S,TROUSDALE,PKWY,90089,Temporary Tents and TCUP  20X30 10X15 8X42 8X12  500 gUEST 3:30pm-5:30,Founders Park,USC ASSOCIATES,2024-09-07T00:00:00.000,2024-09-07T00:00:00.000,"{'latitude': '34.02066', 'longitude': '-118.28531', 'human_address': '{""address"": """", ""city"": """", ""state"": """", ""zip"": """"}'}",V07,Galen Center (USC),490.8,34.02066,-118.28531,LADBS Building and Safety Temporary Special Event (TSE) Permits,
244109000002731,Temporary Special Event,Commercial,3911,3911,S,FIGUEROA,ST,90037,TCUP For 740 Guest 5pm-8pm,Peristyle,USC TAILGATE,2024-09-07T00:00:00.000,2024-09-07T00:00:00.000,"{'latitude': '34.01366', 'longitude': '-118.28294', 'human_address': '{""address"": """", ""city"": """", ""state"": """", ""zip"": """"}'}",V06,Exposition Park Stadium (BMO Stadium),180.4,34.01366,-118.28294,LADBS Building and Safety Temporary Special Event (TSE) Permits,
244109000002623,Temporary Special Event,Commercial,1111,1111,S,FIGUEROA,ST,90015,Aerial production above audience,Aerial production above audience,$UICIDEBOY$,2024-09-03T00:00:00.000,2024-09-03T00:00:00.000,"{'latitude': '34.04338', 'longitude': '-118.26581', 'human_address': '{""address"": """", ""city"": """", ""state"": """", ""zip"": """"}'}",V02,DTLA Arena (Crypto.com Arena),131.8,34.04338,-118.26581,LADBS Building and Safety Temporary Special Event (TSE) Permits,
244109000002699,Temporary Special Event,Public Way,511,511,S,HARBOR,BLVD,90731,Inflatable at start/finish line,Start/ Finish is located where 5th st and Harbor Blvd meet - inflatable location,CONQUER THE BRIDGE,2024-09-02T00:00:00.000,2024-09-02T00:00:00.000,"{'latitude': '33.73999', 'longitude': '-118.27999', 'human_address': '{""address"": """", ""city"": """", ""state"": """", ""zip"": """"}'}",V11,Port of Los Angeles,189.6,33.73999,-118.27999,LADBS Building and Safety Temporary Special Event (TSE) Permits,
244109000002709,Temporary Special Event,Commercial,3911,3911,S,FIGUEROA,ST,90037,Temporary Structure 30x148 for field suites  Shelter strcutures of ame,On field,FIELD STRUCTRURE,2024-09-01T00:00:00.000,2024-09-07T00:00:00.000,"{'latitude': '34.01366', 'longitude': '-118.28294', 'human_address': '{""address"": """", ""city"": """", ""state"": """", ""zip"": """"}'}",V06,Exposition Park Stadium (BMO Stadium),180.4,34.01366,-118.28294,LADBS Building and Safety Temporary Special Event (TSE) Permits,
244109000002714,Temporary Special Event,Commercial,3939,3939,S,FIGUEROA,ST,90037,HOU Breakroom,Inspection at 8 am please,ROOFTOP TENT,2024-08-31T00:00:00.000,2024-09-01T00:00:00.000,"{'latitude': '34.01173', 'longitude': '-118.28296', 'human_address': '{""address"": """", ""city"": """", ""state"": """", ""zip"": """"}'}",V06,Exposition Park Stadium (BMO Stadium),192.4,34.01173,-118.28296,LADBS Building and Safety Temporary Special Event (TSE) Permits,
244109000002733,Temporary Special Event,Commercial,3911,3911,S,FIGUEROA,ST,90037,Tents for check point Downey 10x40 Mecarthy way 10x40 Wat &expo 10x15,Multiple Locations,CHECK POINTS,2024-08-31T00:00:00.000,2024-09-06T00:00:00.000,"{'latitude': '34.01366', 'longitude': '-118.28294', 'human_address': '{""address"": """", ""city"": """", ""state"": """", ""zip"": """"}'}",V06,Exposition Park Stadium (BMO Stadium),180.4,34.01366,-118.28294,LADBS Building and Safety Temporary Special Event (TSE) Permits,
244109000002712,Temporary Special Event,Commercial,700,700,W,CHILDS,WAY,90089,Temporary Tent Bright Rentals  15x50 tent,Patio,FALL REGISTRATION,2024-08-28T00:00:00.000,2024-08-30T00:00:00.000,"{'latitude': '34.01978', 'longitude': '-118.28463', 'human_address': '{""address"": """", ""city"": """", ""state"": """", ""zip"": """"}'}",V07,Galen Center (USC),447.8,34.01978,-118.28463,LADBS Building and Safety Temporary Special Event (TSE) Permits,
244109000002700,Temporary Special Event,Commercial,,,,,,,Temporary Tents   100x66 60x82 66x132  choura events for viewing   Joe,"3011 Miner St
Berth 52   port of los angeles",GREEN VESSEL VIEWING,2024-08-27T00:00:00.000,2024-08-28T00:00:00.000,,V11,Port of Los Angeles,,,,LADBS Building and Safety Temporary Special Event (TSE) Permits,
244109000002556,Temporary Special Event,Commercial,3911,3911,S,FIGUEROA,ST,90037,Live-Music event with one stage and support truss structure.    Prefer,The Torch at the LA Memorial Coliseum,BLACK TIGER SEX MACHINE,2024-08-24T00:00:00.000,2024-08-24T00:00:00.000,"{'latitude': '34.01366', 'longitude': '-118.28294', 'human_address': '{""address"": """", ""city"": """", ""state"": """", ""zip"": """"}'}",V06,Exposition Park Stadium (BMO Stadium),180.4,34.01366,-118.28294,LADBS Building and Safety Temporary Special Event (TSE) Permits,
244109000002680,Temporary Special Event,Commercial,3960,3960,S,BILL ROBERTSON,LANE,90037,A stage deck built that measures 12'W x 10'D x 5'H,On the field of the LA Coliseum,NIKE MARATHON RELAY RACE,2024-08-24T00:00:00.000,2024-08-24T00:00:00.000,"{'latitude': '34.01294', 'longitude': '-118.28998', 'human_address': '{""address"": """", ""city"": """", ""state"": """", ""zip"": """"}'}",V05,LA Memorial Coliseum,231.1,34.01294,-118.28998,LADBS Building and Safety Temporary Special Event (TSE) Permits,
244109000002678,Temporary Special Event,Commercial,777,777,W,CHICK HEARN,CT,90015,Temporary Tent  3 10x20 1-20x20 ob Chick Hearn Crt  Bright Rentals,On Chick Hearn,NIKE BASKET BALL,2024-08-23T00:00:00.000,2024-08-24T00:00:00.000,"{'latitude': '34.04406', 'longitude': '-118.26707', 'human_address': '{""address"": """", ""city"": """", ""state"": """", ""zip"": """"}'}",V04,Peacock Theater,51.4,34.04406,-118.26707,LADBS Building and Safety Temporary Special Event (TSE) Permits,
244109000002672,Temporary Special Event,Commercial,777,777,W,CHICK HEARN,CT,90015,Temporary Tents  3 10x20 - 5-5 row bleachers and 1 4 row  in the peaco,Plaza and Street,MAMBA LEAGUE,2024-08-22T00:00:00.000,2024-08-24T00:00:00.000,"{'latitude': '34.04406', 'longitude': '-118.26707', 'human_address': '{""address"": """", ""city"": """", ""state"": """", ""zip"": """"}'}",V04,Peacock Theater,51.4,34.04406,-118.26707,LADBS Building and Safety Temporary Special Event (TSE) Permits,
244109000002679,Temporary Special Event,Commercial,700,700,W,CHILDS,WAY,90089,Temporary tent  15xc50  Bright Rentals,Hubbard hall patio,NEW STUDENTS,2024-08-21T00:00:00.000,2024-08-27T00:00:00.000,"{'latitude': '34.01978', 'longitude': '-118.28463', 'human_address': '{""address"": """", ""city"": """", ""state"": """", ""zip"": """"}'}",V07,Galen Center (USC),447.8,34.01978,-118.28463,LADBS Building and Safety Temporary Special Event (TSE) Permits,
244109000002668,Temporary Special Event,Commercial,3939,3939,S,FIGUEROA,ST,90037,LAFC Breakroom / Kane Brown,,ROOFTOP TENT,2024-08-21T00:00:00.000,2024-08-25T00:00:00.000,"{'latitude': '34.01173', 'longitude': '-118.28296', 'human_address': '{""address"": """", ""city"": """", ""state"": """", ""zip"": """"}'}",V06,Exposition Park Stadium (BMO Stadium),192.4,34.01173,-118.28296,LADBS Building and Safety Temporary Special Event (TSE) Permits,
244109000002649,Temporary Special Event,Commercial,3939,3939,S,FIGUEROA,ST,90037,Foo Fighters Concert Stage,POST DATE FOR FOO FIGHTERS CONCERT ON 8/9 & 8/11,FOO FIGHTERS CONCERT,2024-08-14T00:00:00.000,2024-08-14T00:00:00.000,"{'latitude': '34.01173', 'longitude': '-118.28296', 'human_address': '{""address"": """", ""city"": """", ""state"": """", ""zip"": """"}'}",V06,Exposition Park Stadium (BMO Stadium),192.4,34.01173,-118.28296,LADBS Building and Safety Temporary Special Event (TSE) Permits,
244109000002558,Temporary Special Event,Commercial,1301,1301,S,FIGUEROA,ST,90015,This President Saunders booth is located in Hall J and is a 58' x 19',The President Saunders booth is a 58' x 19' booth located in Hall J,AFSCME,2024-08-11T00:00:00.000,2024-08-15T00:00:00.000,"{'latitude': '34.04058', 'longitude': '-118.26853', 'human_address': '{""address"": """", ""city"": """", ""state"": """", ""zip"": """"}'}",V03,LA Convention Center (Halls 1-3),190.2,34.04058,-118.26853,LADBS Building and Safety Temporary Special Event (TSE) Permits,
244109000002581,Temporary Special Event,Vacant Land,700,700,W,EXPOSITION PARK,DR,90007,Staging for concert event,Expo Lawn,HOT SINCE 82/PURIFIED,2024-08-10T00:00:00.000,2024-08-11T00:00:00.000,"{'latitude': '34.01561', 'longitude': '-118.28665', 'human_address': '{""address"": """", ""city"": """", ""state"": """", ""zip"": """"}'}",V05,LA Memorial Coliseum,203.6,34.01561,-118.28665,LADBS Building and Safety Temporary Special Event (TSE) Permits,
244109000002615,Temporary Special Event,Commercial,800,800,W,OLYMPIC,BLVD,90015,"Temporary Tents  Bright rentals  3 24x54 Sails , 1 46x54 Sails, 26 10x",On Chick Hearn Crt,VEE CON,2024-08-09T00:00:00.000,2024-08-11T00:00:00.000,"{'latitude': '34.04484', 'longitude': '-118.26453', 'human_address': '{""address"": """", ""city"": """", ""state"": """", ""zip"": """"}'}",V04,Peacock Theater,221.6,34.04484,-118.26453,LADBS Building and Safety Temporary Special Event (TSE) Permits,
244109000002606,Temporary Special Event,Commercial,777,777,W,CHICK HEARN,CT,90015,"Temporary Decks & LED towers  Hoist platform 16'x16'x3""' high , Camera",Peacock plaza,CRAWFORD V MADRIMOV:,2024-08-04T00:00:00.000,2024-08-04T00:00:00.000,"{'latitude': '34.04406', 'longitude': '-118.26707', 'human_address': '{""address"": """", ""city"": """", ""state"": """", ""zip"": """"}'}",V04,Peacock Theater,51.4,34.04406,-118.26707,LADBS Building and Safety Temporary Special Event (TSE) Permits,
244109000002600,Temporary Special Event,Commercial,3939,3939,S,FIGUEROA,ST,90037,Boxing Event & Eminem Concert,"Concert stage, boxing ring, fighter walk out tunnel, canopy structures",BOXING EVENT & EMINEM CONCERT,2024-08-03T00:00:00.000,2024-08-03T00:00:00.000,"{'latitude': '34.01173', 'longitude': '-118.28296', 'human_address': '{""address"": """", ""city"": """", ""state"": """", ""zip"": """"}'}",V06,Exposition Park Stadium (BMO Stadium),192.4,34.01173,-118.28296,LADBS Building and Safety Temporary Special Event (TSE) Permits,
244109000002595,Temporary Special Event,Commercial,3939,3939,S,FIGUEROA,ST,90037,BOXING,Inspection at 8 am please,ROOFTOP TENT,2024-08-03T00:00:00.000,2024-08-04T00:00:00.000,"{'latitude': '34.01173', 'longitude': '-118.28296', 'human_address': '{""address"": """", ""city"": """", ""state"": """", ""zip"": """"}'}",V06,Exposition Park Stadium (BMO Stadium),192.4,34.01173,-118.28296,LADBS Building and Safety Temporary Special Event (TSE) Permits,
244109000002563,Temporary Special Event,Commercial,1515,1515,S,ABBOT KINNEY,BLVD,90291,"none.   place food truck and 3 tables, chairs",food truck plus 3 tables,LIQUID IV,2024-08-02T00:00:00.000,2024-08-02T00:00:00.000,"{'latitude': '33.9903', 'longitude': '-118.46415', 'human_address': '{""address"": """", ""city"": """", ""state"": """", ""zip"": """"}'}",V13,Venice Beach,615.2,33.9903,-118.46415,LADBS Building and Safety Temporary Special Event (TSE) Permits,
244109000002591,Temporary Special Event,Apartment,700,700,W,EXPOSITION PARK,DR,90007,"public assemblage, lighting truss over 12', stage over 30""",Jesse Brewer Park: 3875 Bill Robertson Ln 90037,DISCLOSURE,2024-08-02T00:00:00.000,2024-08-03T00:00:00.000,"{'latitude': '34.01561', 'longitude': '-118.28665', 'human_address': '{""address"": """", ""city"": """", ""state"": """", ""zip"": """"}'}",V05,LA Memorial Coliseum,203.6,34.01561,-118.28665,LADBS Building and Safety Temporary Special Event (TSE) Permits,
244109000002577,Temporary Special Event,Commercial,1111,1111,S,FIGUEROA,ST,90015,Temporary Tent  40x40  Bright rentals,Plaza,KOBE STATUE,2024-08-01T00:00:00.000,2024-08-01T00:00:00.000,"{'latitude': '34.04338', 'longitude': '-118.26581', 'human_address': '{""address"": """", ""city"": """", ""state"": """", ""zip"": """"}'}",V02,DTLA Arena (Crypto.com Arena),131.8,34.04338,-118.26581,LADBS Building and Safety Temporary Special Event (TSE) Permits,
244109000002565,Temporary Special Event,Commercial,3506,3506,S,MCCLINTOCK,AVE,90089,Temporary Tent  2 40 x 100  for recruiting on the football field  Town,Jones Field,USC RECRUITING,2024-07-27T00:00:00.000,2024-07-27T00:00:00.000,"{'latitude': '34.02331', 'longitude': '-118.28805', 'human_address': '{""address"": """", ""city"": """", ""state"": """", ""zip"": """"}'}",V07,Galen Center (USC),785.1,34.02331,-118.28805,LADBS Building and Safety Temporary Special Event (TSE) Permits,
244109000002550,Temporary Special Event,Commercial,,,,,,,"approx. (15) 10x10 tents, 16x242 stage w/ 12ft truss arch & video wall",Dodger Stadium Lot G,LADF PLAYERFEST,2024-07-27T00:00:00.000,2024-07-27T00:00:00.000,,V01,Dodger Stadium,,,,LADBS Building and Safety Temporary Special Event (TSE) Permits,
244109000002542,Temporary Special Event,Commercial,3939,3939,S,FIGUEROA,ST,90037,Leagues Cup Breakroom,,ROOFTOP TENT,2024-07-26T00:00:00.000,2024-07-31T00:00:00.000,"{'latitude': '34.01173', 'longitude': '-118.28296', 'human_address': '{""address"": """", ""city"": """", ""state"": """", ""zip"": """"}'}",V06,Exposition Park Stadium (BMO Stadium),192.4,34.01173,-118.28296,LADBS Building and Safety Temporary Special Event (TSE) Permits,
244109000002567,Temporary Special Event,Commercial,3939,3939,S,FIGUEROA,ST,90037,Activation for Tijuana,Activation for Tijuana Activation outside for Leagues Cup Game,TIJUANA ACTIVATION,2024-07-26T00:00:00.000,2024-07-26T00:00:00.000,"{'latitude': '34.01173', 'longitude': '-118.28296', 'human_address': '{""address"": """", ""city"": """", ""state"": """", ""zip"": """"}'}",V06,Exposition Park Stadium (BMO Stadium),192.4,34.01173,-118.28296,LADBS Building and Safety Temporary Special Event (TSE) Permits,
244109000002371,Temporary Special Event,Commercial,1301,1301,S,FIGUEROA,ST,90015,Sun Nuclear Exhibit at AAPM 2024,,AAPM 2024,2024-07-21T00:00:00.000,2024-07-25T00:00:00.000,"{'latitude': '34.04058', 'longitude': '-118.26853', 'human_address': '{""address"": """", ""city"": """", ""state"": """", ""zip"": """"}'}",V03,LA Convention Center (Halls 1-3),190.2,34.04058,-118.26853,LADBS Building and Safety Temporary Special Event (TSE) Permits,
244109000002321,Temporary Special Event,Commercial,1301,1301,S,FIGUEROA,ST,90015,canopy,,MIM SOFTWARE 14' EXHIBIT,2024-07-21T00:00:00.000,2024-07-24T00:00:00.000,"{'latitude': '34.04058', 'longitude': '-118.26853', 'human_address': '{""address"": """", ""city"": """", ""state"": """", ""zip"": """"}'}",V03,LA Convention Center (Halls 1-3),190.2,34.04058,-118.26853,LADBS Building and Safety Temporary Special Event (TSE) Permits,
244109000002540,Temporary Special Event,Commercial,700,700,W,EXPOSITION PARK,DR,90007,"public assemblage, lighting truss over 12ft, stage over 30""",Jesse Brewer Park: 3875 Bill Robertson Ln 90037  corner of expo dr & bill robert,STRANGER SUPPORT PRESENTS MITA GAMI,2024-07-20T00:00:00.000,2024-07-21T00:00:00.000,"{'latitude': '34.01561', 'longitude': '-118.28665', 'human_address': '{""address"": """", ""city"": """", ""state"": """", ""zip"": """"}'}",V05,LA Memorial Coliseum,203.6,34.01561,-118.28665,LADBS Building and Safety Temporary Special Event (TSE) Permits,
244109000002544,Temporary Special Event,Commercial,3939,3939,S,FIGUEROA,ST,90037,ATEEZ Concert Stage and FOH Build,ATEEZ Concert Stage and FOH build,ATEEZ CONCERT,2024-07-20T00:00:00.000,2024-07-21T00:00:00.000,"{'latitude': '34.01173', 'longitude': '-118.28296', 'human_address': '{""address"": """", ""city"": """", ""state"": """", ""zip"": """"}'}",V06,Exposition Park Stadium (BMO Stadium),192.4,34.01173,-118.28296,LADBS Building and Safety Temporary Special Event (TSE) Permits,
244109000002522,Temporary Special Event,Vacant Land,700,700,W,EXPOSITION PARK,DR,90007,Stage for concert event,Expo Lawn West,ANJUNADEEP,2024-07-20T00:00:00.000,2024-07-20T00:00:00.000,"{'latitude': '34.01561', 'longitude': '-118.28665', 'human_address': '{""address"": """", ""city"": """", ""state"": """", ""zip"": """"}'}",V05,LA Memorial Coliseum,203.6,34.01561,-118.28665,LADBS Building and Safety Temporary Special Event (TSE) Permits,
244109000002535,Temporary Special Event,Commercial,649,649,W,JEFFERSON,BLVD,90007,Concert In Shrine Expo Hall,Concert In Shrine Expo Hall,KEN CARSON,2024-07-20T00:00:00.000,2024-07-21T00:00:00.000,"{'latitude': '34.02274', 'longitude': '-118.28142', 'human_address': '{""address"": """", ""city"": """", ""state"": """", ""zip"": """"}'}",V07,Galen Center (USC),233.6,34.02274,-118.28142,LADBS Building and Safety Temporary Special Event (TSE) Permits,
244109000002531,Temporary Special Event,Commercial,3911,3911,S,FIGUEROA,ST,90037,SL320 temporary mobile stage,Live Music Event at the Torch at LA Coliseum,TKL THE TORCH,2024-07-18T00:00:00.000,2024-07-18T00:00:00.000,"{'latitude': '34.01366', 'longitude': '-118.28294', 'human_address': '{""address"": """", ""city"": """", ""state"": """", ""zip"": """"}'}",V06,Exposition Park Stadium (BMO Stadium),180.4,34.01366,-118.28294,LADBS Building and Safety Temporary Special Event (TSE) Permits,
244109000002484,Temporary Special Event,Public Way,4700,4700,W,WESTERN HERITAGE,WAY,90027,Netflix movie screening for public with truss structure for projection,On the main lawn outside the Autry Museum,NETFLIX - COBRA KAI S6,2024-07-16T00:00:00.000,2024-07-17T00:00:00.000,"{'latitude': '34.14865', 'longitude': '-118.28197', 'human_address': '{""address"": """", ""city"": """", ""state"": """", ""zip"": """"}'}",V08,LA Zoo,344.3,34.14865,-118.28197,LADBS Building and Safety Temporary Special Event (TSE) Permits,
244109000002434,Temporary Special Event,Commercial,1000,1000,W,VIN SCULLY,AVE,90012,Stages will be used to facilitate the event experience that Stadiumlin,This event will be taking place throughout the Dodger Stadium.,STADIUMLINKS,2024-07-12T00:00:00.000,2024-07-14T00:00:00.000,,V01,Dodger Stadium,,,,LADBS Building and Safety Temporary Special Event (TSE) Permits,
244109000002447,Temporary Special Event,Commercial,1111,1111,S,FIGUEROA,ST,90015,automated scenery over audience at event.,,MISSY ELLIOTT CONCERT,2024-07-11T00:00:00.000,2024-07-12T00:00:00.000,"{'latitude': '34.04338', 'longitude': '-118.26581', 'human_address': '{""address"": """", ""city"": """", ""state"": """", ""zip"": """"}'}",V02,DTLA Arena (Crypto.com Arena),131.8,34.04338,-118.26581,LADBS Building and Safety Temporary Special Event (TSE) Permits,
244109000002510,Temporary Special Event,Commercial,1111,1111,S,FIGUEROA,ST,90015,Automated and flown rigged truss suspended over the audience,Crypto.com Arena,DILJIT,2024-07-10T00:00:00.000,2024-07-10T00:00:00.000,"{'latitude': '34.04338', 'longitude': '-118.26581', 'human_address': '{""address"": """", ""city"": """", ""state"": """", ""zip"": """"}'}",V02,DTLA Arena (Crypto.com Arena),131.8,34.04338,-118.26581,LADBS Building and Safety Temporary Special Event (TSE) Permits,
244109000002497,Temporary Special Event,Commercial,701,701,W,EXPOSITION,BLVD,90089,Set up 2 - 150KW Generators,Rose Garden Area,BRUNCH,2024-07-06T00:00:00.000,2024-07-06T00:00:00.000,"{'latitude': '34.01842', 'longitude': '-118.2857', 'human_address': '{""address"": """", ""city"": """", ""state"": """", ""zip"": """"}'}",V05,LA Memorial Coliseum,521.4,34.01842,-118.2857,LADBS Building and Safety Temporary Special Event (TSE) Permits,
244109000002475,Temporary Special Event,Commercial,3939,3939,S,FIGUEROA,ST,90037,ACFC Mix & Match,inspection at 8 am please,ROOFTOP TENT,2024-07-06T00:00:00.000,2024-07-06T00:00:00.000,"{'latitude': '34.01173', 'longitude': '-118.28296', 'human_address': '{""address"": """", ""city"": """", ""state"": """", ""zip"": """"}'}",V06,Exposition Park Stadium (BMO Stadium),192.4,34.01173,-118.28296,LADBS Building and Safety Temporary Special Event (TSE) Permits,
244109000002465,Temporary Special Event,Vacant Land,700,700,W,EXPOSITION PARK,DR,90007,Concert stage and lightning,Expo Park Lawn West,BRUNCH ELECTRONIK,2024-07-06T00:00:00.000,2024-07-06T00:00:00.000,"{'latitude': '34.01561', 'longitude': '-118.28665', 'human_address': '{""address"": """", ""city"": """", ""state"": """", ""zip"": """"}'}",V05,LA Memorial Coliseum,203.6,34.01561,-118.28665,LADBS Building and Safety Temporary Special Event (TSE) Permits,
244109000002278,Temporary Special Event,Commercial,1301,1301,S,FIGUEROA,ST,90015,1) Giant Inflatable (Ship) over 12' height. Approx. 22'.  2) Temporary,Booth 3720 is located at the South Hall of the LA Convention Center,ANIME EXPO LA 2024,2024-07-04T00:00:00.000,2024-07-07T00:00:00.000,"{'latitude': '34.04058', 'longitude': '-118.26853', 'human_address': '{""address"": """", ""city"": """", ""state"": """", ""zip"": """"}'}",V03,LA Convention Center (Halls 1-3),190.2,34.04058,-118.26853,LADBS Building and Safety Temporary Special Event (TSE) Permits,
244109000002376,Temporary Special Event,Commercial,1301,1301,S,FIGUEROA,ST,90015,We have two walls made of beMatrix that are 15.5',Los Angeles CC South Hall,CYGAMES - BOOTH 3306,2024-07-04T00:00:00.000,2024-07-07T00:00:00.000,"{'latitude': '34.04058', 'longitude': '-118.26853', 'human_address': '{""address"": """", ""city"": """", ""state"": """", ""zip"": """"}'}",V03,LA Convention Center (Halls 1-3),190.2,34.04058,-118.26853,LADBS Building and Safety Temporary Special Event (TSE) Permits,
244109000002380,Temporary Special Event,Commercial,1301,1301,S,FIGUEROA,ST,90015,Structural Engineering,South Hall - Back Side Middle Area,ANIME EXPO 2024,2024-07-04T00:00:00.000,2024-07-07T00:00:00.000,"{'latitude': '34.04058', 'longitude': '-118.26853', 'human_address': '{""address"": """", ""city"": """", ""state"": """", ""zip"": """"}'}",V03,LA Convention Center (Halls 1-3),190.2,34.04058,-118.26853,LADBS Building and Safety Temporary Special Event (TSE) Permits,
244109000002377,Temporary Special Event,Commercial,1301,1301,S,FIGUEROA,ST,90015,Structural Engineering,South Hall - 2nd Row from Front - Right Side,ANIME EXPO 2024,2024-07-04T00:00:00.000,2024-07-07T00:00:00.000,"{'latitude': '34.04058', 'longitude': '-118.26853', 'human_address': '{""address"": """", ""city"": """", ""state"": """", ""zip"": """"}'}",V03,LA Convention Center (Halls 1-3),190.2,34.04058,-118.26853,LADBS Building and Safety Temporary Special Event (TSE) Permits,
244109000002457,Temporary Special Event,Commercial,1301,1301,S,FIGUEROA,ST,90015,fifteen ft and ten in and nineteen ft and one inch bematrix panels wit,,ANIME EXPO,2024-07-04T00:00:00.000,2024-07-07T00:00:00.000,"{'latitude': '34.04058', 'longitude': '-118.26853', 'human_address': '{""address"": """", ""city"": """", ""state"": """", ""zip"": """"}'}",V03,LA Convention Center (Halls 1-3),190.2,34.04058,-118.26853,LADBS Building and Safety Temporary Special Event (TSE) Permits,
244109000002401,Temporary Special Event,Commercial,1301,1301,S,FIGUEROA,ST,90015,Calculation & Analysis for the walls over 12',Entertainment hall,ANIME EXPO 2024,2024-07-04T00:00:00.000,2024-07-07T00:00:00.000,"{'latitude': '34.04058', 'longitude': '-118.26853', 'human_address': '{""address"": """", ""city"": """", ""state"": """", ""zip"": """"}'}",V03,LA Convention Center (Halls 1-3),190.2,34.04058,-118.26853,LADBS Building and Safety Temporary Special Event (TSE) Permits,
244109000002140,Temporary Special Event,Commercial,1301,1301,S,FIGUEROA,ST,90015,Registered Professional Engineer Structural,"Los Angeles Convention Center, 1201 S Figueroa St, Los Angeles, CA 90015","BELLZI INC, SOUTH STAGE 50X30 FEET",2024-07-04T00:00:00.000,2024-07-07T00:00:00.000,"{'latitude': '34.04058', 'longitude': '-118.26853', 'human_address': '{""address"": """", ""city"": """", ""state"": """", ""zip"": """"}'}",V03,LA Convention Center (Halls 1-3),190.2,34.04058,-118.26853,LADBS Building and Safety Temporary Special Event (TSE) Permits,
244109000002379,Temporary Special Event,Commercial,1301,1301,S,FIGUEROA,ST,90015,Structural Engineering,West Hall - Near the Back - Center,ANIME EXPO 2024,2024-07-04T00:00:00.000,2024-07-07T00:00:00.000,"{'latitude': '34.04058', 'longitude': '-118.26853', 'human_address': '{""address"": """", ""city"": """", ""state"": """", ""zip"": """"}'}",V03,LA Convention Center (Halls 1-3),190.2,34.04058,-118.26853,LADBS Building and Safety Temporary Special Event (TSE) Permits,
244109000002272,Temporary Special Event,Commercial,1301,1301,S,FIGUEROA,ST,90015,Quantity 2 Trailers and quantity 1 VR Dome,,ANIME EXPO,2024-07-04T00:00:00.000,2024-07-07T00:00:00.000,"{'latitude': '34.04058', 'longitude': '-118.26853', 'human_address': '{""address"": """", ""city"": """", ""state"": """", ""zip"": """"}'}",V03,LA Convention Center (Halls 1-3),190.2,34.04058,-118.26853,LADBS Building and Safety Temporary Special Event (TSE) Permits,
244109000002277,Temporary Special Event,Commercial,1301,1301,S,FIGUEROA,ST,90015,Engineer,Booth 3720 is located at the South Hall of the Convention Center,ANIME EXPO LA 2024,2024-07-04T00:00:00.000,2024-07-07T00:00:00.000,"{'latitude': '34.04058', 'longitude': '-118.26853', 'human_address': '{""address"": """", ""city"": """", ""state"": """", ""zip"": """"}'}",V03,LA Convention Center (Halls 1-3),190.2,34.04058,-118.26853,LADBS Building and Safety Temporary Special Event (TSE) Permits,
244109000002195,Temporary Special Event,Commercial,1301,1301,S,FIGUEROA,ST,90015,Build up,,ANIME EXPO 2024,2024-07-04T00:00:00.000,2024-07-07T00:00:00.000,"{'latitude': '34.04058', 'longitude': '-118.26853', 'human_address': '{""address"": """", ""city"": """", ""state"": """", ""zip"": """"}'}",V03,LA Convention Center (Halls 1-3),190.2,34.04058,-118.26853,LADBS Building and Safety Temporary Special Event (TSE) Permits,
244109000002430,Temporary Special Event,Commercial,1301,1301,S,FIGUEROA,ST,90015,STRUCTURAL SUBMITTAL PACKAGE,SOUTH LOBBY BY ESCALATOR,ANIME EXPO 2024,2024-07-04T00:00:00.000,2024-07-07T00:00:00.000,"{'latitude': '34.04058', 'longitude': '-118.26853', 'human_address': '{""address"": """", ""city"": """", ""state"": """", ""zip"": """"}'}",V03,LA Convention Center (Halls 1-3),190.2,34.04058,-118.26853,LADBS Building and Safety Temporary Special Event (TSE) Permits,
244109000002459,Temporary Special Event,Commercial,1301,1301,S,FIGUEROA,ST,90015,"EJD Engineering, Inc. is a California Licensed & Insured Professional","Booth E95 located in Entertainment Hall, Los Angeles Convention Center",ANIME EXPO,2024-07-04T00:00:00.000,2024-07-07T00:00:00.000,"{'latitude': '34.04058', 'longitude': '-118.26853', 'human_address': '{""address"": """", ""city"": """", ""state"": """", ""zip"": """"}'}",V03,LA Convention Center (Halls 1-3),190.2,34.04058,-118.26853,LADBS Building and Safety Temporary Special Event (TSE) Permits,
244109000002378,Temporary Special Event,Commercial,777,777,W,CHICK HEARN,CT,90015,"Rigging, Staging, Lighting, Audio",Peacock Theater,2024 BET AWARDS,2024-06-30T00:00:00.000,2024-06-30T00:00:00.000,"{'latitude': '34.04406', 'longitude': '-118.26707', 'human_address': '{""address"": """", ""city"": """", ""state"": """", ""zip"": """"}'}",V04,Peacock Theater,51.4,34.04406,-118.26707,LADBS Building and Safety Temporary Special Event (TSE) Permits,
244109000002453,Temporary Special Event,Commercial,777,777,W,CHICK HEARN,CT,90015,Temporary Tents  1 50x80 1 18x27 1 4040 1 20x30  Bright rentals,On Chick Hearn Crt,BET AWARDS,2024-06-30T00:00:00.000,2024-06-30T00:00:00.000,"{'latitude': '34.04406', 'longitude': '-118.26707', 'human_address': '{""address"": """", ""city"": """", ""state"": """", ""zip"": """"}'}",V04,Peacock Theater,51.4,34.04406,-118.26707,LADBS Building and Safety Temporary Special Event (TSE) Permits,
244109000002486,Temporary Special Event,Vacant Land,250,250,S,HARBOR,BLVD,90731,LAPD Boxing,LAPD boxing show,2024  BATTLE AT THE BATTLESHIP,2024-06-29T00:00:00.000,2024-06-29T00:00:00.000,"{'latitude': '33.74182', 'longitude': '-118.27938', 'human_address': '{""address"": """", ""city"": """", ""state"": """", ""zip"": """"}'}",V11,Port of Los Angeles,245.1,33.74182,-118.27938,LADBS Building and Safety Temporary Special Event (TSE) Permits,
244109000002247,Temporary Special Event,Commercial,1301,1301,S,FIGUEROA,ST,90015,"We'll be bringing in 10' h hard walls, a pony wall, a duratrans wall,",,BETX FAN FEST 6/28+6/29,2024-06-28T00:00:00.000,2024-06-29T00:00:00.000,"{'latitude': '34.04058', 'longitude': '-118.26853', 'human_address': '{""address"": """", ""city"": """", ""state"": """", ""zip"": """"}'}",V03,LA Convention Center (Halls 1-3),190.2,34.04058,-118.26853,LADBS Building and Safety Temporary Special Event (TSE) Permits,
244109000002456,Temporary Special Event,Commercial,649,649,W,JEFFERSON,BLVD,90007,Event In The Shrine Expo Hall,Shrine Expo Hall,YEAT,2024-06-27T00:00:00.000,2024-06-27T00:00:00.000,"{'latitude': '34.02274', 'longitude': '-118.28142', 'human_address': '{""address"": """", ""city"": """", ""state"": """", ""zip"": """"}'}",V07,Galen Center (USC),233.6,34.02274,-118.28142,LADBS Building and Safety Temporary Special Event (TSE) Permits,
244109000002025,Temporary Special Event,Commercial,1301,1301,S,FIGUEROA,ST,90015,Felix Ceballos said he would waive engineering stamp requirements,LACC,RAPID 2024,2024-06-25T00:00:00.000,2024-06-27T00:00:00.000,"{'latitude': '34.04058', 'longitude': '-118.26853', 'human_address': '{""address"": """", ""city"": """", ""state"": """", ""zip"": """"}'}",V03,LA Convention Center (Halls 1-3),190.2,34.04058,-118.26853,LADBS Building and Safety Temporary Special Event (TSE) Permits,
244109000002182,Temporary Special Event,Commercial,1301,1301,S,FIGUEROA,ST,90015,Tradeshow Exhibit,,MMP ISLAND BOOTH,2024-06-25T00:00:00.000,2024-06-27T00:00:00.000,"{'latitude': '34.04058', 'longitude': '-118.26853', 'human_address': '{""address"": """", ""city"": """", ""state"": """", ""zip"": """"}'}",V03,LA Convention Center (Halls 1-3),190.2,34.04058,-118.26853,LADBS Building and Safety Temporary Special Event (TSE) Permits,
244109000002406,Temporary Special Event,Commercial,1301,1301,S,FIGUEROA,ST,90015,engineer stamp,,RAPID TCD - 6K ENERGY,2024-06-25T00:00:00.000,2024-06-27T00:00:00.000,"{'latitude': '34.04058', 'longitude': '-118.26853', 'human_address': '{""address"": """", ""city"": """", ""state"": """", ""zip"": """"}'}",V03,LA Convention Center (Halls 1-3),190.2,34.04058,-118.26853,LADBS Building and Safety Temporary Special Event (TSE) Permits,
244109000002045,Temporary Special Event,Commercial,1301,1301,S,FIGUEROA,ST,90015,Temporary Structure,Los Angeles Convention Center,RAPID+TCT - BOOTH#1321 BLUEFORGE ALLIANC,2024-06-25T00:00:00.000,2024-06-27T00:00:00.000,"{'latitude': '34.04058', 'longitude': '-118.26853', 'human_address': '{""address"": """", ""city"": """", ""state"": """", ""zip"": """"}'}",V03,LA Convention Center (Halls 1-3),190.2,34.04058,-118.26853,LADBS Building and Safety Temporary Special Event (TSE) Permits,
244109000002420,Temporary Special Event,Commercial,1301,1301,S,FIGUEROA,ST,90015,Engineering,"Inspection at 10am, booth 1317",RAPID + TCT 2024,2024-06-25T00:00:00.000,2024-06-27T00:00:00.000,"{'latitude': '34.04058', 'longitude': '-118.26853', 'human_address': '{""address"": """", ""city"": """", ""state"": """", ""zip"": """"}'}",V03,LA Convention Center (Halls 1-3),190.2,34.04058,-118.26853,LADBS Building and Safety Temporary Special Event (TSE) Permits,
244109000002395,Temporary Special Event,Commercial,1301,1301,S,FIGUEROA,ST,90015,NA,Los Angeles Convention center,CMS NORTH AMERICA MAIN TOWER,2024-06-25T00:00:00.000,2024-06-27T00:00:00.000,"{'latitude': '34.04058', 'longitude': '-118.26853', 'human_address': '{""address"": """", ""city"": """", ""state"": """", ""zip"": """"}'}",V03,LA Convention Center (Halls 1-3),190.2,34.04058,-118.26853,LADBS Building and Safety Temporary Special Event (TSE) Permits,
244109000002413,Temporary Special Event,Commercial,1301,1301,S,FIGUEROA,ST,90015,Temp Structure Stamp,,LINCOLN ELECTRIC - SINGLE LEVEL BOOTH,2024-06-25T00:00:00.000,2024-06-27T00:00:00.000,"{'latitude': '34.04058', 'longitude': '-118.26853', 'human_address': '{""address"": """", ""city"": """", ""state"": """", ""zip"": """"}'}",V03,LA Convention Center (Halls 1-3),190.2,34.04058,-118.26853,LADBS Building and Safety Temporary Special Event (TSE) Permits,
244109000002345,Temporary Special Event,Commercial,1301,1301,S,FIGUEROA,ST,90015,12'H+ Structure,South Hall,RAPID TCT,2024-06-25T00:00:00.000,2024-06-27T00:00:00.000,"{'latitude': '34.04058', 'longitude': '-118.26853', 'human_address': '{""address"": """", ""city"": """", ""state"": """", ""zip"": """"}'}",V03,LA Convention Center (Halls 1-3),190.2,34.04058,-118.26853,LADBS Building and Safety Temporary Special Event (TSE) Permits,
244109000002263,Temporary Special Event,Commercial,1301,1301,S,FIGUEROA,ST,90015,structure over 12 feet tall,"LACC, main exhibit floor RAPID + TCT show",SLM SOLUTIONS NIKON EXHIBIT TOWER,2024-06-25T00:00:00.000,2024-06-27T00:00:00.000,"{'latitude': '34.04058', 'longitude': '-118.26853', 'human_address': '{""address"": """", ""city"": """", ""state"": """", ""zip"": """"}'}",V03,LA Convention Center (Halls 1-3),190.2,34.04058,-118.26853,LADBS Building and Safety Temporary Special Event (TSE) Permits,
244109000002421,Temporary Special Event,Commercial,1301,1301,S,FIGUEROA,ST,90015,I & D,,POLYMAKER-STRUCTURES OVER 12� IN HEIGHT,2024-06-25T00:00:00.000,2024-06-27T00:00:00.000,"{'latitude': '34.04058', 'longitude': '-118.26853', 'human_address': '{""address"": """", ""city"": """", ""state"": """", ""zip"": """"}'}",V03,LA Convention Center (Halls 1-3),190.2,34.04058,-118.26853,LADBS Building and Safety Temporary Special Event (TSE) Permits,
244109000002198,Temporary Special Event,Commercial,1301,1301,S,FIGUEROA,ST,90015,Building of rigged & ground supported structure taller than 12 feet,,BMF BOOTH 1139,2024-06-25T00:00:00.000,2024-06-27T00:00:00.000,"{'latitude': '34.04058', 'longitude': '-118.26853', 'human_address': '{""address"": """", ""city"": """", ""state"": """", ""zip"": """"}'}",V03,LA Convention Center (Halls 1-3),190.2,34.04058,-118.26853,LADBS Building and Safety Temporary Special Event (TSE) Permits,
244109000002375,Temporary Special Event,Commercial,1301,1301,S,FIGUEROA,ST,90015,15' STRUCTURE WITH SAFETY TIE OFFS,CONTACT CLAYTON MOORE: 651-366-7670 ONCE ONSITE,RAPID + TCT,2024-06-25T00:00:00.000,2024-06-27T00:00:00.000,"{'latitude': '34.04058', 'longitude': '-118.26853', 'human_address': '{""address"": """", ""city"": """", ""state"": """", ""zip"": """"}'}",V03,LA Convention Center (Halls 1-3),190.2,34.04058,-118.26853,LADBS Building and Safety Temporary Special Event (TSE) Permits,
244109000002265,Temporary Special Event,Commercial,1301,1301,S,FIGUEROA,ST,90015,EOS Booth 2639 @ Rapid + TCT stamped drawings to follow,Los Angeles Convention Center,RAPID + TCT EOS BOOTH # 2639,2024-06-25T00:00:00.000,2024-06-27T00:00:00.000,"{'latitude': '34.04058', 'longitude': '-118.26853', 'human_address': '{""address"": """", ""city"": """", ""state"": """", ""zip"": """"}'}",V03,LA Convention Center (Halls 1-3),190.2,34.04058,-118.26853,LADBS Building and Safety Temporary Special Event (TSE) Permits,
244109000002437,Temporary Special Event,Commercial,1301,1301,S,FIGUEROA,ST,90015,FREESTANDING WALL STRUCTURE,,RAPID + TCT 2024,2024-06-25T00:00:00.000,2024-06-27T00:00:00.000,"{'latitude': '34.04058', 'longitude': '-118.26853', 'human_address': '{""address"": """", ""city"": """", ""state"": """", ""zip"": """"}'}",V03,LA Convention Center (Halls 1-3),190.2,34.04058,-118.26853,LADBS Building and Safety Temporary Special Event (TSE) Permits,
244109000002199,Temporary Special Event,Commercial,1301,1301,S,FIGUEROA,ST,90015,Inspect booth that has 16ft tower,LACC booth #1309,SAE SHOWING AT RAPID TCT 2024,2024-06-25T00:00:00.000,2024-06-27T00:00:00.000,"{'latitude': '34.04058', 'longitude': '-118.26853', 'human_address': '{""address"": """", ""city"": """", ""state"": """", ""zip"": """"}'}",V03,LA Convention Center (Halls 1-3),190.2,34.04058,-118.26853,LADBS Building and Safety Temporary Special Event (TSE) Permits,
244109000002374,Temporary Special Event,Commercial,1301,1301,S,FIGUEROA,ST,90015,16' HIGH WALL WITH SAFETY TIE OFF FROM CEILING.,Please contact Clayton Moore: 651-366-7670 once onsite.,RAPID + TCT,2024-06-25T00:00:00.000,2024-06-27T00:00:00.000,"{'latitude': '34.04058', 'longitude': '-118.26853', 'human_address': '{""address"": """", ""city"": """", ""state"": """", ""zip"": """"}'}",V03,LA Convention Center (Halls 1-3),190.2,34.04058,-118.26853,LADBS Building and Safety Temporary Special Event (TSE) Permits,
244109000002365,Temporary Special Event,Commercial,1301,1301,S,FIGUEROA,ST,90015,"Please inspect the SME Media Studio, Bth 858. 40'x40' show management",Please inspect the SME Media Studio Booth 828. 40x40 booth,RAPID,2024-06-25T00:00:00.000,2024-06-27T00:00:00.000,"{'latitude': '34.04058', 'longitude': '-118.26853', 'human_address': '{""address"": """", ""city"": """", ""state"": """", ""zip"": """"}'}",V03,LA Convention Center (Halls 1-3),190.2,34.04058,-118.26853,LADBS Building and Safety Temporary Special Event (TSE) Permits,
244109000002440,Temporary Special Event,Commercial,1301,1301,S,FIGUEROA,ST,90015,GE Colibrium Additive,GE Colibrium Additive #1539,RAPID TCT 2024,2024-06-24T00:00:00.000,2024-06-28T00:00:00.000,"{'latitude': '34.04058', 'longitude': '-118.26853', 'human_address': '{""address"": """", ""city"": """", ""state"": """", ""zip"": """"}'}",V03,LA Convention Center (Halls 1-3),190.2,34.04058,-118.26853,LADBS Building and Safety Temporary Special Event (TSE) Permits,
244109000002431,Temporary Special Event,Commercial,3939,3939,S,FIGUEROA,ST,90037,LAFC Breakroom,Inspection @ 8 am please,ROOFTOP TENT,2024-06-22T00:00:00.000,2024-06-22T00:00:00.000,"{'latitude': '34.01173', 'longitude': '-118.28296', 'human_address': '{""address"": """", ""city"": """", ""state"": """", ""zip"": """"}'}",V06,Exposition Park Stadium (BMO Stadium),192.4,34.01173,-118.28296,LADBS Building and Safety Temporary Special Event (TSE) Permits,
244109000002369,Temporary Special Event,Commercial,649,649,W,JEFFERSON,BLVD,90007,Concert at Shrine Expo Hall,Concert at Shrine Expo hall,CHARLI XCX,2024-06-15T00:00:00.000,2024-06-15T00:00:00.000,"{'latitude': '34.02274', 'longitude': '-118.28142', 'human_address': '{""address"": """", ""city"": """", ""state"": """", ""zip"": """"}'}",V07,Galen Center (USC),233.6,34.02274,-118.28142,LADBS Building and Safety Temporary Special Event (TSE) Permits,
244109000002072,Temporary Special Event,Commercial,3911,3911,S,FIGUEROA,ST,90037,"Temporary staging, delay tower structures, tents","Fred Again concert on June 14th. Temporary stage, delay tower structures, tents",FRED AGAIN CONCERT,2024-06-14T00:00:00.000,2024-06-14T00:00:00.000,"{'latitude': '34.01366', 'longitude': '-118.28294', 'human_address': '{""address"": """", ""city"": """", ""state"": """", ""zip"": """"}'}",V06,Exposition Park Stadium (BMO Stadium),180.4,34.01366,-118.28294,LADBS Building and Safety Temporary Special Event (TSE) Permits,
244109000002358,Temporary Special Event,Commercial,919,919,S,GRAND,AVE,90015,Temporary Signs  58x68 40x60 30x80 210x30 10x35 2 20x50  Bright rental,Plaza,FIDM,2024-06-14T00:00:00.000,2024-06-14T00:00:00.000,"{'latitude': '34.04413', 'longitude': '-118.25988', 'human_address': '{""address"": """", ""city"": """", ""state"": """", ""zip"": """"}'}",V04,Peacock Theater,648.1,34.04413,-118.25988,LADBS Building and Safety Temporary Special Event (TSE) Permits,
244109000002356,Temporary Special Event,Commercial,3911,3911,S,FIGUEROA,ST,90037,Temporary Tents  2 10x10 2 10x20 2 10x30 15x30 20x30  2-20x40  Town &,"Gate 19, Gate 28A , Gate 1, Gate 4 , Tunnel",FRED AGIN CONCERT,2024-06-14T00:00:00.000,2024-06-14T00:00:00.000,"{'latitude': '34.01366', 'longitude': '-118.28294', 'human_address': '{""address"": """", ""city"": """", ""state"": """", ""zip"": """"}'}",V06,Exposition Park Stadium (BMO Stadium),180.4,34.01366,-118.28294,LADBS Building and Safety Temporary Special Event (TSE) Permits,
244109000002354,Temporary Special Event,Commercial,3911,3911,S,FIGUEROA,ST,90037,Live Music Event w/ temp mobile stage,Live Music Event w/ temp mobile stage @ The Torch (LA Coliseum),MOTHER MOTHER,2024-06-09T00:00:00.000,2024-06-09T00:00:00.000,"{'latitude': '34.01366', 'longitude': '-118.28294', 'human_address': '{""address"": """", ""city"": """", ""state"": """", ""zip"": """"}'}",V06,Exposition Park Stadium (BMO Stadium),180.4,34.01366,-118.28294,LADBS Building and Safety Temporary Special Event (TSE) Permits,
244109000002335,Temporary Special Event,Commercial,4700,4700,W,WESTERN HERITAGE,WAY,90027,Temporary Tents  16 10x10 1 -15x20  1-30x50   1- 120x220  Curtis Markl,Grass area,MARKET PLACE,2024-06-08T00:00:00.000,2024-06-09T00:00:00.000,"{'latitude': '34.14865', 'longitude': '-118.28197', 'human_address': '{""address"": """", ""city"": """", ""state"": """", ""zip"": """"}'}",V08,LA Zoo,344.3,34.14865,-118.28197,LADBS Building and Safety Temporary Special Event (TSE) Permits,
244109000002151,Temporary Special Event,Vacant Land,700,700,W,EXPOSITION PARK,DR,90007,"Stage, lighting for concert",Expo Lawn between Museum and Colosseum. Time put for correct fees,SOLOMUN,2024-06-01T00:00:00.000,2024-06-02T00:00:00.000,"{'latitude': '34.01561', 'longitude': '-118.28665', 'human_address': '{""address"": """", ""city"": """", ""state"": """", ""zip"": """"}'}",V05,LA Memorial Coliseum,203.6,34.01561,-118.28665,LADBS Building and Safety Temporary Special Event (TSE) Permits,
244109000002222,Temporary Special Event,Commercial,3939,3939,S,FIGUEROA,ST,90037,Breakroom: LAFC v MNU/Dallas,,ROOFTOP TENT,2024-05-29T00:00:00.000,2024-06-01T00:00:00.000,"{'latitude': '34.01173', 'longitude': '-118.28296', 'human_address': '{""address"": """", ""city"": """", ""state"": """", ""zip"": """"}'}",V06,Exposition Park Stadium (BMO Stadium),192.4,34.01173,-118.28296,LADBS Building and Safety Temporary Special Event (TSE) Permits,
244109000002219,Temporary Special Event,Commercial,3911,3911,S,FIGUEROA,ST,90037,Event includes stage and truss structure. Live-Music Event at the Torc,Event includes stage and truss structure. Live-Music Event at LA Coliseum,TKL & YC,2024-05-28T00:00:00.000,2024-05-31T00:00:00.000,"{'latitude': '34.01366', 'longitude': '-118.28294', 'human_address': '{""address"": """", ""city"": """", ""state"": """", ""zip"": """"}'}",V06,Exposition Park Stadium (BMO Stadium),180.4,34.01366,-118.28294,LADBS Building and Safety Temporary Special Event (TSE) Permits,
244109000002200,Temporary Special Event,Commercial,3400,3400,S,FIGUEROA,ST,90007,STAGE 64X52X6,USC GALEN CENTER,ODESZA,2024-05-28T00:00:00.000,2024-05-28T00:00:00.000,"{'latitude': '34.02167', 'longitude': '-118.2799', 'human_address': '{""address"": """", ""city"": """", ""state"": """", ""zip"": """"}'}",V07,Galen Center (USC),75.1,34.02167,-118.2799,LADBS Building and Safety Temporary Special Event (TSE) Permits,
244109000002156,Temporary Special Event,Commercial,3400,3400,S,FIGUEROA,ST,90007,STAGE 60X32,USC GALEN CENTER,EDVONATE,2024-05-20T00:00:00.000,2024-05-20T00:00:00.000,"{'latitude': '34.02167', 'longitude': '-118.2799', 'human_address': '{""address"": """", ""city"": """", ""state"": """", ""zip"": """"}'}",V07,Galen Center (USC),75.1,34.02167,-118.2799,LADBS Building and Safety Temporary Special Event (TSE) Permits,
244109000002173,Temporary Special Event,Commercial,3939,3939,S,FIGUEROA,ST,90037,LAUSD Graduation,,ROOFTOP TENT,2024-05-20T00:00:00.000,2024-05-20T00:00:00.000,"{'latitude': '34.01173', 'longitude': '-118.28296', 'human_address': '{""address"": """", ""city"": """", ""state"": """", ""zip"": """"}'}",V06,Exposition Park Stadium (BMO Stadium),192.4,34.01173,-118.28296,LADBS Building and Safety Temporary Special Event (TSE) Permits,
244109000002124,Temporary Special Event,Commercial,649,649,W,JEFFERSON,BLVD,90007,Concert In Expo Hall,,KNOCKED LOOSE,2024-05-11T00:00:00.000,2024-05-11T00:00:00.000,"{'latitude': '34.02274', 'longitude': '-118.28142', 'human_address': '{""address"": """", ""city"": """", ""state"": """", ""zip"": """"}'}",V07,Galen Center (USC),233.6,34.02274,-118.28142,LADBS Building and Safety Temporary Special Event (TSE) Permits,
244109000002079,Temporary Special Event,Commercial,3551,3551,S,TROUSDALE,PKWY,90089,"Temporary Tents  20x40 , 10x20 10x10  850 Guest 11am - 4pm town& count",Founders Park,KAUFMAN SCHOOL,2024-05-10T00:00:00.000,2024-05-10T00:00:00.000,"{'latitude': '34.02066', 'longitude': '-118.28531', 'human_address': '{""address"": """", ""city"": """", ""state"": """", ""zip"": """"}'}",V07,Galen Center (USC),490.8,34.02066,-118.28531,LADBS Building and Safety Temporary Special Event (TSE) Permits,
244109000002065,Temporary Special Event,Commercial,3502,3502,S,TROUSDALE,PKWY,90089,Temporary tents  #5 - 40x50 & 10x10  250 Guest 9am- 5pm,SOS Lawn,LAS2 RECEPTION,2024-05-10T00:00:00.000,2024-05-10T00:00:00.000,"{'latitude': '34.02175', 'longitude': '-118.28408', 'human_address': '{""address"": """", ""city"": """", ""state"": """", ""zip"": """"}'}",V07,Galen Center (USC),385.2,34.02175,-118.28408,LADBS Building and Safety Temporary Special Event (TSE) Permits,
244109000002069,Temporary Special Event,Commercial,57,57,E,WINDWARD,AVE,90291,Private outdoor event with people assembling,Outdoor parking lot,NVE PRESENTS,2024-05-10T00:00:00.000,2024-05-10T00:00:00.000,"{'latitude': '33.98755', 'longitude': '-118.47283', 'human_address': '{""address"": """", ""city"": """", ""state"": """", ""zip"": """"}'}",V13,Venice Beach,244.5,33.98755,-118.47283,LADBS Building and Safety Temporary Special Event (TSE) Permits,
244109000002108,Temporary Special Event,Commercial,3911,3911,S,FIGUEROA,ST,90037,44'x38'x6' SAM450 mobile stage. 2 small ancillary 12'x8'x4' support st,44'x38'x6' SAM450 mobile stage on West end of playing field,COMMENCEMENTS 2024,2024-05-10T00:00:00.000,2024-05-10T00:00:00.000,"{'latitude': '34.01366', 'longitude': '-118.28294', 'human_address': '{""address"": """", ""city"": """", ""state"": """", ""zip"": """"}'}",V06,Exposition Park Stadium (BMO Stadium),180.4,34.01366,-118.28294,LADBS Building and Safety Temporary Special Event (TSE) Permits,
244109000002111,Temporary Special Event,Commercial,3911,3911,S,FIGUEROA,ST,90037,Temporary Tent  20x40 2 10x20 2 10x30 10x20 3 10x10  Town & country,Football Field,CEREMONY,2024-05-09T00:00:00.000,2024-05-09T00:00:00.000,"{'latitude': '34.01366', 'longitude': '-118.28294', 'human_address': '{""address"": """", ""city"": """", ""state"": """", ""zip"": """"}'}",V06,Exposition Park Stadium (BMO Stadium),180.4,34.01366,-118.28294,LADBS Building and Safety Temporary Special Event (TSE) Permits,
244109000001979,Temporary Special Event,Commercial,1301,1301,S,FIGUEROA,ST,90015,indoor scenic structure to support LED Wall,Located at booth 913,IPW,2024-05-06T00:00:00.000,2024-05-09T00:00:00.000,"{'latitude': '34.04058', 'longitude': '-118.26853', 'human_address': '{""address"": """", ""city"": """", ""state"": """", ""zip"": """"}'}",V03,LA Convention Center (Halls 1-3),190.2,34.04058,-118.26853,LADBS Building and Safety Temporary Special Event (TSE) Permits,
244109000001770,Temporary Special Event,Commercial,1301,1301,S,FIGUEROA,ST,90015,Tradeshow booth with 15' h & 16' h structures.,,IPW,2024-05-05T00:00:00.000,2024-05-07T00:00:00.000,"{'latitude': '34.04058', 'longitude': '-118.26853', 'human_address': '{""address"": """", ""city"": """", ""state"": """", ""zip"": """"}'}",V03,LA Convention Center (Halls 1-3),190.2,34.04058,-118.26853,LADBS Building and Safety Temporary Special Event (TSE) Permits,
244109000001884,Temporary Special Event,Commercial,1301,1301,S,FIGUEROA,ST,90015,80'x110' booth/20'x30' booth/32'x11' entrance unit,,IPW,2024-05-05T00:00:00.000,2024-05-07T00:00:00.000,"{'latitude': '34.04058', 'longitude': '-118.26853', 'human_address': '{""address"": """", ""city"": """", ""state"": """", ""zip"": """"}'}",V03,LA Convention Center (Halls 1-3),190.2,34.04058,-118.26853,LADBS Building and Safety Temporary Special Event (TSE) Permits,
244109000001915,Temporary Special Event,Commercial,1301,1301,S,FIGUEROA,ST,90015,Structure taller than 12 feet,,MIAMI BOOTH #2701,2024-05-05T00:00:00.000,2024-05-07T00:00:00.000,"{'latitude': '34.04058', 'longitude': '-118.26853', 'human_address': '{""address"": """", ""city"": """", ""state"": """", ""zip"": """"}'}",V03,LA Convention Center (Halls 1-3),190.2,34.04058,-118.26853,LADBS Building and Safety Temporary Special Event (TSE) Permits,
244109000001850,Temporary Special Event,Commercial,1301,1301,S,FIGUEROA,ST,90015,N/A,,IPW 2024,2024-05-05T00:00:00.000,2024-05-08T00:00:00.000,"{'latitude': '34.04058', 'longitude': '-118.26853', 'human_address': '{""address"": """", ""city"": """", ""state"": """", ""zip"": """"}'}",V03,LA Convention Center (Halls 1-3),190.2,34.04058,-118.26853,LADBS Building and Safety Temporary Special Event (TSE) Permits,
244109000001840,Temporary Special Event,Commercial,1301,1301,S,FIGUEROA,ST,90015,"Booth structure  On site inspection preferred to happen Saturday, May",Los Angeles Convention Center,DISNEY ISLAND BOOTH REVISED,2024-05-05T00:00:00.000,2024-05-07T00:00:00.000,"{'latitude': '34.04058', 'longitude': '-118.26853', 'human_address': '{""address"": """", ""city"": """", ""state"": """", ""zip"": """"}'}",V03,LA Convention Center (Halls 1-3),190.2,34.04058,-118.26853,LADBS Building and Safety Temporary Special Event (TSE) Permits,
244109000001629,Temporary Special Event,Commercial,1301,1301,S,FIGUEROA,ST,90015,"20 x 60 Island booth, upright self supporting structure.",Los Angeles Convention Center,DISNEY ISLAND BOOTH ON IPW SHOW FLOOR,2024-05-05T00:00:00.000,2024-05-07T00:00:00.000,"{'latitude': '34.04058', 'longitude': '-118.26853', 'human_address': '{""address"": """", ""city"": """", ""state"": """", ""zip"": """"}'}",V03,LA Convention Center (Halls 1-3),190.2,34.04058,-118.26853,LADBS Building and Safety Temporary Special Event (TSE) Permits,
244109000001975,Temporary Special Event,Commercial,1301,1301,S,FIGUEROA,ST,90015,Temporary Structure Engineering,,EXPERIENCE KISSIMMEE BOOTH 2523,2024-05-05T00:00:00.000,2024-05-07T00:00:00.000,"{'latitude': '34.04058', 'longitude': '-118.26853', 'human_address': '{""address"": """", ""city"": """", ""state"": """", ""zip"": """"}'}",V03,LA Convention Center (Halls 1-3),190.2,34.04058,-118.26853,LADBS Building and Safety Temporary Special Event (TSE) Permits,
244109000001806,Temporary Special Event,Commercial,1301,1301,S,FIGUEROA,ST,90015,Structural Engineer,Los Angeles convention center,DISCOVER PUERTO RICO EXHIBIT,2024-05-05T00:00:00.000,2024-05-07T00:00:00.000,"{'latitude': '34.04058', 'longitude': '-118.26853', 'human_address': '{""address"": """", ""city"": """", ""state"": """", ""zip"": """"}'}",V03,LA Convention Center (Halls 1-3),190.2,34.04058,-118.26853,LADBS Building and Safety Temporary Special Event (TSE) Permits,
244109000001982,Temporary Special Event,Commercial,4700,4700,W,WESTERN HERITAGE,WAY,90027,family festival,Event is set up on the lawn area outside the Autry Museum at the address listed,GREAT BIG FAMILY PLAY DAY,2024-05-04T00:00:00.000,2024-05-05T00:00:00.000,"{'latitude': '34.14865', 'longitude': '-118.28197', 'human_address': '{""address"": """", ""city"": """", ""state"": """", ""zip"": """"}'}",V08,LA Zoo,344.3,34.14865,-118.28197,LADBS Building and Safety Temporary Special Event (TSE) Permits,
244109000001958,Temporary Special Event,Vacant Land,700,700,W,EXPOSITION PARK,DR,90007,Stage and lighting for concert,Please inspect around 10 AM. I put the time for the correct fee.,KEINEMUSIK,2024-05-04T00:00:00.000,2024-05-05T00:00:00.000,"{'latitude': '34.01561', 'longitude': '-118.28665', 'human_address': '{""address"": """", ""city"": """", ""state"": """", ""zip"": """"}'}",V05,LA Memorial Coliseum,203.6,34.01561,-118.28665,LADBS Building and Safety Temporary Special Event (TSE) Permits,
244109000002068,Temporary Special Event,Commercial,3939,3939,S,FIGUEROA,ST,90037,The Miguel Contreras Cinco de Mayo Awards,,ROOFTOP TENT,2024-05-03T00:00:00.000,2024-05-03T00:00:00.000,"{'latitude': '34.01173', 'longitude': '-118.28296', 'human_address': '{""address"": """", ""city"": """", ""state"": """", ""zip"": """"}'}",V06,Exposition Park Stadium (BMO Stadium),192.4,34.01173,-118.28296,LADBS Building and Safety Temporary Special Event (TSE) Permits,
244109000002058,Temporary Special Event,Commercial,1301,1301,S,FIGUEROA,ST,90015,Build of trade show booth with ground supported structures of more the,,MEET BOSTON TRADE SHOW BOOTH #2137,2024-05-03T00:00:00.000,2024-05-08T00:00:00.000,"{'latitude': '34.04058', 'longitude': '-118.26853', 'human_address': '{""address"": """", ""city"": """", ""state"": """", ""zip"": """"}'}",V03,LA Convention Center (Halls 1-3),190.2,34.04058,-118.26853,LADBS Building and Safety Temporary Special Event (TSE) Permits,
244109000001885,Temporary Special Event,Commercial,1301,1301,S,FIGUEROA,ST,90015,This event has (3) different engineers approving drawings.   1. Disney,This event takes place on Gilbert Lindsay Plaza. Many scenic activations.,VISIT CALIFORNIA PLAZA,2024-05-03T00:00:00.000,2024-05-09T00:00:00.000,"{'latitude': '34.04058', 'longitude': '-118.26853', 'human_address': '{""address"": """", ""city"": """", ""state"": """", ""zip"": """"}'}",V03,LA Convention Center (Halls 1-3),190.2,34.04058,-118.26853,LADBS Building and Safety Temporary Special Event (TSE) Permits,
244109000001969,Temporary Special Event,Commercial,1301,1301,S,FIGUEROA,ST,90015,Revieing certification of aluminum ground supported structure.,BOOTH 2546 LA CONVENTION CENTER,IPW 2024,2024-05-03T00:00:00.000,2024-05-08T00:00:00.000,"{'latitude': '34.04058', 'longitude': '-118.26853', 'human_address': '{""address"": """", ""city"": """", ""state"": """", ""zip"": """"}'}",V03,LA Convention Center (Halls 1-3),190.2,34.04058,-118.26853,LADBS Building and Safety Temporary Special Event (TSE) Permits,
244109000001892,Temporary Special Event,Commercial,1301,1301,S,FIGUEROA,ST,90015,Engineer,,IPW TRADESHOW - CITY SIGHTEEING,2024-05-03T00:00:00.000,2024-05-08T00:00:00.000,"{'latitude': '34.04058', 'longitude': '-118.26853', 'human_address': '{""address"": """", ""city"": """", ""state"": """", ""zip"": """"}'}",V03,LA Convention Center (Halls 1-3),190.2,34.04058,-118.26853,LADBS Building and Safety Temporary Special Event (TSE) Permits,
244109000001995,Temporary Special Event,Commercial,3400,3400,S,FIGUEROA,ST,90007,STAGE 118 X 16,USC GALEN CENTER,ALGS,2024-05-02T00:00:00.000,2024-05-05T00:00:00.000,"{'latitude': '34.02167', 'longitude': '-118.2799', 'human_address': '{""address"": """", ""city"": """", ""state"": """", ""zip"": """"}'}",V07,Galen Center (USC),75.1,34.02167,-118.2799,LADBS Building and Safety Temporary Special Event (TSE) Permits,
244109000001943,Temporary Special Event,Commercial,777,777,W,CHICK HEARN,CT,90015,AEG tent  140x300 for Pizza City fest  12pm-5pm   Inspection 11am 4/2,Event Deck,PIZZA CITY FEST,2024-04-27T00:00:00.000,2024-04-28T00:00:00.000,"{'latitude': '34.04406', 'longitude': '-118.26707', 'human_address': '{""address"": """", ""city"": """", ""state"": """", ""zip"": """"}'}",V04,Peacock Theater,51.4,34.04406,-118.26707,LADBS Building and Safety Temporary Special Event (TSE) Permits,
244109000001816,Temporary Special Event,Commercial,1301,1301,S,FIGUEROA,ST,90015,Structural Submittal Illustration/permit,,OG LOWRIDER SHOW -MAIN STAGE,2024-04-27T00:00:00.000,2024-04-28T00:00:00.000,"{'latitude': '34.04058', 'longitude': '-118.26853', 'human_address': '{""address"": """", ""city"": """", ""state"": """", ""zip"": """"}'}",V03,LA Convention Center (Halls 1-3),190.2,34.04058,-118.26853,LADBS Building and Safety Temporary Special Event (TSE) Permits,
244109000002017,Temporary Special Event,Commercial,3551,3551,S,TROUSDALE,PKWY,90089,We would like to get our Ferris Wheel inspected and approved by the ci,The event will take place on McCarthy Quad and SOS Lawn at USC UPC Campus.,USC: GLOW'DUATION,2024-04-26T00:00:00.000,2024-04-26T00:00:00.000,"{'latitude': '34.02066', 'longitude': '-118.28531', 'human_address': '{""address"": """", ""city"": """", ""state"": """", ""zip"": """"}'}",V07,Galen Center (USC),490.8,34.02066,-118.28531,LADBS Building and Safety Temporary Special Event (TSE) Permits,
244109000001955,Temporary Special Event,Commercial,3911,3911,S,FIGUEROA,ST,90037,Multiple Smaller Tents for Production elements. Stage made of Steel De,Front Concourse of the LA Memorial Coliseum,BAITSHOPPE CONCERT,2024-04-26T00:00:00.000,2024-04-27T00:00:00.000,"{'latitude': '34.01366', 'longitude': '-118.28294', 'human_address': '{""address"": """", ""city"": """", ""state"": """", ""zip"": """"}'}",V06,Exposition Park Stadium (BMO Stadium),180.4,34.01366,-118.28294,LADBS Building and Safety Temporary Special Event (TSE) Permits,
244109000001878,Temporary Special Event,Commercial,3911,3911,S,FIGUEROA,ST,90037,Temporary Tent  10x30 for camera tent  Town & Country.,West end of Stadium,CAMERA TENT,2024-04-20T00:00:00.000,2024-04-20T00:00:00.000,"{'latitude': '34.01366', 'longitude': '-118.28294', 'human_address': '{""address"": """", ""city"": """", ""state"": """", ""zip"": """"}'}",V06,Exposition Park Stadium (BMO Stadium),180.4,34.01366,-118.28294,LADBS Building and Safety Temporary Special Event (TSE) Permits,
244109000001875,Temporary Special Event,Commercial,3911,3911,S,FIGUEROA,ST,90037,Temporary Tents  20x40 gate 4  10x20 2 10x30 2 10x10 gate 18 Town & Co,Gate 4 & 18,PRODUCTION TENTS,2024-04-20T00:00:00.000,2024-04-20T00:00:00.000,"{'latitude': '34.01366', 'longitude': '-118.28294', 'human_address': '{""address"": """", ""city"": """", ""state"": """", ""zip"": """"}'}",V06,Exposition Park Stadium (BMO Stadium),180.4,34.01366,-118.28294,LADBS Building and Safety Temporary Special Event (TSE) Permits,
244109000000424,Temporary Special Event,Commercial,620,620,W,USC MC CARTHY,WAY,90089,Tents,Event spans USC campus,LA TIMES FESTIVAL OF BOOKS,2024-04-20T00:00:00.000,2024-04-21T00:00:00.000,"{'latitude': '34.02053', 'longitude': '-118.28156', 'human_address': '{""address"": """", ""city"": """", ""state"": """", ""zip"": """"}'}",V07,Galen Center (USC),153.0,34.02053,-118.28156,LADBS Building and Safety Temporary Special Event (TSE) Permits,
244109000001807,Temporary Special Event,Commercial,1301,1301,S,FIGUEROA,ST,90015,two (2) Genie Lift ST-25 with 60 of 12 truss to lift our backdrop whic,Hall K,THE SPIRIT NETWORK,2024-04-19T00:00:00.000,2024-04-21T00:00:00.000,"{'latitude': '34.04058', 'longitude': '-118.26853', 'human_address': '{""address"": """", ""city"": """", ""state"": """", ""zip"": """"}'}",V03,LA Convention Center (Halls 1-3),190.2,34.04058,-118.26853,LADBS Building and Safety Temporary Special Event (TSE) Permits,
244109000001843,Temporary Special Event,Commercial,649,649,W,JEFFERSON,BLVD,90007,Concert in Expo Hall,,YOASOBI,2024-04-18T00:00:00.000,2024-04-19T00:00:00.000,"{'latitude': '34.02274', 'longitude': '-118.28142', 'human_address': '{""address"": """", ""city"": """", ""state"": """", ""zip"": """"}'}",V07,Galen Center (USC),233.6,34.02274,-118.28142,LADBS Building and Safety Temporary Special Event (TSE) Permits,
244109000001845,Temporary Special Event,Public Way,888,888,W,OLYMPIC,BLVD,90015,16 x 20 x 4' Stage,Please Call 213-304-3657,KINGS FAN FEST,2024-04-13T00:00:00.000,2024-04-13T00:00:00.000,"{'latitude': '34.04515', 'longitude': '-118.26577', 'human_address': '{""address"": """", ""city"": """", ""state"": """", ""zip"": """"}'}",V04,Peacock Theater,126.7,34.04515,-118.26577,LADBS Building and Safety Temporary Special Event (TSE) Permits,
244109000001872,Temporary Special Event,Commercial,1301,1301,S,FIGUEROA,ST,90015,Sound and Lights for Music Event,Hall G,SUPER CUMBIA,2024-04-13T00:00:00.000,2024-04-14T00:00:00.000,"{'latitude': '34.04058', 'longitude': '-118.26853', 'human_address': '{""address"": """", ""city"": """", ""state"": """", ""zip"": """"}'}",V03,LA Convention Center (Halls 1-3),190.2,34.04058,-118.26853,LADBS Building and Safety Temporary Special Event (TSE) Permits,
244109000001839,Temporary Special Event,Commercial,3601,3601,S,TROUSDALE,PKWY,90089,35 foot ferris wheel,USC Village Great Lawn - Lawn in back corner of USC Village past the Amazon,RES ED SPRING EVENT,2024-04-11T00:00:00.000,2024-04-11T00:00:00.000,"{'latitude': '34.02017', 'longitude': '-118.28558', 'human_address': '{""address"": """", ""city"": """", ""state"": """", ""zip"": """"}'}",V07,Galen Center (USC),522.5,34.02017,-118.28558,LADBS Building and Safety Temporary Special Event (TSE) Permits,
244109000001763,Temporary Special Event,Public Way,888,888,W,OLYMPIC,BLVD,90015,16 x 12 x 4 Stage,Event Is on CHC,KINGS FAN FEST,2024-04-06T00:00:00.000,2024-04-06T00:00:00.000,"{'latitude': '34.04515', 'longitude': '-118.26577', 'human_address': '{""address"": """", ""city"": """", ""state"": """", ""zip"": """"}'}",V04,Peacock Theater,126.7,34.04515,-118.26577,LADBS Building and Safety Temporary Special Event (TSE) Permits,
244109000001791,Temporary Special Event,Commercial,3551,3551,S,TROUSDALE,PKWY,90089,We will have two stages (the larger for the paid performances and a sm,"Inspection will be on Saturday, and will need to be done at 11:00am or earlier.",SPRINGFEST 2024,2024-04-06T00:00:00.000,2024-04-06T00:00:00.000,"{'latitude': '34.02066', 'longitude': '-118.28531', 'human_address': '{""address"": """", ""city"": """", ""state"": """", ""zip"": """"}'}",V07,Galen Center (USC),490.8,34.02066,-118.28531,LADBS Building and Safety Temporary Special Event (TSE) Permits,
244109000001771,Temporary Special Event,Commercial,3939,3939,S,FIGUEROA,ST,90037,LAFC v Carson Breakroom,Inspection at 7:30am please,ROOFTOP TENT,2024-04-06T00:00:00.000,2024-04-06T00:00:00.000,"{'latitude': '34.01173', 'longitude': '-118.28296', 'human_address': '{""address"": """", ""city"": """", ""state"": """", ""zip"": """"}'}",V06,Exposition Park Stadium (BMO Stadium),192.4,34.01173,-118.28296,LADBS Building and Safety Temporary Special Event (TSE) Permits,
244109000001404,Temporary Special Event,Commercial,3911,3911,S,FIGUEROA,ST,90037,Event includes stage and truss structure.  Live-Music Event at the Tor,Event is at the Torch at LA Memorial Coliseum.,MEDUZA & JAMES HYPE,2024-04-05T00:00:00.000,2024-04-05T00:00:00.000,"{'latitude': '34.01366', 'longitude': '-118.28294', 'human_address': '{""address"": """", ""city"": """", ""state"": """", ""zip"": """"}'}",V06,Exposition Park Stadium (BMO Stadium),180.4,34.01366,-118.28294,LADBS Building and Safety Temporary Special Event (TSE) Permits,
244109000001728,Temporary Special Event,Commercial,3911,3911,S,FIGUEROA,ST,90037,There will be a stage with a background structure built the field leve,The event will mainly be on the field of the Coliseum.,NIKE WALK,2024-04-01T00:00:00.000,2024-04-01T00:00:00.000,"{'latitude': '34.01366', 'longitude': '-118.28294', 'human_address': '{""address"": """", ""city"": """", ""state"": """", ""zip"": """"}'}",V06,Exposition Park Stadium (BMO Stadium),180.4,34.01366,-118.28294,LADBS Building and Safety Temporary Special Event (TSE) Permits,
244109000001734,Temporary Special Event,Commercial,777,777,W,CHICK HEARN,CT,90015,Existing tent 140x300 AEG on the event deck,Event deck,PUBLIC MENTAL HEALTH AWARENESS,2024-03-30T00:00:00.000,2024-03-30T00:00:00.000,"{'latitude': '34.04406', 'longitude': '-118.26707', 'human_address': '{""address"": """", ""city"": """", ""state"": """", ""zip"": """"}'}",V04,Peacock Theater,51.4,34.04406,-118.26707,LADBS Building and Safety Temporary Special Event (TSE) Permits,
244109000001774,Temporary Special Event,Commercial,777,777,W,CHICK HEARN,CT,90015,Temporary Rigging to Tent beams for lighting and Decore  also attached,iNSIDE THE EVENT TENT,LADMH WOMENS AND GIRLS WELLNESS SUMMIT,2024-03-30T00:00:00.000,2024-03-30T00:00:00.000,"{'latitude': '34.04406', 'longitude': '-118.26707', 'human_address': '{""address"": """", ""city"": """", ""state"": """", ""zip"": """"}'}",V04,Peacock Theater,51.4,34.04406,-118.26707,LADBS Building and Safety Temporary Special Event (TSE) Permits,
244109000001731,Temporary Special Event,Vacant Land,4700,4700,W,WESTERN HERITAGE,WAY,90027,Inspection request for 9am. Festival event with live music.,Inspection request for 9am. Festival event with live music.,NATIONAL NATIVE HIV/AIDS AWARENESS DAY24,2024-03-25T00:00:00.000,2024-03-25T00:00:00.000,"{'latitude': '34.14865', 'longitude': '-118.28197', 'human_address': '{""address"": """", ""city"": """", ""state"": """", ""zip"": """"}'}",V08,LA Zoo,344.3,34.14865,-118.28197,LADBS Building and Safety Temporary Special Event (TSE) Permits,
244109000001666,Temporary Special Event,Vacant Land,4700,4700,W,WESTERN HERITAGE,WAY,90027,Festival event with live music & dancing on grass with arts and craft,On the south lawn of the Autry Museum.,NATIONAL NATIVE HIV/AIDS AWARENESS DAY24,2024-03-23T00:00:00.000,2024-03-23T00:00:00.000,"{'latitude': '34.14865', 'longitude': '-118.28197', 'human_address': '{""address"": """", ""city"": """", ""state"": """", ""zip"": """"}'}",V08,LA Zoo,344.3,34.14865,-118.28197,LADBS Building and Safety Temporary Special Event (TSE) Permits,
244109000001717,Temporary Special Event,Commercial,3939,3939,S,FIGUEROA,ST,90037,LAFC v Nash / Chivas v Atlas,Inspection at 8 am please,ROOFTOP TENT,2024-03-23T00:00:00.000,2024-03-24T00:00:00.000,"{'latitude': '34.01173', 'longitude': '-118.28296', 'human_address': '{""address"": """", ""city"": """", ""state"": """", ""zip"": """"}'}",V06,Exposition Park Stadium (BMO Stadium),192.4,34.01173,-118.28296,LADBS Building and Safety Temporary Special Event (TSE) Permits,
244109000001634,Temporary Special Event,Commercial,3911,3911,S,FIGUEROA,ST,90037,Temporary TCUP for the field and 10x20. tent   75-100 Guest for dinner,On the field,DINNER,2024-03-14T00:00:00.000,2024-03-14T00:00:00.000,"{'latitude': '34.01366', 'longitude': '-118.28294', 'human_address': '{""address"": """", ""city"": """", ""state"": """", ""zip"": """"}'}",V06,Exposition Park Stadium (BMO Stadium),180.4,34.01366,-118.28294,LADBS Building and Safety Temporary Special Event (TSE) Permits,
244109000001624,Temporary Special Event,Commercial,777,777,W,CHICK HEARN,CT,90015,AEG Existing tent 300x140  Temporary Rigging for lighting to the tent,Event Deck,NETFLIX,2024-03-13T00:00:00.000,2024-03-13T00:00:00.000,"{'latitude': '34.04406', 'longitude': '-118.26707', 'human_address': '{""address"": """", ""city"": """", ""state"": """", ""zip"": """"}'}",V04,Peacock Theater,51.4,34.04406,-118.26707,LADBS Building and Safety Temporary Special Event (TSE) Permits,
244109000001073,Temporary Special Event,Commercial,1301,1301,S,FIGUEROA,ST,90015,Please see attached Engineering Stamp for same project at a different,,IHRSA 2024,2024-03-07T00:00:00.000,2024-03-08T00:00:00.000,"{'latitude': '34.04058', 'longitude': '-118.26853', 'human_address': '{""address"": """", ""city"": """", ""state"": """", ""zip"": """"}'}",V03,LA Convention Center (Halls 1-3),190.2,34.04058,-118.26853,LADBS Building and Safety Temporary Special Event (TSE) Permits,
244109000001593,Temporary Special Event,1 or 2 Family Dwelling,2655,2655,N,GLENDOWER,AVE,90027,Temporary Structure / Tent  40x40 x12' high with tent roof  80 guest,Motor court / Court Yard,ENNIS HOUSE,2024-03-07T00:00:00.000,2024-03-07T00:00:00.000,"{'latitude': '34.11641', 'longitude': '-118.29313', 'human_address': '{""address"": """", ""city"": """", ""state"": """", ""zip"": """"}'}",V09,Griffith Observatory,704.9,34.11641,-118.29313,LADBS Building and Safety Temporary Special Event (TSE) Permits,
244109000001156,Temporary Special Event,Commercial,1301,1301,S,FIGUEROA,ST,90015,Review of structure for code required lateral and gravity loading  Pro,Center Aisle Back Of The Hall,INTL HEALTH RACQUET & SPORTSCLUB ASSN,2024-03-06T00:00:00.000,2024-03-08T00:00:00.000,"{'latitude': '34.04058', 'longitude': '-118.26853', 'human_address': '{""address"": """", ""city"": """", ""state"": """", ""zip"": """"}'}",V03,LA Convention Center (Halls 1-3),190.2,34.04058,-118.26853,LADBS Building and Safety Temporary Special Event (TSE) Permits,
244109000001443,Temporary Special Event,Commercial,3939,3939,S,FIGUEROA,ST,90037,Dr. Squatch,,ROOFTOP TENT,2024-03-05T00:00:00.000,2024-03-05T00:00:00.000,"{'latitude': '34.01173', 'longitude': '-118.28296', 'human_address': '{""address"": """", ""city"": """", ""state"": """", ""zip"": """"}'}",V06,Exposition Park Stadium (BMO Stadium),192.4,34.01173,-118.28296,LADBS Building and Safety Temporary Special Event (TSE) Permits,
244109000001420,Temporary Special Event,Commercial,3550,3550,S,TROUSDALE,PKWY,90089,Temporary Structure 1 13' high x 20w truss   2- Genie towers 30'x15' h,Doheny Library,SCRIPTER AWARDS,2024-03-02T00:00:00.000,2024-03-02T00:00:00.000,"{'latitude': '34.02094', 'longitude': '-118.28463', 'human_address': '{""address"": """", ""city"": """", ""state"": """", ""zip"": """"}'}",V07,Galen Center (USC),426.8,34.02094,-118.28463,LADBS Building and Safety Temporary Special Event (TSE) Permits,
244109000001419,Temporary Special Event,1 or 2 Family Dwelling,667,667,W,28TH,ST,90007,Temporary Tent  30x30  Town & Country,Back of Property,PI BETA,2024-03-02T00:00:00.000,2024-03-02T00:00:00.000,"{'latitude': '34.02709', 'longitude': '-118.27933', 'human_address': '{""address"": """", ""city"": """", ""state"": """", ""zip"": """"}'}",V07,Galen Center (USC),680.0,34.02709,-118.27933,LADBS Building and Safety Temporary Special Event (TSE) Permits,
244109000001376,Temporary Special Event,Commercial,3550,3550,S,TROUSDALE,PKWY,90089,Temporary Tents  15x30 2 8x8   rain tents 20x80 10x35  town & country,Doheny Library,SCRIPTER AWARDS,2024-03-02T00:00:00.000,2024-03-02T00:00:00.000,"{'latitude': '34.02094', 'longitude': '-118.28463', 'human_address': '{""address"": """", ""city"": """", ""state"": """", ""zip"": """"}'}",V07,Galen Center (USC),426.8,34.02094,-118.28463,LADBS Building and Safety Temporary Special Event (TSE) Permits,
244109000001293,Temporary Special Event,Commercial,3551,3551,S,TROUSDALE,PKWY,90089,Temporary Tents  2 20x50 10x20 30x55 30x50 2 10x10 15x35 15x45 15x5020,Alumni Park,WOMEN'S CONFERNCE,2024-03-01T00:00:00.000,2024-03-01T00:00:00.000,"{'latitude': '34.02066', 'longitude': '-118.28531', 'human_address': '{""address"": """", ""city"": """", ""state"": """", ""zip"": """"}'}",V07,Galen Center (USC),490.8,34.02066,-118.28531,LADBS Building and Safety Temporary Special Event (TSE) Permits,
244109000000616,Temporary Special Event,Commercial,1301,1301,S,FIGUEROA,ST,90015,Backwall structure,South Hall,VIVE 2024,2024-02-26T00:00:00.000,2024-02-28T00:00:00.000,"{'latitude': '34.04058', 'longitude': '-118.26853', 'human_address': '{""address"": """", ""city"": """", ""state"": """", ""zip"": """"}'}",V03,LA Convention Center (Halls 1-3),190.2,34.04058,-118.26853,LADBS Building and Safety Temporary Special Event (TSE) Permits,
244109000000289,Temporary Special Event,Commercial,1301,1301,S,FIGUEROA,ST,90015,GIANT V PROP,WEST HALL LOBBY AT THE LA CONVENTION CENTER,VIVE 2024,2024-02-26T00:00:00.000,2024-02-26T00:00:00.000,"{'latitude': '34.04058', 'longitude': '-118.26853', 'human_address': '{""address"": """", ""city"": """", ""state"": """", ""zip"": """"}'}",V03,LA Convention Center (Halls 1-3),190.2,34.04058,-118.26853,LADBS Building and Safety Temporary Special Event (TSE) Permits,
244109000001069,Temporary Special Event,Commercial,1301,1301,S,FIGUEROA,ST,90015,Inspection for 14'h light boxes (qty 2)  Inspection on Sunday 2/25/202,Inspection set for 3pm on 2/25/2024,"ORACLE BOOTH 1310, 14'H LIGHTBOXES",2024-02-26T00:00:00.000,2024-02-28T00:00:00.000,"{'latitude': '34.04058', 'longitude': '-118.26853', 'human_address': '{""address"": """", ""city"": """", ""state"": """", ""zip"": """"}'}",V03,LA Convention Center (Halls 1-3),190.2,34.04058,-118.26853,LADBS Building and Safety Temporary Special Event (TSE) Permits,
244109000000619,Temporary Special Event,Commercial,1301,1301,S,FIGUEROA,ST,90015,Backwalls,South Hall,VIVE 2024,2024-02-26T00:00:00.000,2024-02-28T00:00:00.000,"{'latitude': '34.04058', 'longitude': '-118.26853', 'human_address': '{""address"": """", ""city"": """", ""state"": """", ""zip"": """"}'}",V03,LA Convention Center (Halls 1-3),190.2,34.04058,-118.26853,LADBS Building and Safety Temporary Special Event (TSE) Permits,
244109000000620,Temporary Special Event,Commercial,1301,1301,S,FIGUEROA,ST,90015,Theatre Backwalls,South Hall,VIVE 2024,2024-02-26T00:00:00.000,2024-02-28T00:00:00.000,"{'latitude': '34.04058', 'longitude': '-118.26853', 'human_address': '{""address"": """", ""city"": """", ""state"": """", ""zip"": """"}'}",V03,LA Convention Center (Halls 1-3),190.2,34.04058,-118.26853,LADBS Building and Safety Temporary Special Event (TSE) Permits,
244109000000622,Temporary Special Event,Commercial,1301,1301,S,FIGUEROA,ST,90015,Theatre Backwalls,South Hall,VIVE 2024,2024-02-26T00:00:00.000,2024-02-28T00:00:00.000,"{'latitude': '34.04058', 'longitude': '-118.26853', 'human_address': '{""address"": """", ""city"": """", ""state"": """", ""zip"": """"}'}",V03,LA Convention Center (Halls 1-3),190.2,34.04058,-118.26853,LADBS Building and Safety Temporary Special Event (TSE) Permits,
244109000000617,Temporary Special Event,Commercial,1301,1301,S,FIGUEROA,ST,90015,Entrance Unit,South Hall,VIVE 2024,2024-02-26T00:00:00.000,2024-02-28T00:00:00.000,"{'latitude': '34.04058', 'longitude': '-118.26853', 'human_address': '{""address"": """", ""city"": """", ""state"": """", ""zip"": """"}'}",V03,LA Convention Center (Halls 1-3),190.2,34.04058,-118.26853,LADBS Building and Safety Temporary Special Event (TSE) Permits,
234109000005790,Temporary Special Event,Commercial,1301,1301,S,FIGUEROA,ST,90015,Modular Video Wall,Booth 1402 Directly adjacent to entrance,CARE AI MODULAR VIDEO WALL DISPLAY,2024-02-25T00:00:00.000,2024-02-25T00:00:00.000,"{'latitude': '34.04058', 'longitude': '-118.26853', 'human_address': '{""address"": """", ""city"": """", ""state"": """", ""zip"": """"}'}",V03,LA Convention Center (Halls 1-3),190.2,34.04058,-118.26853,LADBS Building and Safety Temporary Special Event (TSE) Permits,
244109000001047,Temporary Special Event,Commercial,1301,1301,S,FIGUEROA,ST,90015,Review of stage,South Hall,VIVE CONFERENCE 2024,2024-02-25T00:00:00.000,2024-02-28T00:00:00.000,"{'latitude': '34.04058', 'longitude': '-118.26853', 'human_address': '{""address"": """", ""city"": """", ""state"": """", ""zip"": """"}'}",V03,LA Convention Center (Halls 1-3),190.2,34.04058,-118.26853,LADBS Building and Safety Temporary Special Event (TSE) Permits,
244109000001086,Temporary Special Event,Commercial,665,665,W,JEFFERSON,BLVD,90007,Temporary Tents  30x40  8pm-11pm  Kitchen tent  Bright Rentals,Royal St,SAG AWARDS,2024-02-24T00:00:00.000,2024-02-24T00:00:00.000,"{'latitude': '34.02302', 'longitude': '-118.28206', 'human_address': '{""address"": """", ""city"": """", ""state"": """", ""zip"": """"}'}",V07,Galen Center (USC),294.1,34.02302,-118.28206,LADBS Building and Safety Temporary Special Event (TSE) Permits,
244109000000857,Temporary Special Event,Commercial,665,665,W,JEFFERSON,BLVD,90007,"4'-6"" high platform",Shrine Expo Hall,SAG AWARDS,2024-02-24T00:00:00.000,2024-02-24T00:00:00.000,"{'latitude': '34.02302', 'longitude': '-118.28206', 'human_address': '{""address"": """", ""city"": """", ""state"": """", ""zip"": """"}'}",V07,Galen Center (USC),294.1,34.02302,-118.28206,LADBS Building and Safety Temporary Special Event (TSE) Permits,
244109000001082,Temporary Special Event,Commercial,3939,3939,S,FIGUEROA,ST,90037,Holliday Freedman Reception,Inspection at 8 am please,ROOFTOP TENT,2024-02-24T00:00:00.000,2024-02-24T00:00:00.000,"{'latitude': '34.01173', 'longitude': '-118.28296', 'human_address': '{""address"": """", ""city"": """", ""state"": """", ""zip"": """"}'}",V06,Exposition Park Stadium (BMO Stadium),192.4,34.01173,-118.28296,LADBS Building and Safety Temporary Special Event (TSE) Permits,
244109000000778,Temporary Special Event,Public Way,888,888,W,OLYMPIC,BLVD,90015,4' Stage,On Chick Hearn Ct,KINGS FAN FEST,2024-02-14T00:00:00.000,2024-02-14T00:00:00.000,"{'latitude': '34.04515', 'longitude': '-118.26577', 'human_address': '{""address"": """", ""city"": """", ""state"": """", ""zip"": """"}'}",V04,Peacock Theater,126.7,34.04515,-118.26577,LADBS Building and Safety Temporary Special Event (TSE) Permits,
234109000006582,Temporary Special Event,Commercial,1250,1250,N,CAPRI,DR,90272,"Temporary Structure  14th green Costal Suite and Double units , The Bl","14th Green , 10th Fairway , 10th green 2nd green 13th Green 14th Green",2024 GENESIS,2024-02-12T00:00:00.000,2024-02-18T00:00:00.000,"{'latitude': '34.05121', 'longitude': '-118.50122', 'human_address': '{""address"": """", ""city"": """", ""state"": """", ""zip"": """"}'}",V10,Riviera Country Club,494.0,34.05121,-118.50122,LADBS Building and Safety Temporary Special Event (TSE) Permits,
234109000006580,Temporary Special Event,Commercial,1250,1250,N,CAPRI,DR,90272,"Temporary Structures  18th Green -Backlot , 18th Green Bungalows , Gen","18th Green , 17th Green 14th Green 10th Fairway , 10th Green  2nd Green 13th",2024 GENEISI INVITATIONAL,2024-02-12T00:00:00.000,2024-02-18T00:00:00.000,"{'latitude': '34.05121', 'longitude': '-118.50122', 'human_address': '{""address"": """", ""city"": """", ""state"": """", ""zip"": """"}'}",V10,Riviera Country Club,494.0,34.05121,-118.50122,LADBS Building and Safety Temporary Special Event (TSE) Permits,
234109000006619,Temporary Special Event,Commercial,1250,1250,N,CAPRI,DR,90272,"Tents on the following 18th Green 11,900 17th Green 10,650 ,14th Green","18th Green , 17th Green  14th Green ,
13th Green 10th Fairway",GENESIS INVIT,2024-02-12T00:00:00.000,2024-02-16T00:00:00.000,"{'latitude': '34.05121', 'longitude': '-118.50122', 'human_address': '{""address"": """", ""city"": """", ""state"": """", ""zip"": """"}'}",V10,Riviera Country Club,494.0,34.05121,-118.50122,LADBS Building and Safety Temporary Special Event (TSE) Permits,
244109000000482,Temporary Special Event,Commercial,3911,3911,S,FIGUEROA,ST,90037,Temporary Tent  Bright Rentals  40x80  Install 1/31,Figueroa and Expo drive,NASCAR CLASH,2024-02-04T00:00:00.000,2024-02-04T00:00:00.000,"{'latitude': '34.01366', 'longitude': '-118.28294', 'human_address': '{""address"": """", ""city"": """", ""state"": """", ""zip"": """"}'}",V06,Exposition Park Stadium (BMO Stadium),180.4,34.01366,-118.28294,LADBS Building and Safety Temporary Special Event (TSE) Permits,
244109000000445,Temporary Special Event,Commercial,3911,3911,S,FIGUEROA,ST,90037,Temporary Tent  Gate 28 10x20  Lot 6 inform of the soccer stadium  2 2,Gate 28 and lot 6,NASCAR,2024-02-04T00:00:00.000,2024-02-04T00:00:00.000,"{'latitude': '34.01366', 'longitude': '-118.28294', 'human_address': '{""address"": """", ""city"": """", ""state"": """", ""zip"": """"}'}",V06,Exposition Park Stadium (BMO Stadium),180.4,34.01366,-118.28294,LADBS Building and Safety Temporary Special Event (TSE) Permits,
244109000000481,Temporary Special Event,Commercial,777,777,W,CHICK HEARN,CT,90015,Temporary Tents Pro em  20x140 20x30 20x20 and 20x25  located outside,Chick hearn and the entry into the convention center,GRAMMY'S,2024-02-04T00:00:00.000,2024-02-04T00:00:00.000,"{'latitude': '34.04406', 'longitude': '-118.26707', 'human_address': '{""address"": """", ""city"": """", ""state"": """", ""zip"": """"}'}",V04,Peacock Theater,51.4,34.04406,-118.26707,LADBS Building and Safety Temporary Special Event (TSE) Permits,
244109000000480,Temporary Special Event,Commercial,1111,1111,S,FIGUEROA,ST,90015,Temporary Tent  50x80 40x30 30x20 15x40 15x35 10x15 7x7  Bright rental,Upper deck of crypto arena,AEG GRAMMY'S,2024-02-04T00:00:00.000,2024-02-04T00:00:00.000,"{'latitude': '34.04338', 'longitude': '-118.26581', 'human_address': '{""address"": """", ""city"": """", ""state"": """", ""zip"": """"}'}",V02,DTLA Arena (Crypto.com Arena),131.8,34.04338,-118.26581,LADBS Building and Safety Temporary Special Event (TSE) Permits,
244109000000501,Temporary Special Event,Commercial,3911,3911,S,FIGUEROA,ST,90037,Temporary Structure and decking inside  the peristyle   LED Scaffold S,Coliseum Peristyle,NASCAR CLASH,2024-02-04T00:00:00.000,2024-02-04T00:00:00.000,"{'latitude': '34.01366', 'longitude': '-118.28294', 'human_address': '{""address"": """", ""city"": """", ""state"": """", ""zip"": """"}'}",V06,Exposition Park Stadium (BMO Stadium),180.4,34.01366,-118.28294,LADBS Building and Safety Temporary Special Event (TSE) Permits,
244109000000500,Temporary Special Event,Commercial,3911,3911,S,FIGUEROA,ST,90037,Temporary Decking in section 130 & 131 It  2 - 4 x 44 decks and  2- 8x,Section 130 & 131,NASCAR CLASH,2024-02-04T00:00:00.000,2024-02-04T00:00:00.000,"{'latitude': '34.01366', 'longitude': '-118.28294', 'human_address': '{""address"": """", ""city"": """", ""state"": """", ""zip"": """"}'}",V06,Exposition Park Stadium (BMO Stadium),180.4,34.01366,-118.28294,LADBS Building and Safety Temporary Special Event (TSE) Permits,
244109000000561,Temporary Special Event,Commercial,3911,3911,S,FIGUEROA,ST,90037,20x30 Festival tent will be built in the Disney space in Christmas tre,xMass Tree lane and peristyle,NASCAR CLASH,2024-02-03T00:00:00.000,2024-02-04T00:00:00.000,"{'latitude': '34.01366', 'longitude': '-118.28294', 'human_address': '{""address"": """", ""city"": """", ""state"": """", ""zip"": """"}'}",V06,Exposition Park Stadium (BMO Stadium),180.4,34.01366,-118.28294,LADBS Building and Safety Temporary Special Event (TSE) Permits,
244109000000517,Temporary Special Event,Commercial,,,,,,,"20x30 Tent, 24x24x4 stage",Dodger Stadium Lot G,DODGERFEST,2024-02-03T00:00:00.000,2024-02-03T00:00:00.000,,V01,Dodger Stadium,,,,LADBS Building and Safety Temporary Special Event (TSE) Permits,
244109000000296,Temporary Special Event,Commercial,1301,1301,S,FIGUEROA,ST,90015,Wet Stamp & Structure Review,West Hall B @ 1301 S Figueora St.,2024 MUSICARES,2024-02-02T00:00:00.000,2024-02-02T00:00:00.000,"{'latitude': '34.04058', 'longitude': '-118.26853', 'human_address': '{""address"": """", ""city"": """", ""state"": """", ""zip"": """"}'}",V03,LA Convention Center (Halls 1-3),190.2,34.04058,-118.26853,LADBS Building and Safety Temporary Special Event (TSE) Permits,
244109000000505,Temporary Special Event,Commercial,3939,3939,S,FIGUEROA,ST,90037,STAGE IN FANFEST AREA ON CHRISTMAS TREE LANE,STAGE ON GRASS ON CHRISTMAS TREE LANE IN FANFEST,NASCAR THE CLASH FANFEST,2024-02-02T00:00:00.000,2024-02-04T00:00:00.000,"{'latitude': '34.01173', 'longitude': '-118.28296', 'human_address': '{""address"": """", ""city"": """", ""state"": """", ""zip"": """"}'}",V06,Exposition Park Stadium (BMO Stadium),192.4,34.01173,-118.28296,LADBS Building and Safety Temporary Special Event (TSE) Permits,
244109000000431,Temporary Special Event,Public Way,800,800,W,OLYMPIC,BLVD,90015,Stage extension: 96' sqft,"The Novo, LA Live",BAILEY ZIMMERMAN,2024-02-01T00:00:00.000,2024-02-01T00:00:00.000,"{'latitude': '34.04484', 'longitude': '-118.26453', 'human_address': '{""address"": """", ""city"": """", ""state"": """", ""zip"": """"}'}",V04,Peacock Theater,221.6,34.04484,-118.26453,LADBS Building and Safety Temporary Special Event (TSE) Permits,
244109000000299,Temporary Special Event,Commercial,1301,1301,S,FIGUEROA,ST,90015,Climbing Wall - 14' ft. high,"LA Convention Center - South Hall - Booth ""H"" - onsite Contact Marc Missioreck",THE FIT EXPO LA 2024,2024-01-21T00:00:00.000,2024-01-21T00:00:00.000,"{'latitude': '34.04058', 'longitude': '-118.26853', 'human_address': '{""address"": """", ""city"": """", ""state"": """", ""zip"": """"}'}",V03,LA Convention Center (Halls 1-3),190.2,34.04058,-118.26853,LADBS Building and Safety Temporary Special Event (TSE) Permits,
244109000000293,Temporary Special Event,Commercial,1301,1301,S,FIGUEROA,ST,90015,Container Structure,Los Angeles Convention Center South Hall,BUCKED UP LAFIT EXPO TRADESHOW BOOTH,2024-01-21T00:00:00.000,2024-01-21T00:00:00.000,"{'latitude': '34.04058', 'longitude': '-118.26853', 'human_address': '{""address"": """", ""city"": """", ""state"": """", ""zip"": """"}'}",V03,LA Convention Center (Halls 1-3),190.2,34.04058,-118.26853,LADBS Building and Safety Temporary Special Event (TSE) Permits,
244109000000298,Temporary Special Event,Commercial,1301,1301,S,FIGUEROA,ST,90015,Climbing Wall - Location - H -,Canine Stars - Ground Support Truss 14' ft. high - Att: Marc Missireck,THE FIT EXPO LA 2024,2024-01-21T00:00:00.000,2024-01-21T00:00:00.000,"{'latitude': '34.04058', 'longitude': '-118.26853', 'human_address': '{""address"": """", ""city"": """", ""state"": """", ""zip"": """"}'}",V03,LA Convention Center (Halls 1-3),190.2,34.04058,-118.26853,LADBS Building and Safety Temporary Special Event (TSE) Permits,
244109000000126,Temporary Special Event,Commercial,777,777,W,CHICK HEARN,CT,90015,Temporary Tent for E red carpet  1/15  30x30 Town & Country,Chick Hearn Crt,E ENTERTAINMENT,2024-01-15T00:00:00.000,2024-01-15T00:00:00.000,"{'latitude': '34.04406', 'longitude': '-118.26707', 'human_address': '{""address"": """", ""city"": """", ""state"": """", ""zip"": """"}'}",V04,Peacock Theater,51.4,34.04406,-118.26707,LADBS Building and Safety Temporary Special Event (TSE) Permits,
244109000000127,Temporary Special Event,Commercial,777,777,W,CHICK HEARN,CT,90015,Temporary Tent  20x40 kitchen tent  Bright Rentals,Loading Dock Hall B,EMMY KITCHEN,2024-01-15T00:00:00.000,2024-01-15T00:00:00.000,"{'latitude': '34.04406', 'longitude': '-118.26707', 'human_address': '{""address"": """", ""city"": """", ""state"": """", ""zip"": """"}'}",V04,Peacock Theater,51.4,34.04406,-118.26707,LADBS Building and Safety Temporary Special Event (TSE) Permits,
244109000000105,Temporary Special Event,Commercial,777,777,W,CHICK HEARN,CT,90015,Temporary Tents  85x210 1 12m x30 3 20x30 1 30x60 1 12x50 1 20x120  Br,Peacock Plaza,EMMY'S,2024-01-15T00:00:00.000,2024-01-15T00:00:00.000,"{'latitude': '34.04406', 'longitude': '-118.26707', 'human_address': '{""address"": """", ""city"": """", ""state"": """", ""zip"": """"}'}",V04,Peacock Theater,51.4,34.04406,-118.26707,LADBS Building and Safety Temporary Special Event (TSE) Permits,
244109000000150,Temporary Special Event,1 or 2 Family Dwelling,653,653,W,28TH,ST,90007,Temporary  tent  20x50  Town & Country,Back of House,KAPPA ALPHA THETA,2024-01-12T00:00:00.000,2024-01-14T00:00:00.000,"{'latitude': '34.02696', 'longitude': '-118.27903', 'human_address': '{""address"": """", ""city"": """", ""state"": """", ""zip"": """"}'}",V07,Galen Center (USC),668.7,34.02696,-118.27903,LADBS Building and Safety Temporary Special Event (TSE) Permits,
244109000000120,Temporary Special Event,Commercial,3939,3939,S,FIGUEROA,ST,90037,Security Job Fair,,ROOFTOP TENT,2024-01-12T00:00:00.000,2024-01-13T00:00:00.000,"{'latitude': '34.01173', 'longitude': '-118.28296', 'human_address': '{""address"": """", ""city"": """", ""state"": """", ""zip"": """"}'}",V06,Exposition Park Stadium (BMO Stadium),192.4,34.01173,-118.28296,LADBS Building and Safety Temporary Special Event (TSE) Permits,
234109000006819,Temporary Special Event,Commercial,939,939,S,FIGUEROA,ST,90015,Partial Poll Scaffolding  46'x12 Accurate Staging  Temporary Tents  40,Pool area,NIGHT SWIM,2024-01-03T00:00:00.000,2024-01-03T00:00:00.000,"{'latitude': '34.04538', 'longitude': '-118.26389', 'human_address': '{""address"": """", ""city"": """", ""state"": """", ""zip"": """"}'}",V04,Peacock Theater,294.1,34.04538,-118.26389,LADBS Building and Safety Temporary Special Event (TSE) Permits,
234109000006646,Temporary Special Event,Commercial,777,777,W,CHICK HEARN,CT,90015,Temporary Tents for production  bright rentals   2 10x27 & 2 18x27,Peacock Plaza,ICE RINK,2023-12-24T00:00:00.000,2023-12-30T00:00:00.000,"{'latitude': '34.04406', 'longitude': '-118.26707', 'human_address': '{""address"": """", ""city"": """", ""state"": """", ""zip"": """"}'}",V04,Peacock Theater,51.4,34.04406,-118.26707,LADBS Building and Safety Temporary Special Event (TSE) Permits,
234109000006532,Temporary Special Event,Commercial,5333,5333,W,ZOO,DR,90027,Continuation of Permit 23410-90000-04628 for L.A. Zoo Lights through 1,,ZOO LIGHTS,2023-12-18T00:00:00.000,2023-12-18T00:00:00.000,"{'latitude': '34.14867', 'longitude': '-118.28623', 'human_address': '{""address"": """", ""city"": """", ""state"": """", ""zip"": """"}'}",V08,LA Zoo,99.7,34.14867,-118.28623,LADBS Building and Safety Temporary Special Event (TSE) Permits,
234109000006507,Temporary Special Event,Commercial,777,777,W,CHICK HEARN,CT,90015,Temporary Tents  2 10x27  2 18x27  production tents  Bright Rentals,Plaza,ICE RINK,2023-12-17T00:00:00.000,2023-12-23T00:00:00.000,"{'latitude': '34.04406', 'longitude': '-118.26707', 'human_address': '{""address"": """", ""city"": """", ""state"": """", ""zip"": """"}'}",V04,Peacock Theater,51.4,34.04406,-118.26707,LADBS Building and Safety Temporary Special Event (TSE) Permits,
234109000006533,Temporary Special Event,Vacant Land,3911,3911,S,FIGUEROA,ST,90037,"Entry Truss, Truss structures","South Lawn - East, Memorial Coliseum",MEXTOUR FAN FEST,2023-12-17T00:00:00.000,2023-12-17T00:00:00.000,"{'latitude': '34.01366', 'longitude': '-118.28294', 'human_address': '{""address"": """", ""city"": """", ""state"": """", ""zip"": """"}'}",V06,Exposition Park Stadium (BMO Stadium),180.4,34.01366,-118.28294,LADBS Building and Safety Temporary Special Event (TSE) Permits,
234109000006359,Temporary Special Event,Commercial,665,665,W,JEFFERSON,BLVD,90007,Pre-event tent for refreshments and socializing. Five light towers (20,Royal St. in front of Shrine Auditorium,NEW YEARS 2023/24,2023-12-16T00:00:00.000,2023-12-16T00:00:00.000,"{'latitude': '34.02302', 'longitude': '-118.28206', 'human_address': '{""address"": """", ""city"": """", ""state"": """", ""zip"": """"}'}",V07,Galen Center (USC),294.1,34.02302,-118.28206,LADBS Building and Safety Temporary Special Event (TSE) Permits,
234109000006448,Temporary Special Event,Commercial,3911,3911,S,FIGUEROA,ST,90037,"Temporary Tents  15x30 Tunnel , West end 10x30 gate 28 10x20, Gate 4 2","West end camera . Tunnel , Gate 28 gate 18 gate 4",MLS SOCCER,2023-12-16T00:00:00.000,2023-12-16T00:00:00.000,"{'latitude': '34.01366', 'longitude': '-118.28294', 'human_address': '{""address"": """", ""city"": """", ""state"": """", ""zip"": """"}'}",V06,Exposition Park Stadium (BMO Stadium),180.4,34.01366,-118.28294,LADBS Building and Safety Temporary Special Event (TSE) Permits,
234109000006305,Temporary Special Event,Commercial,3911,3911,S,FIGUEROA,ST,90037,"Stage for Special Event.  Inspection requested for Thursday, December",Event happening at The Torch at LA Coliseum.,EMO NITE,2023-12-15T00:00:00.000,2023-12-15T00:00:00.000,"{'latitude': '34.01366', 'longitude': '-118.28294', 'human_address': '{""address"": """", ""city"": """", ""state"": """", ""zip"": """"}'}",V06,Exposition Park Stadium (BMO Stadium),180.4,34.01366,-118.28294,LADBS Building and Safety Temporary Special Event (TSE) Permits,
234109000006324,Temporary Special Event,Commercial,3911,3911,S,FIGUEROA,ST,90037,24'x12'x4' stage for VIP attendees near the Center Arch,Event will be held at The Torch (Peristyle area on the East end of the stadium),MEXTOUR LIVE 2023,2023-12-14T00:00:00.000,2023-12-14T00:00:00.000,"{'latitude': '34.01366', 'longitude': '-118.28294', 'human_address': '{""address"": """", ""city"": """", ""state"": """", ""zip"": """"}'}",V06,Exposition Park Stadium (BMO Stadium),180.4,34.01366,-118.28294,LADBS Building and Safety Temporary Special Event (TSE) Permits,
234109000006283,Temporary Special Event,Commercial,3939,3939,S,FIGUEROA,ST,90037,USWNT Premiere,,ROOFTOP TENT,2023-12-11T00:00:00.000,2023-12-11T00:00:00.000,"{'latitude': '34.01173', 'longitude': '-118.28296', 'human_address': '{""address"": """", ""city"": """", ""state"": """", ""zip"": """"}'}",V06,Exposition Park Stadium (BMO Stadium),192.4,34.01173,-118.28296,LADBS Building and Safety Temporary Special Event (TSE) Permits,
234109000006145,Temporary Special Event,Commercial,649,649,W,JEFFERSON,BLVD,90007,Concert in Expo Hall,Shrine Expo Hall,HEILUNG,2023-12-11T00:00:00.000,2023-12-12T00:00:00.000,"{'latitude': '34.02274', 'longitude': '-118.28142', 'human_address': '{""address"": """", ""city"": """", ""state"": """", ""zip"": """"}'}",V07,Galen Center (USC),233.6,34.02274,-118.28142,LADBS Building and Safety Temporary Special Event (TSE) Permits,
234109000006292,Temporary Special Event,Commercial,777,777,W,CHICK HEARN,CT,90015,Temporary Tents  2 10x27 & 2 18x27  Bright rentals,Plaza,ICE RINK,2023-12-10T00:00:00.000,2023-12-16T00:00:00.000,"{'latitude': '34.04406', 'longitude': '-118.26707', 'human_address': '{""address"": """", ""city"": """", ""state"": """", ""zip"": """"}'}",V04,Peacock Theater,51.4,34.04406,-118.26707,LADBS Building and Safety Temporary Special Event (TSE) Permits,
234109000006289,Temporary Special Event,Commercial,665,665,W,JEFFERSON,BLVD,90007,Temporary Tent  30x60  12/09 1pm-4pm inspection 12/08 4pm  Bright rent,Royal St,BLOCK PARTY,2023-12-09T00:00:00.000,2023-12-09T00:00:00.000,"{'latitude': '34.02302', 'longitude': '-118.28206', 'human_address': '{""address"": """", ""city"": """", ""state"": """", ""zip"": """"}'}",V07,Galen Center (USC),294.1,34.02302,-118.28206,LADBS Building and Safety Temporary Special Event (TSE) Permits,
234109000004528,Temporary Special Event,Commercial,1301,1301,S,FIGUEROA,ST,90015,structural engineering,Back of Kentia Hall,SKI DAZZLE,2023-12-08T00:00:00.000,2023-12-10T00:00:00.000,"{'latitude': '34.04058', 'longitude': '-118.26853', 'human_address': '{""address"": """", ""city"": """", ""state"": """", ""zip"": """"}'}",V03,LA Convention Center (Halls 1-3),190.2,34.04058,-118.26853,LADBS Building and Safety Temporary Special Event (TSE) Permits,
234109000006197,Temporary Special Event,Commercial,777,777,W,CHICK HEARN,CT,90015,Temporary Tents 2 10x27 & 2 18x27  Bright rentals,Plaza,ICE RINK,2023-12-03T00:00:00.000,2023-12-09T00:00:00.000,"{'latitude': '34.04406', 'longitude': '-118.26707', 'human_address': '{""address"": """", ""city"": """", ""state"": """", ""zip"": """"}'}",V04,Peacock Theater,51.4,34.04406,-118.26707,LADBS Building and Safety Temporary Special Event (TSE) Permits,
234109000006036,Temporary Special Event,Commercial,1000,1000,W,VIN SCULLY,AVE,90012,Temporary Mobile Stage  2- SL 575   Stage 1 & 2   2 SL320  Stage 3 & 4,Dodger stadium grounds,B�SAME MUCHO,2023-12-02T00:00:00.000,2023-12-02T00:00:00.000,,V01,Dodger Stadium,,,,LADBS Building and Safety Temporary Special Event (TSE) Permits,
234109000006115,Temporary Special Event,Commercial,919,919,S,ALBANY,ST,90015,50x100 tent  Signature party rentals   12/01 540 Guest awards and swea,Grass area.,AWARDS CEREMONY,2023-12-01T00:00:00.000,2023-12-01T00:00:00.000,"{'latitude': '34.04913', 'longitude': '-118.27045', 'human_address': '{""address"": """", ""city"": """", ""state"": """", ""zip"": """"}'}",V04,Peacock Theater,609.9,34.04913,-118.27045,LADBS Building and Safety Temporary Special Event (TSE) Permits,
234109000006152,Temporary Special Event,Commercial,3911,3911,S,FIGUEROA,ST,90037,Temporary Structure  33'x82' and 10'x39  shelter structure of America,Gate 19,BOOK STORE,2023-12-01T00:00:00.000,2023-12-05T00:00:00.000,"{'latitude': '34.01366', 'longitude': '-118.28294', 'human_address': '{""address"": """", ""city"": """", ""state"": """", ""zip"": """"}'}",V06,Exposition Park Stadium (BMO Stadium),180.4,34.01366,-118.28294,LADBS Building and Safety Temporary Special Event (TSE) Permits,
234109000006144,Temporary Special Event,Commercial,649,649,W,JEFFERSON,BLVD,90007,Concert in Expo Hall,Concert in Expo Hall,CLOZEE|DILLONFRANCIS,2023-12-01T00:00:00.000,2023-12-03T00:00:00.000,"{'latitude': '34.02274', 'longitude': '-118.28142', 'human_address': '{""address"": """", ""city"": """", ""state"": """", ""zip"": """"}'}",V07,Galen Center (USC),233.6,34.02274,-118.28142,LADBS Building and Safety Temporary Special Event (TSE) Permits,
234109000006141,Temporary Special Event,Commercial,665,665,W,JEFFERSON,BLVD,90007,60' wide x 40' deep @ 5' rolling locking stage,inside shrine auditorium,CLOZEE 12-1-23,2023-12-01T00:00:00.000,2023-12-01T00:00:00.000,"{'latitude': '34.02302', 'longitude': '-118.28206', 'human_address': '{""address"": """", ""city"": """", ""state"": """", ""zip"": """"}'}",V07,Galen Center (USC),294.1,34.02302,-118.28206,LADBS Building and Safety Temporary Special Event (TSE) Permits,
234109000006026,Temporary Special Event,Commercial,1301,1301,S,FIGUEROA,ST,90015,NA,Lexus Booth in the South Hall,LA AUTO SHOW,2023-11-22T00:00:00.000,2023-11-27T00:00:00.000,"{'latitude': '34.04058', 'longitude': '-118.26853', 'human_address': '{""address"": """", ""city"": """", ""state"": """", ""zip"": """"}'}",V03,LA Convention Center (Halls 1-3),190.2,34.04058,-118.26853,LADBS Building and Safety Temporary Special Event (TSE) Permits,
234109000005865,Temporary Special Event,Commercial,665,665,W,JEFFERSON,BLVD,90007,"60' wide x 40' deep @ 5' rolling locking stage, this same stage is up",actually for a 2pm inspection just need the weekend rate added,ISOXO 11-18-23,2023-11-18T00:00:00.000,2023-11-21T00:00:00.000,"{'latitude': '34.02302', 'longitude': '-118.28206', 'human_address': '{""address"": """", ""city"": """", ""state"": """", ""zip"": """"}'}",V07,Galen Center (USC),294.1,34.02302,-118.28206,LADBS Building and Safety Temporary Special Event (TSE) Permits,
234109000005974,Temporary Special Event,Commercial,3551,3551,S,TROUSDALE,PKWY,90089,Temporary Tents for tailgate  30x80 20x60 2 10x20 1 8x42 1 8x12 1 15x5,Founders park,ASSOCIATES PARK,2023-11-18T00:00:00.000,2023-11-18T00:00:00.000,"{'latitude': '34.02066', 'longitude': '-118.28531', 'human_address': '{""address"": """", ""city"": """", ""state"": """", ""zip"": """"}'}",V07,Galen Center (USC),490.8,34.02066,-118.28531,LADBS Building and Safety Temporary Special Event (TSE) Permits,
234109000005952,Temporary Special Event,Commercial,900,900,W,EXPOSITION,BLVD,90037,Temporary Tent  50x100 tent  tailgate.  Town & Country,Park,TAILGATE,2023-11-18T00:00:00.000,2023-11-18T00:00:00.000,"{'latitude': '34.01803', 'longitude': '-118.2884', 'human_address': '{""address"": """", ""city"": """", ""state"": """", ""zip"": """"}'}",V05,LA Memorial Coliseum,439.4,34.01803,-118.2884,LADBS Building and Safety Temporary Special Event (TSE) Permits,
234109000005904,Temporary Special Event,Commercial,3911,3911,S,FIGUEROA,ST,90037,Temporary Tent  15x30  Town & country,media tunnel tent,TUNNEL TENT,2023-11-18T00:00:00.000,2023-11-24T00:00:00.000,"{'latitude': '34.01366', 'longitude': '-118.28294', 'human_address': '{""address"": """", ""city"": """", ""state"": """", ""zip"": """"}'}",V06,Exposition Park Stadium (BMO Stadium),180.4,34.01366,-118.28294,LADBS Building and Safety Temporary Special Event (TSE) Permits,
234109000005902,Temporary Special Event,Commercial,3911,3911,S,FIGUEROA,ST,90037,Temporary Tent  10x10 10x20 20x20 3-10x10 10x20  8:30am -12:30pm,Xmass Tree,VIP TAILGATE,2023-11-18T00:00:00.000,2023-11-18T00:00:00.000,"{'latitude': '34.01366', 'longitude': '-118.28294', 'human_address': '{""address"": """", ""city"": """", ""state"": """", ""zip"": """"}'}",V06,Exposition Park Stadium (BMO Stadium),180.4,34.01366,-118.28294,LADBS Building and Safety Temporary Special Event (TSE) Permits,
234109000005924,Temporary Special Event,Commercial,900,900,W,EXPOSITION,BLVD,90037,Temporary Tent  2 15x30 1- 20x30 10x30 9 10x10 3 10x20 3 10x20  20x20,South Lawn,USC/ UCLA,2023-11-18T00:00:00.000,2023-11-18T00:00:00.000,"{'latitude': '34.01803', 'longitude': '-118.2884', 'human_address': '{""address"": """", ""city"": """", ""state"": """", ""zip"": """"}'}",V05,LA Memorial Coliseum,439.4,34.01803,-118.2884,LADBS Building and Safety Temporary Special Event (TSE) Permits,
234109000005882,Temporary Special Event,Commercial,649,649,W,JEFFERSON,BLVD,90007,Concert in Expo Hall,Shrine Expo Hall,ISOXO KNOCK2,2023-11-18T00:00:00.000,2023-11-24T00:00:00.000,"{'latitude': '34.02274', 'longitude': '-118.28142', 'human_address': '{""address"": """", ""city"": """", ""state"": """", ""zip"": """"}'}",V07,Galen Center (USC),233.6,34.02274,-118.28142,LADBS Building and Safety Temporary Special Event (TSE) Permits,
234109000005900,Temporary Special Event,Commercial,3911,3911,S,FIGUEROA,ST,90037,Temporary Tents  3 10x10 2 10x15 10x20 10x30 20x30 20x40 30x50  2-20x5,"Gate 1 ,Gate 28 , victory walk, gate 18 , Tunnel",USC PRODUCTION,2023-11-18T00:00:00.000,2023-11-18T00:00:00.000,"{'latitude': '34.01366', 'longitude': '-118.28294', 'human_address': '{""address"": """", ""city"": """", ""state"": """", ""zip"": """"}'}",V06,Exposition Park Stadium (BMO Stadium),180.4,34.01366,-118.28294,LADBS Building and Safety Temporary Special Event (TSE) Permits,
234109000005078,Temporary Special Event,Commercial,1301,1301,S,FIGUEROA,ST,90015,Certification of structures over 12' tall. No live loads.,,LEXUS LAAUTOSHOW2023,2023-11-17T00:00:00.000,2023-11-23T00:00:00.000,"{'latitude': '34.04058', 'longitude': '-118.26853', 'human_address': '{""address"": """", ""city"": """", ""state"": """", ""zip"": """"}'}",V03,LA Convention Center (Halls 1-3),190.2,34.04058,-118.26853,LADBS Building and Safety Temporary Special Event (TSE) Permits,
234109000004880,Temporary Special Event,Commercial,1301,1301,S,FIGUEROA,ST,90015,Engineering stamps (6201050485),LA Convention center west hall,AUTO SHOW,2023-11-17T00:00:00.000,2023-11-21T00:00:00.000,"{'latitude': '34.04058', 'longitude': '-118.26853', 'human_address': '{""address"": """", ""city"": """", ""state"": """", ""zip"": """"}'}",V03,LA Convention Center (Halls 1-3),190.2,34.04058,-118.26853,LADBS Building and Safety Temporary Special Event (TSE) Permits,
234109000004930,Temporary Special Event,Commercial,1301,1301,S,FIGUEROA,ST,90015,Auto Show exhibit,South Hall Lobby (Atrium),LOS ANGELES AUTO SHOW,2023-11-16T00:00:00.000,2023-11-22T00:00:00.000,"{'latitude': '34.04058', 'longitude': '-118.26853', 'human_address': '{""address"": """", ""city"": """", ""state"": """", ""zip"": """"}'}",V03,LA Convention Center (Halls 1-3),190.2,34.04058,-118.26853,LADBS Building and Safety Temporary Special Event (TSE) Permits,
234109000005375,Temporary Special Event,Commercial,1301,1301,S,FIGUEROA,ST,90015,Structural Review of over 12' high structure,,AUTO SHOW,2023-11-16T00:00:00.000,2023-11-22T00:00:00.000,"{'latitude': '34.04058', 'longitude': '-118.26853', 'human_address': '{""address"": """", ""city"": """", ""state"": """", ""zip"": """"}'}",V03,LA Convention Center (Halls 1-3),190.2,34.04058,-118.26853,LADBS Building and Safety Temporary Special Event (TSE) Permits,
234109000004929,Temporary Special Event,Commercial,1301,1301,S,FIGUEROA,ST,90015,Auto Show Exhibit,South Hall,LOS ANGELES AUTO SHOW GENESIS,2023-11-16T00:00:00.000,2023-11-22T00:00:00.000,"{'latitude': '34.04058', 'longitude': '-118.26853', 'human_address': '{""address"": """", ""city"": """", ""state"": """", ""zip"": """"}'}",V03,LA Convention Center (Halls 1-3),190.2,34.04058,-118.26853,LADBS Building and Safety Temporary Special Event (TSE) Permits,
234109000005913,Temporary Special Event,Commercial,3551,3551,S,TROUSDALE,PKWY,90089,We will have a stage for the rally/concert portion of the event.  Ther,We will be spread out on McCarthy Quad on 11/16.,CONQUEST 2023,2023-11-16T00:00:00.000,2023-11-16T00:00:00.000,"{'latitude': '34.02066', 'longitude': '-118.28531', 'human_address': '{""address"": """", ""city"": """", ""state"": """", ""zip"": """"}'}",V07,Galen Center (USC),490.8,34.02066,-118.28531,LADBS Building and Safety Temporary Special Event (TSE) Permits,
234109000004628,Temporary Special Event,Commercial,5333,5333,W,ZOO,DR,90027,Zoo Lights lantern structures,Los Angeles Zoo,ZOO LIGHTS,2023-11-16T00:00:00.000,2023-11-20T00:00:00.000,"{'latitude': '34.14867', 'longitude': '-118.28623', 'human_address': '{""address"": """", ""city"": """", ""state"": """", ""zip"": """"}'}",V08,LA Zoo,99.7,34.14867,-118.28623,LADBS Building and Safety Temporary Special Event (TSE) Permits,
234109000004699,Temporary Special Event,Commercial,1301,1301,S,FIGUEROA,ST,90015,Licensed Engineer,South Hall of LA Convention Center. Event End Date is 11/26/2023.,LA AUTO SHOW NISSAN BOOTH,2023-11-16T00:00:00.000,2023-11-20T00:00:00.000,"{'latitude': '34.04058', 'longitude': '-118.26853', 'human_address': '{""address"": """", ""city"": """", ""state"": """", ""zip"": """"}'}",V03,LA Convention Center (Halls 1-3),190.2,34.04058,-118.26853,LADBS Building and Safety Temporary Special Event (TSE) Permits,
234109000004882,Temporary Special Event,Commercial,1301,1301,S,FIGUEROA,ST,90015,VW Floor Plan,LA Convention Center,VOLKSWAGEN - SOUTH HALL BOOTH 326,2023-11-16T00:00:00.000,2023-11-20T00:00:00.000,"{'latitude': '34.04058', 'longitude': '-118.26853', 'human_address': '{""address"": """", ""city"": """", ""state"": """", ""zip"": """"}'}",V03,LA Convention Center (Halls 1-3),190.2,34.04058,-118.26853,LADBS Building and Safety Temporary Special Event (TSE) Permits,
234109000005160,Temporary Special Event,Commercial,1301,1301,S,FIGUEROA,ST,90015,stamped engineering plans,LOS ANGELES CONVENTION CENTER,SUBARU MAIN BOOTH,2023-11-16T00:00:00.000,2023-11-22T00:00:00.000,"{'latitude': '34.04058', 'longitude': '-118.26853', 'human_address': '{""address"": """", ""city"": """", ""state"": """", ""zip"": """"}'}",V03,LA Convention Center (Halls 1-3),190.2,34.04058,-118.26853,LADBS Building and Safety Temporary Special Event (TSE) Permits,
234109000004927,Temporary Special Event,Commercial,1301,1301,S,FIGUEROA,ST,90015,Licensed Structural Engineer,,LOS ANGELES AUTO SHOW  HYUNDAI BOOTH,2023-11-16T00:00:00.000,2023-11-22T00:00:00.000,"{'latitude': '34.04058', 'longitude': '-118.26853', 'human_address': '{""address"": """", ""city"": """", ""state"": """", ""zip"": """"}'}",V03,LA Convention Center (Halls 1-3),190.2,34.04058,-118.26853,LADBS Building and Safety Temporary Special Event (TSE) Permits,
234109000005863,Temporary Special Event,Commercial,3939,3939,S,FIGUEROA,ST,90037,"Queen Stage, FOH and spotlight platforms",We can inspect any time after 8am on 11.11!,QUEEN CONCERT,2023-11-12T00:00:00.000,2023-11-12T00:00:00.000,"{'latitude': '34.01173', 'longitude': '-118.28296', 'human_address': '{""address"": """", ""city"": """", ""state"": """", ""zip"": """"}'}",V06,Exposition Park Stadium (BMO Stadium),192.4,34.01173,-118.28296,LADBS Building and Safety Temporary Special Event (TSE) Permits,
234109000005834,Temporary Special Event,Commercial,3939,3939,S,FIGUEROA,ST,90037,Stage for Queen Concert,Stage for Queen Concert,QUEEN CONCERT,2023-11-11T00:00:00.000,2023-11-12T00:00:00.000,"{'latitude': '34.01173', 'longitude': '-118.28296', 'human_address': '{""address"": """", ""city"": """", ""state"": """", ""zip"": """"}'}",V06,Exposition Park Stadium (BMO Stadium),192.4,34.01173,-118.28296,LADBS Building and Safety Temporary Special Event (TSE) Permits,
234109000005162,Temporary Special Event,Commercial,1000,1000,W,VIN SCULLY,AVE,90012,Two-day music festival and carnival held in the parking lots of Dodger,Parking lots surrounding Dodger Stadium,CAMP FLOG GNAW,2023-11-11T00:00:00.000,2023-11-12T00:00:00.000,,V01,Dodger Stadium,,,,LADBS Building and Safety Temporary Special Event (TSE) Permits,
234109000005827,Temporary Special Event,Commercial,3911,3911,S,FIGUEROA,ST,90037,Temporart tent  on field  30x148  shelter structure,On Field,INFIELD,2023-11-11T00:00:00.000,2023-11-17T00:00:00.000,"{'latitude': '34.01366', 'longitude': '-118.28294', 'human_address': '{""address"": """", ""city"": """", ""state"": """", ""zip"": """"}'}",V06,Exposition Park Stadium (BMO Stadium),180.4,34.01366,-118.28294,LADBS Building and Safety Temporary Special Event (TSE) Permits,
234109000005828,Temporary Special Event,Commercial,3911,3911,S,FIGUEROA,ST,90037,Temporary Tent  gate 19  33'x82 & 10'x39'  Shelter structure of Americ,Gate 19,BOOK STORE,2023-11-11T00:00:00.000,2023-11-17T00:00:00.000,"{'latitude': '34.01366', 'longitude': '-118.28294', 'human_address': '{""address"": """", ""city"": """", ""state"": """", ""zip"": """"}'}",V06,Exposition Park Stadium (BMO Stadium),180.4,34.01366,-118.28294,LADBS Building and Safety Temporary Special Event (TSE) Permits,
234109000005829,Temporary Special Event,Commercial,3911,3911,S,FIGUEROA,ST,90037,Tunnel tent  15x30  Town & Country,Tunnel tent,TUNNEL TENT,2023-11-11T00:00:00.000,2023-11-17T00:00:00.000,"{'latitude': '34.01366', 'longitude': '-118.28294', 'human_address': '{""address"": """", ""city"": """", ""state"": """", ""zip"": """"}'}",V06,Exposition Park Stadium (BMO Stadium),180.4,34.01366,-118.28294,LADBS Building and Safety Temporary Special Event (TSE) Permits,
234109000005846,Temporary Special Event,Commercial,665,665,W,JEFFERSON,BLVD,90007,60' wide x 40' deep @ 5' rolling locking stage,actually 2pm.. need weekend charge,ERIC NAM 11-11-23,2023-11-11T00:00:00.000,2023-11-11T00:00:00.000,"{'latitude': '34.02302', 'longitude': '-118.28206', 'human_address': '{""address"": """", ""city"": """", ""state"": """", ""zip"": """"}'}",V07,Galen Center (USC),294.1,34.02302,-118.28206,LADBS Building and Safety Temporary Special Event (TSE) Permits,
234109000005795,Temporary Special Event,Commercial,700,700,W,32ND,ST,90007,Concert in Expo Hall,Shrine Expo Hall,SIDEPIECE/ERICNAM,2023-11-10T00:00:00.000,2023-11-11T00:00:00.000,"{'latitude': '34.0242', 'longitude': '-118.28089', 'human_address': '{""address"": """", ""city"": """", ""state"": """", ""zip"": """"}'}",V07,Galen Center (USC),365.2,34.0242,-118.28089,LADBS Building and Safety Temporary Special Event (TSE) Permits,
234109000005604,Temporary Special Event,Commercial,900,900,W,EXPOSITION,BLVD,90037,Temporary Tents  2 15x30 1 20x30  tailgating  town & Country,South lawn exposition park,SOUTH LAWN TAIL GATE,2023-11-04T00:00:00.000,2023-11-04T00:00:00.000,"{'latitude': '34.01803', 'longitude': '-118.2884', 'human_address': '{""address"": """", ""city"": """", ""state"": """", ""zip"": """"}'}",V05,LA Memorial Coliseum,439.4,34.01803,-118.2884,LADBS Building and Safety Temporary Special Event (TSE) Permits,
234109000005645,Temporary Special Event,Commercial,3551,3551,S,TROUSDALE,PKWY,90089,Temporary Tents  20x25 5 15x30 10x30 10x10 20x45 15x20  600 guest 12:3,Alumni Park,REDONDO BEACH FIRE,2023-11-04T00:00:00.000,2023-11-04T00:00:00.000,"{'latitude': '34.02066', 'longitude': '-118.28531', 'human_address': '{""address"": """", ""city"": """", ""state"": """", ""zip"": """"}'}",V07,Galen Center (USC),490.8,34.02066,-118.28531,LADBS Building and Safety Temporary Special Event (TSE) Permits,
234109000005694,Temporary Special Event,Commercial,3911,3911,S,FIGUEROA,ST,90037,Stage 6'x 8' x5'-6' high  On the peristyle roof top  Town & Country,Peristyle deck,USC/WA,2023-11-04T00:00:00.000,2023-11-04T00:00:00.000,"{'latitude': '34.01366', 'longitude': '-118.28294', 'human_address': '{""address"": """", ""city"": """", ""state"": """", ""zip"": """"}'}",V06,Exposition Park Stadium (BMO Stadium),180.4,34.01366,-118.28294,LADBS Building and Safety Temporary Special Event (TSE) Permits,
234109000005613,Temporary Special Event,Commercial,3616,3616,S,TROUSDALE,PKWY,90089,Temporary Tents 2 10x15 10x10 10x25  300 Guest 12pm -,Hancock Lawn,HOMECOING,2023-11-04T00:00:00.000,2023-11-04T00:00:00.000,"{'latitude': '34.01983', 'longitude': '-118.28534', 'human_address': '{""address"": """", ""city"": """", ""state"": """", ""zip"": """"}'}",V07,Galen Center (USC),509.1,34.01983,-118.28534,LADBS Building and Safety Temporary Special Event (TSE) Permits,
234109000005659,Temporary Special Event,Commercial,3911,3911,S,FIGUEROA,ST,90037,Temporary Tents  33'x82 & 10x39  Shelter structures of America,Gate 19,BOOK STORE,2023-11-04T00:00:00.000,2023-11-10T00:00:00.000,"{'latitude': '34.01366', 'longitude': '-118.28294', 'human_address': '{""address"": """", ""city"": """", ""state"": """", ""zip"": """"}'}",V06,Exposition Park Stadium (BMO Stadium),180.4,34.01366,-118.28294,LADBS Building and Safety Temporary Special Event (TSE) Permits,
234109000005612,Temporary Special Event,Commercial,3607,3607,S,TROUSDALE,PKWY,90089,Temporary Tenrt  Alumni park south  10x50 15x30 10x30 10x20 10x10  400,Alumni South,HOMECOMING,2023-11-04T00:00:00.000,2023-11-04T00:00:00.000,"{'latitude': '34.02013', 'longitude': '-118.28566', 'human_address': '{""address"": """", ""city"": """", ""state"": """", ""zip"": """"}'}",V07,Galen Center (USC),530.5,34.02013,-118.28566,LADBS Building and Safety Temporary Special Event (TSE) Permits,
234109000005607,Temporary Special Event,Commercial,3501,3501,S,TROUSDALE,PKWY,90089,TCUP 500 Guest 12PM   TENTS : 20X20  2 Sides open   Town & Country,Next To  Mccarthy School,USC SOS,2023-11-04T00:00:00.000,2023-11-04T00:00:00.000,"{'latitude': '34.02194', 'longitude': '-118.28455', 'human_address': '{""address"": """", ""city"": """", ""state"": """", ""zip"": """"}'}",V07,Galen Center (USC),432.2,34.02194,-118.28455,LADBS Building and Safety Temporary Special Event (TSE) Permits,
234109000005668,Temporary Special Event,Commercial,3518,3518,S,TROUSDALE,PKWY,90089,Temporary Tents  20x20  250 Guest  12:30pm-4:30PM  Argue Plaza  Town &,CPA Building,BLACK ALMUNI,2023-11-04T00:00:00.000,2023-11-04T00:00:00.000,"{'latitude': '34.02157', 'longitude': '-118.28415', 'human_address': '{""address"": """", ""city"": """", ""state"": """", ""zip"": """"}'}",V07,Galen Center (USC),387.7,34.02157,-118.28415,LADBS Building and Safety Temporary Special Event (TSE) Permits,
234109000005711,Temporary Special Event,Commercial,701,701,W,STATE,DR,90089,Temporary Tent  10x80 5 10x10  Town & Country event,EXPO LAWN WEST,WASHINGOTN TAIL GATE,2023-11-04T00:00:00.000,2023-11-04T00:00:00.000,"{'latitude': '34.01659', 'longitude': '-118.28425', 'human_address': '{""address"": """", ""city"": """", ""state"": """", ""zip"": """"}'}",V06,Exposition Park Stadium (BMO Stadium),422.7,34.01659,-118.28425,LADBS Building and Safety Temporary Special Event (TSE) Permits,
234109000005669,Temporary Special Event,Commercial,3551,3551,S,TROUSDALE,PKWY,90089,Temporary Tents  1 15x30 4 20x20 6 10x10  1000 Guest 12:40pm-4:30pm,Hahn Plaza,ALUMNI PLAZA,2023-11-04T00:00:00.000,2023-11-04T00:00:00.000,"{'latitude': '34.02066', 'longitude': '-118.28531', 'human_address': '{""address"": """", ""city"": """", ""state"": """", ""zip"": """"}'}",V07,Galen Center (USC),490.8,34.02066,-118.28531,LADBS Building and Safety Temporary Special Event (TSE) Permits,
234109000005603,Temporary Special Event,Commercial,3911,3911,S,FIGUEROA,ST,90037,Temporary Tents  3 10x10 3 10x15 10x20 10x30 20x30 20x40 30x50  Town &,"Gate 19 ,28  28B 1 AND tUNNEL TO GATE 11",PRODUCTION TENTS,2023-11-04T00:00:00.000,2023-11-04T00:00:00.000,"{'latitude': '34.01366', 'longitude': '-118.28294', 'human_address': '{""address"": """", ""city"": """", ""state"": """", ""zip"": """"}'}",V06,Exposition Park Stadium (BMO Stadium),180.4,34.01366,-118.28294,LADBS Building and Safety Temporary Special Event (TSE) Permits,
234109000005672,Temporary Special Event,Commercial,3551,3551,S,TROUSDALE,PKWY,90089,Temporary Tent  2 20x30 10x15 8x42 8x12  1300 Guest 12:30pm-4:30pm,Founders Park,USC ASSOCIATES,2023-11-04T00:00:00.000,2023-11-04T00:00:00.000,"{'latitude': '34.02066', 'longitude': '-118.28531', 'human_address': '{""address"": """", ""city"": """", ""state"": """", ""zip"": """"}'}",V07,Galen Center (USC),490.8,34.02066,-118.28531,LADBS Building and Safety Temporary Special Event (TSE) Permits,
234109000005658,Temporary Special Event,Commercial,3911,3911,S,FIGUEROA,ST,90037,Temporary tent  10x30 camera cover  town & country,West end,CAMERA TENT,2023-11-04T00:00:00.000,2023-11-10T00:00:00.000,"{'latitude': '34.01366', 'longitude': '-118.28294', 'human_address': '{""address"": """", ""city"": """", ""state"": """", ""zip"": """"}'}",V06,Exposition Park Stadium (BMO Stadium),180.4,34.01366,-118.28294,LADBS Building and Safety Temporary Special Event (TSE) Permits,
234109000005638,Temporary Special Event,Commercial,3911,3911,S,FIGUEROA,ST,90037,Installation of Flying Camera System into LA Mem Col (LAMC) ATTN: Feli,Installation onto Four Existing Light Poles Surrounding the LAMC,USC VS WASH,2023-11-03T00:00:00.000,2023-11-09T00:00:00.000,"{'latitude': '34.01366', 'longitude': '-118.28294', 'human_address': '{""address"": """", ""city"": """", ""state"": """", ""zip"": """"}'}",V06,Exposition Park Stadium (BMO Stadium),180.4,34.01366,-118.28294,LADBS Building and Safety Temporary Special Event (TSE) Permits,
234109000005685,Temporary Special Event,Commercial,3939,3939,S,FIGUEROA,ST,90037,Concert Stage for Burna Boy,Any time after 1pm for inspection,BURNA BOY CONCERT,2023-11-03T00:00:00.000,2023-11-03T00:00:00.000,"{'latitude': '34.01173', 'longitude': '-118.28296', 'human_address': '{""address"": """", ""city"": """", ""state"": """", ""zip"": """"}'}",V06,Exposition Park Stadium (BMO Stadium),192.4,34.01173,-118.28296,LADBS Building and Safety Temporary Special Event (TSE) Permits,
234109000005529,Temporary Special Event,Commercial,1515,1515,S,ABBOT KINNEY,BLVD,90291,8' hi 8'x10' build with engineer-stamped plans that i will email to in,8' hi 8'x10' build with engineer-stamped plans that i will email to inspector,WAYMO,2023-11-03T00:00:00.000,2023-11-03T00:00:00.000,"{'latitude': '33.9903', 'longitude': '-118.46415', 'human_address': '{""address"": """", ""city"": """", ""state"": """", ""zip"": """"}'}",V13,Venice Beach,615.2,33.9903,-118.46415,LADBS Building and Safety Temporary Special Event (TSE) Permits,
234109000005335,Temporary Special Event,Vacant Land,2700,2700,N,VERMONT,AVE,90027,"LED WALL ON TRUSS, TOTAL DIMS: 44' H X 40' W. CONCRETE BALLASTS AT ALL",EVENT IS LOCATED 100 YARDS NORTH OF THE GREEK THEATRE IN LOTS G & H,TOYOTA AMAZON DOUBLE FEATURE,2023-11-03T00:00:00.000,2023-11-04T00:00:00.000,"{'latitude': '34.11803', 'longitude': '-118.29221', 'human_address': '{""address"": """", ""city"": """", ""state"": """", ""zip"": """"}'}",V09,Griffith Observatory,755.1,34.11803,-118.29221,LADBS Building and Safety Temporary Special Event (TSE) Permits,
234109000005345,Temporary Special Event,Commercial,1301,1301,S,FIGUEROA,ST,90015,"13'-5"" x 3'-7"" x 15'-10"" Ground Supported Tower Closet w/ Siesmic Rig",LACC West Hall A,URBAN LAND INSTITUTE FALL MEETING,2023-10-31T00:00:00.000,2023-11-02T00:00:00.000,"{'latitude': '34.04058', 'longitude': '-118.26853', 'human_address': '{""address"": """", ""city"": """", ""state"": """", ""zip"": """"}'}",V03,LA Convention Center (Halls 1-3),190.2,34.04058,-118.26853,LADBS Building and Safety Temporary Special Event (TSE) Permits,
234109000005491,Temporary Special Event,Commercial,3911,3911,S,FIGUEROA,ST,90037,Temporary Tent  15x30  Town & Country,Field Tunnel,TUNNEL TENT,2023-10-29T00:00:00.000,2023-11-04T00:00:00.000,"{'latitude': '34.01366', 'longitude': '-118.28294', 'human_address': '{""address"": """", ""city"": """", ""state"": """", ""zip"": """"}'}",V06,Exposition Park Stadium (BMO Stadium),180.4,34.01366,-118.28294,LADBS Building and Safety Temporary Special Event (TSE) Permits,
234109000005507,Temporary Special Event,Commercial,777,777,W,CHICK HEARN,CT,90015,Temporary Tents  2-20x20 2-20x40 1-10x20 18 -10x10  Town & Country.,On the Street,WALK TO END AHZ,2023-10-28T00:00:00.000,2023-10-28T00:00:00.000,"{'latitude': '34.04406', 'longitude': '-118.26707', 'human_address': '{""address"": """", ""city"": """", ""state"": """", ""zip"": """"}'}",V04,Peacock Theater,51.4,34.04406,-118.26707,LADBS Building and Safety Temporary Special Event (TSE) Permits,
234109000005490,Temporary Special Event,Commercial,3911,3911,S,FIGUEROA,ST,90037,Temporary Structure  30'x148'  Shelter structure of America,On Field,FIELD TENT,2023-10-28T00:00:00.000,2023-11-03T00:00:00.000,"{'latitude': '34.01366', 'longitude': '-118.28294', 'human_address': '{""address"": """", ""city"": """", ""state"": """", ""zip"": """"}'}",V06,Exposition Park Stadium (BMO Stadium),180.4,34.01366,-118.28294,LADBS Building and Safety Temporary Special Event (TSE) Permits,
234109000005488,Temporary Special Event,Commercial,3911,3911,S,FIGUEROA,ST,90037,Tents Shelter structures of America  33'x82 and 20x39,Gate19,BOOK STORE,2023-10-28T00:00:00.000,2023-11-03T00:00:00.000,"{'latitude': '34.01366', 'longitude': '-118.28294', 'human_address': '{""address"": """", ""city"": """", ""state"": """", ""zip"": """"}'}",V06,Exposition Park Stadium (BMO Stadium),180.4,34.01366,-118.28294,LADBS Building and Safety Temporary Special Event (TSE) Permits,
234109000005453,Temporary Special Event,Commercial,777,777,W,CHICK HEARN,CT,90015,"EVENT STAGE, MOBILE HYDRAULIC 20W X 16D STAGE SETUP, BANNER TRUSS ARCH",ON STREET FACING LA LIVE,WALK TO END ALZ-LA,2023-10-27T00:00:00.000,2023-10-28T00:00:00.000,"{'latitude': '34.04406', 'longitude': '-118.26707', 'human_address': '{""address"": """", ""city"": """", ""state"": """", ""zip"": """"}'}",V04,Peacock Theater,51.4,34.04406,-118.26707,LADBS Building and Safety Temporary Special Event (TSE) Permits,
234109000005322,Temporary Special Event,Commercial,700,700,W,32ND,ST,90007,Concert in Expo Hall,Expo Hall,FRED AGAIN,2023-10-27T00:00:00.000,2023-11-02T00:00:00.000,"{'latitude': '34.0242', 'longitude': '-118.28089', 'human_address': '{""address"": """", ""city"": """", ""state"": """", ""zip"": """"}'}",V07,Galen Center (USC),365.2,34.0242,-118.28089,LADBS Building and Safety Temporary Special Event (TSE) Permits,
234109000005212,Temporary Special Event,Commercial,1301,1301,S,FIGUEROA,ST,90015,TOWER AND ARCH AT 15FT HIGH,,TEXAS INSTRUMENTS STRUCTURE,2023-10-26T00:00:00.000,2023-10-27T00:00:00.000,"{'latitude': '34.04058', 'longitude': '-118.26853', 'human_address': '{""address"": """", ""city"": """", ""state"": """", ""zip"": """"}'}",V03,LA Convention Center (Halls 1-3),190.2,34.04058,-118.26853,LADBS Building and Safety Temporary Special Event (TSE) Permits,
234109000004574,Temporary Special Event,Commercial,1301,1301,S,FIGUEROA,ST,90015,Windscape towers (13 big blow-up displays),LACC - South Tower - Figueroa Dr side - Row 4,BRUNSWICK- INFLATABLE WINDSCAPE TOWER,2023-10-26T00:00:00.000,2023-10-28T00:00:00.000,"{'latitude': '34.04058', 'longitude': '-118.26853', 'human_address': '{""address"": """", ""city"": """", ""state"": """", ""zip"": """"}'}",V03,LA Convention Center (Halls 1-3),190.2,34.04058,-118.26853,LADBS Building and Safety Temporary Special Event (TSE) Permits,
234109000005467,Temporary Special Event,Commercial,1150,1150,S,OLIVE,ST,90015,"Temporary Stage  30"" high stage With LED Screen 34' wide x 16'-10' hig",Penthouse,VIP ARTIST,2023-10-25T00:00:00.000,2023-10-25T00:00:00.000,"{'latitude': '34.03962', 'longitude': '-118.26181', 'human_address': '{""address"": """", ""city"": """", ""state"": """", ""zip"": """"}'}",V02,DTLA Arena (Crypto.com Arena),629.6,34.03962,-118.26181,LADBS Building and Safety Temporary Special Event (TSE) Permits,
234109000005358,Temporary Special Event,Commercial,777,777,W,CHICK HEARN,CT,90015,Temporary Structure  Coke Trailer  30' x 25' x 8' high,Inside LA Plaza,COKE EVER,2023-10-22T00:00:00.000,2023-10-22T00:00:00.000,"{'latitude': '34.04406', 'longitude': '-118.26707', 'human_address': '{""address"": """", ""city"": """", ""state"": """", ""zip"": """"}'}",V04,Peacock Theater,51.4,34.04406,-118.26707,LADBS Building and Safety Temporary Special Event (TSE) Permits,
234109000005305,Temporary Special Event,Commercial,3911,3911,S,FIGUEROA,ST,90037,Temporary Tent  1 30x100 recruits tent 200 Guest  1pm-7pm  Town & Coun,Peristyle,RECRUIT,2023-10-21T00:00:00.000,2023-10-21T00:00:00.000,"{'latitude': '34.01366', 'longitude': '-118.28294', 'human_address': '{""address"": """", ""city"": """", ""state"": """", ""zip"": """"}'}",V06,Exposition Park Stadium (BMO Stadium),180.4,34.01366,-118.28294,LADBS Building and Safety Temporary Special Event (TSE) Permits,
234109000005331,Temporary Special Event,Commercial,3911,3911,S,FIGUEROA,ST,90037,"Temporary Tents 3 10x10 ,2 10x20, 1 20x20  TCUP 1pm-5pm for tail gatin",XMASS TREE LANE,VIP TAILGATE,2023-10-21T00:00:00.000,2023-10-21T00:00:00.000,"{'latitude': '34.01366', 'longitude': '-118.28294', 'human_address': '{""address"": """", ""city"": """", ""state"": """", ""zip"": """"}'}",V06,Exposition Park Stadium (BMO Stadium),180.4,34.01366,-118.28294,LADBS Building and Safety Temporary Special Event (TSE) Permits,
234109000005304,Temporary Special Event,Commercial,3911,3911,S,FIGUEROA,ST,90037,USC Field tent  shelter structure of America  30x148,Field structure,USC FIELD STRUCTURE,2023-10-21T00:00:00.000,2023-10-27T00:00:00.000,"{'latitude': '34.01366', 'longitude': '-118.28294', 'human_address': '{""address"": """", ""city"": """", ""state"": """", ""zip"": """"}'}",V06,Exposition Park Stadium (BMO Stadium),180.4,34.01366,-118.28294,LADBS Building and Safety Temporary Special Event (TSE) Permits,
234109000005301,Temporary Special Event,Commercial,777,777,W,CHICK HEARN,CT,90015,Temporary  Stage  inside plaza  32' x 20' x 36' high with LED screen 1,Peacock Plaza,DAY'S OF OUR LIVES,2023-10-21T00:00:00.000,2023-10-21T00:00:00.000,"{'latitude': '34.04406', 'longitude': '-118.26707', 'human_address': '{""address"": """", ""city"": """", ""state"": """", ""zip"": """"}'}",V04,Peacock Theater,51.4,34.04406,-118.26707,LADBS Building and Safety Temporary Special Event (TSE) Permits,
234109000005306,Temporary Special Event,Commercial,900,900,W,EXPOSITION,BLVD,90037,Temporary Tents  2 15x30 1 20x30  town & country  10/21 2pm-5pm  280 G,South lawn,SOUTH LAWN TAILGATE,2023-10-21T00:00:00.000,2023-10-21T00:00:00.000,"{'latitude': '34.01803', 'longitude': '-118.2884', 'human_address': '{""address"": """", ""city"": """", ""state"": """", ""zip"": """"}'}",V05,LA Memorial Coliseum,439.4,34.01803,-118.2884,LADBS Building and Safety Temporary Special Event (TSE) Permits,
234109000005383,Temporary Special Event,Commercial,3911,3911,S,FIGUEROA,ST,90037,Temporary bleacher in end zone for football game,Temporary Bleacher in end zone,FOOTBALL GAME,2023-10-21T00:00:00.000,2023-10-21T00:00:00.000,"{'latitude': '34.01366', 'longitude': '-118.28294', 'human_address': '{""address"": """", ""city"": """", ""state"": """", ""zip"": """"}'}",V06,Exposition Park Stadium (BMO Stadium),180.4,34.01366,-118.28294,LADBS Building and Safety Temporary Special Event (TSE) Permits,
234109000005302,Temporary Special Event,Commercial,3911,3911,S,FIGUEROA,ST,90037,Temporary Tents  3 10x10  3 10x15 1-10x20 3 10x30 20x30 20x40 30x50 2,Gate 28- Gate 1- Tunnel - Gate 18th,USC PRODUCTION,2023-10-21T00:00:00.000,2023-10-21T00:00:00.000,"{'latitude': '34.01366', 'longitude': '-118.28294', 'human_address': '{""address"": """", ""city"": """", ""state"": """", ""zip"": """"}'}",V06,Exposition Park Stadium (BMO Stadium),180.4,34.01366,-118.28294,LADBS Building and Safety Temporary Special Event (TSE) Permits,
234109000005223,Temporary Special Event,Commercial,649,649,W,JEFFERSON,BLVD,90007,Concert in Expo Hall,,LSDREAM,2023-10-21T00:00:00.000,2023-10-22T00:00:00.000,"{'latitude': '34.02274', 'longitude': '-118.28142', 'human_address': '{""address"": """", ""city"": """", ""state"": """", ""zip"": """"}'}",V07,Galen Center (USC),233.6,34.02274,-118.28142,LADBS Building and Safety Temporary Special Event (TSE) Permits,
234109000005307,Temporary Special Event,Commercial,3911,3911,S,FIGUEROA,ST,90037,TCUP fOR 740- Guest 2pm-5pm With tables and food station,Peristyle,USC TAILGATE,2023-10-21T00:00:00.000,2023-10-21T00:00:00.000,"{'latitude': '34.01366', 'longitude': '-118.28294', 'human_address': '{""address"": """", ""city"": """", ""state"": """", ""zip"": """"}'}",V06,Exposition Park Stadium (BMO Stadium),180.4,34.01366,-118.28294,LADBS Building and Safety Temporary Special Event (TSE) Permits,
234109000005334,Temporary Special Event,Commercial,3911,3911,S,FIGUEROA,ST,90037,Temporary Structure  Shelter Structure of America  33'x82 & 10x39 for,Gate 19,BOOK TENT,2023-10-21T00:00:00.000,2023-10-27T00:00:00.000,"{'latitude': '34.01366', 'longitude': '-118.28294', 'human_address': '{""address"": """", ""city"": """", ""state"": """", ""zip"": """"}'}",V06,Exposition Park Stadium (BMO Stadium),180.4,34.01366,-118.28294,LADBS Building and Safety Temporary Special Event (TSE) Permits,
234109000004622,Temporary Special Event,Commercial,1301,1301,S,FIGUEROA,ST,90015,Skyline Exhibits booth structure design,"Los Angeles Convention Center, Booth 2223 it is the bright red booth","NASS SHOW, COMPANY ZAVATION / CORELINK",2023-10-18T00:00:00.000,2023-10-20T00:00:00.000,"{'latitude': '34.04058', 'longitude': '-118.26853', 'human_address': '{""address"": """", ""city"": """", ""state"": """", ""zip"": """"}'}",V03,LA Convention Center (Halls 1-3),190.2,34.04058,-118.26853,LADBS Building and Safety Temporary Special Event (TSE) Permits,
234109000004905,Temporary Special Event,Commercial,1301,1301,S,FIGUEROA,ST,90015,Stamped Engineer print for structure,,LIFENET HEALTH - 20X20BOOTH,2023-10-18T00:00:00.000,2023-10-20T00:00:00.000,"{'latitude': '34.04058', 'longitude': '-118.26853', 'human_address': '{""address"": """", ""city"": """", ""state"": """", ""zip"": """"}'}",V03,LA Convention Center (Halls 1-3),190.2,34.04058,-118.26853,LADBS Building and Safety Temporary Special Event (TSE) Permits,
234109000004883,Temporary Special Event,Commercial,1301,1301,S,FIGUEROA,ST,90015,Review booth structure for stamp,,NASS,2023-10-18T00:00:00.000,2023-10-21T00:00:00.000,"{'latitude': '34.04058', 'longitude': '-118.26853', 'human_address': '{""address"": """", ""city"": """", ""state"": """", ""zip"": """"}'}",V03,LA Convention Center (Halls 1-3),190.2,34.04058,-118.26853,LADBS Building and Safety Temporary Special Event (TSE) Permits,
234109000004747,Temporary Special Event,Commercial,1301,1301,S,FIGUEROA,ST,90015,Wood and metal structure,,NASS 2023,2023-10-18T00:00:00.000,2023-10-21T00:00:00.000,"{'latitude': '34.04058', 'longitude': '-118.26853', 'human_address': '{""address"": """", ""city"": """", ""state"": """", ""zip"": """"}'}",V03,LA Convention Center (Halls 1-3),190.2,34.04058,-118.26853,LADBS Building and Safety Temporary Special Event (TSE) Permits,
234109000004387,Temporary Special Event,Commercial,1301,1301,S,FIGUEROA,ST,90015,15' tall tower displaying monitors and product info,,COMPANY NOVARAD - 15' TOWER,2023-10-18T00:00:00.000,2023-10-21T00:00:00.000,"{'latitude': '34.04058', 'longitude': '-118.26853', 'human_address': '{""address"": """", ""city"": """", ""state"": """", ""zip"": """"}'}",V03,LA Convention Center (Halls 1-3),190.2,34.04058,-118.26853,LADBS Building and Safety Temporary Special Event (TSE) Permits,
234109000004214,Temporary Special Event,Commercial,1301,1301,S,FIGUEROA,ST,90015,Structure Stamped Drawings,LA Convention Center,NORTH AMERICAN SPINE SOCIETY ( NASS),2023-10-18T00:00:00.000,2023-10-20T00:00:00.000,"{'latitude': '34.04058', 'longitude': '-118.26853', 'human_address': '{""address"": """", ""city"": """", ""state"": """", ""zip"": """"}'}",V03,LA Convention Center (Halls 1-3),190.2,34.04058,-118.26853,LADBS Building and Safety Temporary Special Event (TSE) Permits,
234109000004260,Temporary Special Event,Commercial,1301,1301,S,FIGUEROA,ST,90015,Engineer Wet stamp,"Booth #1731, single story booth with hanging banner and 15' Storage room",NASS 2023,2023-10-18T00:00:00.000,2023-10-20T00:00:00.000,"{'latitude': '34.04058', 'longitude': '-118.26853', 'human_address': '{""address"": """", ""city"": """", ""state"": """", ""zip"": """"}'}",V03,LA Convention Center (Halls 1-3),190.2,34.04058,-118.26853,LADBS Building and Safety Temporary Special Event (TSE) Permits,
234109000005046,Temporary Special Event,Commercial,1301,1301,S,FIGUEROA,ST,90015,Tradeshow booth,,ECA MEDICAL INSTRUMENTS BOOTH 1736,2023-10-17T00:00:00.000,2023-10-20T00:00:00.000,"{'latitude': '34.04058', 'longitude': '-118.26853', 'human_address': '{""address"": """", ""city"": """", ""state"": """", ""zip"": """"}'}",V03,LA Convention Center (Halls 1-3),190.2,34.04058,-118.26853,LADBS Building and Safety Temporary Special Event (TSE) Permits,
234109000005227,Temporary Special Event,Commercial,3939,3939,S,FIGUEROA,ST,90037,ACFC Pre-Game Equity Discussion,Inspection at 8 am please,ROOFTOP TENT,2023-10-15T00:00:00.000,2023-10-15T00:00:00.000,"{'latitude': '34.01173', 'longitude': '-118.28296', 'human_address': '{""address"": """", ""city"": """", ""state"": """", ""zip"": """"}'}",V06,Exposition Park Stadium (BMO Stadium),192.4,34.01173,-118.28296,LADBS Building and Safety Temporary Special Event (TSE) Permits,
234109000005226,Temporary Special Event,Commercial,3939,3939,S,FIGUEROA,ST,90037,BMO Empower Event,Inspection at 8 am please,ROOFTOP TENT,2023-10-14T00:00:00.000,2023-10-14T00:00:00.000,"{'latitude': '34.01173', 'longitude': '-118.28296', 'human_address': '{""address"": """", ""city"": """", ""state"": """", ""zip"": """"}'}",V06,Exposition Park Stadium (BMO Stadium),192.4,34.01173,-118.28296,LADBS Building and Safety Temporary Special Event (TSE) Permits,
234109000005140,Temporary Special Event,Commercial,3911,3911,S,FIGUEROA,ST,90037,Temporary Structure  gate 19  33'x82' & 10'x39'  shelter structures of,Gate 19,BOOK STORE,2023-10-14T00:00:00.000,2023-10-20T00:00:00.000,"{'latitude': '34.01366', 'longitude': '-118.28294', 'human_address': '{""address"": """", ""city"": """", ""state"": """", ""zip"": """"}'}",V06,Exposition Park Stadium (BMO Stadium),180.4,34.01366,-118.28294,LADBS Building and Safety Temporary Special Event (TSE) Permits,
234109000005167,Temporary Special Event,Commercial,665,665,W,JEFFERSON,BLVD,90007,60' wide x 40' deep @ 5' rolling locking stage,inside the shrine auditorium,ELDERBROOK 10-13-23,2023-10-13T00:00:00.000,2023-10-13T00:00:00.000,"{'latitude': '34.02302', 'longitude': '-118.28206', 'human_address': '{""address"": """", ""city"": """", ""state"": """", ""zip"": """"}'}",V07,Galen Center (USC),294.1,34.02302,-118.28206,LADBS Building and Safety Temporary Special Event (TSE) Permits,
234109000005082,Temporary Special Event,Commercial,1013,1013,W,OLYMPIC,BLVD,90015,"TCUP FOREVENT TIME: 7 PM  10 PM EVENT NAME: ADOBE MAX BASH  GUEST 5,50",Parking lot,ADOBE MAX,2023-10-11T00:00:00.000,2023-10-11T00:00:00.000,"{'latitude': '34.04622', 'longitude': '-118.26719', 'human_address': '{""address"": """", ""city"": """", ""state"": """", ""zip"": """"}'}",V04,Peacock Theater,193.1,34.04622,-118.26719,LADBS Building and Safety Temporary Special Event (TSE) Permits,
234109000004733,Temporary Special Event,Commercial,1301,1301,S,FIGUEROA,ST,90015,Art installation,,ADOBE MAX,2023-10-08T00:00:00.000,2023-10-12T00:00:00.000,"{'latitude': '34.04058', 'longitude': '-118.26853', 'human_address': '{""address"": """", ""city"": """", ""state"": """", ""zip"": """"}'}",V03,LA Convention Center (Halls 1-3),190.2,34.04058,-118.26853,LADBS Building and Safety Temporary Special Event (TSE) Permits,
234109000005026,Temporary Special Event,Commercial,3911,3911,S,FIGUEROA,ST,90037,Recruiting tent  30x100  town & country,Peristyle,RECRUITING TENT,2023-10-07T00:00:00.000,2023-10-07T00:00:00.000,"{'latitude': '34.01366', 'longitude': '-118.28294', 'human_address': '{""address"": """", ""city"": """", ""state"": """", ""zip"": """"}'}",V06,Exposition Park Stadium (BMO Stadium),180.4,34.01366,-118.28294,LADBS Building and Safety Temporary Special Event (TSE) Permits,
234109000004955,Temporary Special Event,Commercial,3911,3911,S,FIGUEROA,ST,90037,Temporary Tent  15x30 tent for media tunnel tent  town & country,Tunnel tent,MEDIA TENT,2023-10-07T00:00:00.000,2023-10-13T00:00:00.000,"{'latitude': '34.01366', 'longitude': '-118.28294', 'human_address': '{""address"": """", ""city"": """", ""state"": """", ""zip"": """"}'}",V06,Exposition Park Stadium (BMO Stadium),180.4,34.01366,-118.28294,LADBS Building and Safety Temporary Special Event (TSE) Permits,
234109000004954,Temporary Special Event,Commercial,3911,3911,S,FIGUEROA,ST,90037,Temporary Tent 10x30 for camera cover  Town &  Country,West end,CANERA TENT,2023-10-07T00:00:00.000,2023-10-13T00:00:00.000,"{'latitude': '34.01366', 'longitude': '-118.28294', 'human_address': '{""address"": """", ""city"": """", ""state"": """", ""zip"": """"}'}",V06,Exposition Park Stadium (BMO Stadium),180.4,34.01366,-118.28294,LADBS Building and Safety Temporary Special Event (TSE) Permits,
234109000005016,Temporary Special Event,Commercial,665,665,W,JEFFERSON,BLVD,90007,60' wide x 40' deep @ 5' rolling locking stage,10-6-23,AC SLATER 10-6-23,2023-10-06T00:00:00.000,2023-10-06T00:00:00.000,"{'latitude': '34.02302', 'longitude': '-118.28206', 'human_address': '{""address"": """", ""city"": """", ""state"": """", ""zip"": """"}'}",V07,Galen Center (USC),294.1,34.02302,-118.28206,LADBS Building and Safety Temporary Special Event (TSE) Permits,
234109000003762,Temporary Special Event,Commercial,1800,1800,S,OCEAN FRONT,WALK,90291,"We are hosting a multi-sport sports tournament, where we will build on","Hi there, we will need the inspection on Friday October 6 at 6pm!",TEQ TOUR - LOS ANGELES,2023-10-06T00:00:00.000,2023-10-09T00:00:00.000,"{'latitude': '33.98581', 'longitude': '-118.47284', 'human_address': '{""address"": """", ""city"": """", ""state"": """", ""zip"": """"}'}",V14,Venice Beach Boardwalk,92.7,33.98581,-118.47284,LADBS Building and Safety Temporary Special Event (TSE) Permits,
234109000004958,Temporary Special Event,Commercial,3939,3939,S,FIGUEROA,ST,90037,LA Works Awards,,ROOFTOP TENT,2023-10-05T00:00:00.000,2023-10-05T00:00:00.000,"{'latitude': '34.01173', 'longitude': '-118.28296', 'human_address': '{""address"": """", ""city"": """", ""state"": """", ""zip"": """"}'}",V06,Exposition Park Stadium (BMO Stadium),192.4,34.01173,-118.28296,LADBS Building and Safety Temporary Special Event (TSE) Permits,
234109000004886,Temporary Special Event,Commercial,777,777,W,CHICK HEARN,CT,90015,EVENT STAGE-APEX MOBILE HYDRAULIC STAGE SETUP,LA LIVE STAGE ON STREET FACING LA LIVE PLAZA,WALK TO END LUPUS,2023-09-30T00:00:00.000,2023-09-30T00:00:00.000,"{'latitude': '34.04406', 'longitude': '-118.26707', 'human_address': '{""address"": """", ""city"": """", ""state"": """", ""zip"": """"}'}",V04,Peacock Theater,51.4,34.04406,-118.26707,LADBS Building and Safety Temporary Special Event (TSE) Permits,
234109000004887,Temporary Special Event,Commercial,3939,3939,S,FIGUEROA,ST,90037,Trader Joe's Company Party,Inspection at 8 AM please,ROOFTOP TENT,2023-09-30T00:00:00.000,2023-09-30T00:00:00.000,"{'latitude': '34.01173', 'longitude': '-118.28296', 'human_address': '{""address"": """", ""city"": """", ""state"": """", ""zip"": """"}'}",V06,Exposition Park Stadium (BMO Stadium),192.4,34.01173,-118.28296,LADBS Building and Safety Temporary Special Event (TSE) Permits,
234109000004839,Temporary Special Event,Commercial,3911,3911,S,FIGUEROA,ST,90037,Shelter structures of America  gate 19  33'x83' & 10x39 tent  book sto,GATE 19,BOOK STORE,2023-09-30T00:00:00.000,2023-10-04T00:00:00.000,"{'latitude': '34.01366', 'longitude': '-118.28294', 'human_address': '{""address"": """", ""city"": """", ""state"": """", ""zip"": """"}'}",V06,Exposition Park Stadium (BMO Stadium),180.4,34.01366,-118.28294,LADBS Building and Safety Temporary Special Event (TSE) Permits,
234109000004837,Temporary Special Event,Commercial,3939,3939,S,FIGUEROA,ST,90037,Media tunnel tent 15x30  town & country,Players tunnel,MEDIA TUNNEL,2023-09-30T00:00:00.000,2023-10-04T00:00:00.000,"{'latitude': '34.01173', 'longitude': '-118.28296', 'human_address': '{""address"": """", ""city"": """", ""state"": """", ""zip"": """"}'}",V06,Exposition Park Stadium (BMO Stadium),192.4,34.01173,-118.28296,LADBS Building and Safety Temporary Special Event (TSE) Permits,
234109000004308,Temporary Special Event,Commercial,,,,,,,"(2) Truss Arches, (1) 12x12x4 Stage",Dodger Stadium,LADF RUN,2023-09-29T00:00:00.000,2023-09-30T00:00:00.000,,V01,Dodger Stadium,,,,LADBS Building and Safety Temporary Special Event (TSE) Permits,
234109000004753,Temporary Special Event,Commercial,665,665,W,JEFFERSON,BLVD,90007,60' wide x 40' deep @ 5' rolling locking stage,the shrine expo hall,CAMINO 9-27-23,2023-09-27T00:00:00.000,2023-09-27T00:00:00.000,"{'latitude': '34.02302', 'longitude': '-118.28206', 'human_address': '{""address"": """", ""city"": """", ""state"": """", ""zip"": """"}'}",V07,Galen Center (USC),294.1,34.02302,-118.28206,LADBS Building and Safety Temporary Special Event (TSE) Permits,
234109000004143,Temporary Special Event,Commercial,1422,1422,S,ELECTRIC,AVE,90291,We will be using the parking lot of the Electric Lodge to conduct a se,Parking lot of Electric Lodge,YOM KIPPUR SERVICE,2023-09-25T00:00:00.000,2023-09-25T00:00:00.000,"{'latitude': '33.99097', 'longitude': '-118.46476', 'human_address': '{""address"": """", ""city"": """", ""state"": """", ""zip"": """"}'}",V13,Venice Beach,591.2,33.99097,-118.46476,LADBS Building and Safety Temporary Special Event (TSE) Permits,
234109000004639,Temporary Special Event,Commercial,777,777,W,CHICK HEARN,CT,90015,Temporary Mobile Stage line 320 with Roof and rigging for speakers and,Plaza,CROSSROADS FESTIVAL,2023-09-23T00:00:00.000,2023-09-24T00:00:00.000,"{'latitude': '34.04406', 'longitude': '-118.26707', 'human_address': '{""address"": """", ""city"": """", ""state"": """", ""zip"": """"}'}",V04,Peacock Theater,51.4,34.04406,-118.26707,LADBS Building and Safety Temporary Special Event (TSE) Permits,
234109000003583,Temporary Special Event,Commercial,3911,3911,S,FIGUEROA,ST,90037,Race and display awnings,,SUPERMOTOCROSS,2023-09-23T00:00:00.000,2023-09-23T00:00:00.000,"{'latitude': '34.01366', 'longitude': '-118.28294', 'human_address': '{""address"": """", ""city"": """", ""state"": """", ""zip"": """"}'}",V06,Exposition Park Stadium (BMO Stadium),180.4,34.01366,-118.28294,LADBS Building and Safety Temporary Special Event (TSE) Permits,
234109000004678,Temporary Special Event,Commercial,3911,3911,S,FIGUEROA,ST,90037,Temporary Tent  15x30  Town & Country Event,Players tunnel,FIELD TUNNEL TENT,2023-09-23T00:00:00.000,2023-09-27T00:00:00.000,"{'latitude': '34.01366', 'longitude': '-118.28294', 'human_address': '{""address"": """", ""city"": """", ""state"": """", ""zip"": """"}'}",V06,Exposition Park Stadium (BMO Stadium),180.4,34.01366,-118.28294,LADBS Building and Safety Temporary Special Event (TSE) Permits,
234109000004638,Temporary Special Event,Commercial,777,777,W,CHICK HEARN,CT,90015,Temporary Tent  30x60 20x40 10 x340 4 10x20 3 10x30 3 10x10  events 9/,Street and plaza,CROSSROADS,2023-09-23T00:00:00.000,2023-09-24T00:00:00.000,"{'latitude': '34.04406', 'longitude': '-118.26707', 'human_address': '{""address"": """", ""city"": """", ""state"": """", ""zip"": """"}'}",V04,Peacock Theater,51.4,34.04406,-118.26707,LADBS Building and Safety Temporary Special Event (TSE) Permits,
234109000004042,Temporary Special Event,Commercial,3911,3911,S,FIGUEROA,ST,90037,Dirt bike racing event,Structures will be built in the Coliseum and in the parking lots,SUPERMOTOCROSS,2023-09-23T00:00:00.000,2023-09-23T00:00:00.000,"{'latitude': '34.01366', 'longitude': '-118.28294', 'human_address': '{""address"": """", ""city"": """", ""state"": """", ""zip"": """"}'}",V06,Exposition Park Stadium (BMO Stadium),180.4,34.01366,-118.28294,LADBS Building and Safety Temporary Special Event (TSE) Permits,
234109000004710,Temporary Special Event,Commercial,3911,3911,S,FIGUEROA,ST,90037,Temporary Tents  4 10x20 2 10x10  Town & Country.,Gate 18 & Gate 24,SUPER MOTOR CROSS,2023-09-23T00:00:00.000,2023-09-23T00:00:00.000,"{'latitude': '34.01366', 'longitude': '-118.28294', 'human_address': '{""address"": """", ""city"": """", ""state"": """", ""zip"": """"}'}",V06,Exposition Park Stadium (BMO Stadium),180.4,34.01366,-118.28294,LADBS Building and Safety Temporary Special Event (TSE) Permits,
234109000004732,Temporary Special Event,Commercial,,,,,,,"Tenting, 16x24x3 stage. with 18ft high roof, (8) 12ft truss uprights",Dodger Stadium 76 Station,LA GRAN FIESTA,2023-09-23T00:00:00.000,2023-09-23T00:00:00.000,,V01,Dodger Stadium,,,,LADBS Building and Safety Temporary Special Event (TSE) Permits,
234109000004537,Temporary Special Event,Commercial,3911,3911,S,FIGUEROA,ST,90037,Temporary Structure  Shelter structures  of America  33'x82 & 10x39  9,Gate 19,BOOK STORE,2023-09-16T00:00:00.000,2023-09-20T00:00:00.000,"{'latitude': '34.01366', 'longitude': '-118.28294', 'human_address': '{""address"": """", ""city"": """", ""state"": """", ""zip"": """"}'}",V06,Exposition Park Stadium (BMO Stadium),180.4,34.01366,-118.28294,LADBS Building and Safety Temporary Special Event (TSE) Permits,
234109000004550,Temporary Special Event,Commercial,1422,1422,S,ELECTRIC,AVE,90291,We will be using the parking lot to host a service for the Jewish new,Parking lot of Electric Lodge/Open Temple. Inspection can be anytime before 9am.,ROSH HASHANAH SERVICE,2023-09-16T00:00:00.000,2023-09-16T00:00:00.000,"{'latitude': '33.99097', 'longitude': '-118.46476', 'human_address': '{""address"": """", ""city"": """", ""state"": """", ""zip"": """"}'}",V13,Venice Beach,591.2,33.99097,-118.46476,LADBS Building and Safety Temporary Special Event (TSE) Permits,
234109000004142,Temporary Special Event,Commercial,1416,1416,S,ELECTRIC,AVE,90291,We will be using the parking lot of the Electric Lodge to conduct a se,We will be using the parking lot of the Electric Lodge for a Rosh Hashanah svc.,ROSH HASHANAH SERVICE,2023-09-16T00:00:00.000,2023-09-16T00:00:00.000,"{'latitude': '33.99104', 'longitude': '-118.46507', 'human_address': '{""address"": """", ""city"": """", ""state"": """", ""zip"": """"}'}",V13,Venice Beach,569.4,33.99104,-118.46507,LADBS Building and Safety Temporary Special Event (TSE) Permits,
234109000004584,Temporary Special Event,Commercial,665,665,W,JEFFERSON,BLVD,90007,60' wide x 40' deep @ 5' rolling locking stage,60' wide x 40' deep @ 5' rolling locking stage,BEN BOHMER 60' X 40',2023-09-15T00:00:00.000,2023-09-15T00:00:00.000,"{'latitude': '34.02302', 'longitude': '-118.28206', 'human_address': '{""address"": """", ""city"": """", ""state"": """", ""zip"": """"}'}",V07,Galen Center (USC),294.1,34.02302,-118.28206,LADBS Building and Safety Temporary Special Event (TSE) Permits,
234109000004436,Temporary Special Event,Commercial,777,777,W,CHICK HEARN,CT,90015,Existing tent 300 x 140  on event deck  event 9/11 10am -3pm,Event Deck,NATIONAL DAY OF SERVICE,2023-09-11T00:00:00.000,2023-09-11T00:00:00.000,"{'latitude': '34.04406', 'longitude': '-118.26707', 'human_address': '{""address"": """", ""city"": """", ""state"": """", ""zip"": """"}'}",V04,Peacock Theater,51.4,34.04406,-118.26707,LADBS Building and Safety Temporary Special Event (TSE) Permits,
234109000004363,Temporary Special Event,Commercial,3911,3911,S,FIGUEROA,ST,90037,TCUP for Tailgate event pre game  740 Guest  4:30pm-7:30pm  Town  & Co,Peristyle,TAF TAILGATE,2023-09-09T00:00:00.000,2023-09-09T00:00:00.000,"{'latitude': '34.01366', 'longitude': '-118.28294', 'human_address': '{""address"": """", ""city"": """", ""state"": """", ""zip"": """"}'}",V06,Exposition Park Stadium (BMO Stadium),180.4,34.01366,-118.28294,LADBS Building and Safety Temporary Special Event (TSE) Permits,
234109000004358,Temporary Special Event,Commercial,3911,3911,S,FIGUEROA,ST,90037,Temporary Tent  Town & Country  10x30  inspect 9/08 11:30am,West End,CAMERA TENT,2023-09-09T00:00:00.000,2023-09-13T00:00:00.000,"{'latitude': '34.01366', 'longitude': '-118.28294', 'human_address': '{""address"": """", ""city"": """", ""state"": """", ""zip"": """"}'}",V06,Exposition Park Stadium (BMO Stadium),180.4,34.01366,-118.28294,LADBS Building and Safety Temporary Special Event (TSE) Permits,
234109000004362,Temporary Special Event,Commercial,900,900,W,EXPOSITION,BLVD,90037,Temporary Tents Town & Country  3 15x30 1 20x30  180 Guest  4:30pm-7:3,South lawn,SOUTH LAWN TAIL GATE,2023-09-09T00:00:00.000,2023-09-09T00:00:00.000,"{'latitude': '34.01803', 'longitude': '-118.2884', 'human_address': '{""address"": """", ""city"": """", ""state"": """", ""zip"": """"}'}",V05,LA Memorial Coliseum,439.4,34.01803,-118.2884,LADBS Building and Safety Temporary Special Event (TSE) Permits,
234109000004250,Temporary Special Event,Commercial,3911,3911,S,FIGUEROA,ST,90037,Temporary Structure  Gate 19  33'x82' & 10'x39 book store  shelter str,Gate 19,BOOK STORE,2023-09-02T00:00:00.000,2023-09-06T00:00:00.000,"{'latitude': '34.01366', 'longitude': '-118.28294', 'human_address': '{""address"": """", ""city"": """", ""state"": """", ""zip"": """"}'}",V06,Exposition Park Stadium (BMO Stadium),180.4,34.01366,-118.28294,LADBS Building and Safety Temporary Special Event (TSE) Permits,
234109000004275,Temporary Special Event,Commercial,3911,3911,S,FIGUEROA,ST,90037,Temporary Tents  Gate 28 20x40 30x50 3 10x15  Gate 1 20x30  Gate 11 10,"Gate 28,Gate 1, Gate 11, Tunnel ,Gate 18",PRODUCTION TENTS,2023-09-02T00:00:00.000,2023-09-02T00:00:00.000,"{'latitude': '34.01366', 'longitude': '-118.28294', 'human_address': '{""address"": """", ""city"": """", ""state"": """", ""zip"": """"}'}",V06,Exposition Park Stadium (BMO Stadium),180.4,34.01366,-118.28294,LADBS Building and Safety Temporary Special Event (TSE) Permits,
234109000004272,Temporary Special Event,Commercial,3911,3911,S,FIGUEROA,ST,90037,TCUP For 740 Guest for tail gate event  9/02 12:30pm-3:30pm  Town & Co,Peristyle,TAF TAILGATE,2023-09-02T00:00:00.000,2023-09-02T00:00:00.000,"{'latitude': '34.01366', 'longitude': '-118.28294', 'human_address': '{""address"": """", ""city"": """", ""state"": """", ""zip"": """"}'}",V06,Exposition Park Stadium (BMO Stadium),180.4,34.01366,-118.28294,LADBS Building and Safety Temporary Special Event (TSE) Permits,
234109000004289,Temporary Special Event,Commercial,3911,3911,S,FIGUEROA,ST,90037,Temporary Tents & TCUP in X MASS Tree lane  9/02 11:30am - 3:30pm  ins,Xmas tree lane,VIP TAIL GATE,2023-09-02T00:00:00.000,2023-09-02T00:00:00.000,"{'latitude': '34.01366', 'longitude': '-118.28294', 'human_address': '{""address"": """", ""city"": """", ""state"": """", ""zip"": """"}'}",V06,Exposition Park Stadium (BMO Stadium),180.4,34.01366,-118.28294,LADBS Building and Safety Temporary Special Event (TSE) Permits,
234109000004252,Temporary Special Event,Commercial,3911,3911,S,FIGUEROA,ST,90037,Temporary Tent 15x30 Media tent  Town & Country  inspec 9/01 11am,Tunnel tent,MEDIA TENT,2023-09-02T00:00:00.000,2023-09-06T00:00:00.000,"{'latitude': '34.01366', 'longitude': '-118.28294', 'human_address': '{""address"": """", ""city"": """", ""state"": """", ""zip"": """"}'}",V06,Exposition Park Stadium (BMO Stadium),180.4,34.01366,-118.28294,LADBS Building and Safety Temporary Special Event (TSE) Permits,
234109000004216,Temporary Special Event,Commercial,3939,3939,S,FIGUEROA,ST,90037,LA's Best Spring Gala,,ROOFTOP TENT,2023-08-30T00:00:00.000,2023-08-30T00:00:00.000,"{'latitude': '34.01173', 'longitude': '-118.28296', 'human_address': '{""address"": """", ""city"": """", ""state"": """", ""zip"": """"}'}",V06,Exposition Park Stadium (BMO Stadium),192.4,34.01173,-118.28296,LADBS Building and Safety Temporary Special Event (TSE) Permits,
234109000004183,Temporary Special Event,Commercial,3911,3911,S,FIGUEROA,ST,90037,Temporary Tent  10x30 Tent  Town & Country,West End,CAMERA TENT,2023-08-26T00:00:00.000,2023-08-30T00:00:00.000,"{'latitude': '34.01366', 'longitude': '-118.28294', 'human_address': '{""address"": """", ""city"": """", ""state"": """", ""zip"": """"}'}",V06,Exposition Park Stadium (BMO Stadium),180.4,34.01366,-118.28294,LADBS Building and Safety Temporary Special Event (TSE) Permits,
234109000004008,Temporary Special Event,Commercial,3911,3911,S,FIGUEROA,ST,90037,Temporary bleacher in Coliseum end Zone for football game,Temporary bleacher in Coliseum End Zone,FOOTBALL GAME,2023-08-26T00:00:00.000,2023-08-26T00:00:00.000,"{'latitude': '34.01366', 'longitude': '-118.28294', 'human_address': '{""address"": """", ""city"": """", ""state"": """", ""zip"": """"}'}",V06,Exposition Park Stadium (BMO Stadium),180.4,34.01366,-118.28294,LADBS Building and Safety Temporary Special Event (TSE) Permits,
234109000004179,Temporary Special Event,Commercial,3911,3911,S,FIGUEROA,ST,90037,"Temporary Tents  Gate 1 20x30 , Gate 11 10X30 , Gate 18  2 1x30 2 10x1","Gate 1 , Gate 11, Gate 18 , Gate 28 gate 14 , South Lawn",USC PRODUCTION,2023-08-26T00:00:00.000,2023-08-26T00:00:00.000,"{'latitude': '34.01366', 'longitude': '-118.28294', 'human_address': '{""address"": """", ""city"": """", ""state"": """", ""zip"": """"}'}",V06,Exposition Park Stadium (BMO Stadium),180.4,34.01366,-118.28294,LADBS Building and Safety Temporary Special Event (TSE) Permits,
234109000004181,Temporary Special Event,Commercial,3911,3911,S,FIGUEROA,ST,90037,Temporary Tent  30x100  200 Guest  1pm-9:30pm  Town & Country  Install,Peristyle,SJS RECRUIT,2023-08-26T00:00:00.000,2023-08-26T00:00:00.000,"{'latitude': '34.01366', 'longitude': '-118.28294', 'human_address': '{""address"": """", ""city"": """", ""state"": """", ""zip"": """"}'}",V06,Exposition Park Stadium (BMO Stadium),180.4,34.01366,-118.28294,LADBS Building and Safety Temporary Special Event (TSE) Permits,
234109000004188,Temporary Special Event,Commercial,665,665,W,JEFFERSON,BLVD,90007,60' wide x 40' deep @ 5' rolling stage,weekend charge please,DGD 8-26-23,2023-08-26T00:00:00.000,2023-08-26T00:00:00.000,"{'latitude': '34.02302', 'longitude': '-118.28206', 'human_address': '{""address"": """", ""city"": """", ""state"": """", ""zip"": """"}'}",V07,Galen Center (USC),294.1,34.02302,-118.28206,LADBS Building and Safety Temporary Special Event (TSE) Permits,
234109000004157,Temporary Special Event,Commercial,3911,3911,S,FIGUEROA,ST,90037,Temporary Tent  30x148  8/26-9/01 Shelter Structures of America  Inspe,On field,USC INFIELD,2023-08-26T00:00:00.000,2023-08-30T00:00:00.000,"{'latitude': '34.01366', 'longitude': '-118.28294', 'human_address': '{""address"": """", ""city"": """", ""state"": """", ""zip"": """"}'}",V06,Exposition Park Stadium (BMO Stadium),180.4,34.01366,-118.28294,LADBS Building and Safety Temporary Special Event (TSE) Permits,
234109000004182,Temporary Special Event,Commercial,3911,3911,S,FIGUEROA,ST,90037,Temporary Tent  15x30  Town & Country  Install 8/21,Field Tunnel,MEDIA TUNNEL,2023-08-26T00:00:00.000,2023-08-30T00:00:00.000,"{'latitude': '34.01366', 'longitude': '-118.28294', 'human_address': '{""address"": """", ""city"": """", ""state"": """", ""zip"": """"}'}",V06,Exposition Park Stadium (BMO Stadium),180.4,34.01366,-118.28294,LADBS Building and Safety Temporary Special Event (TSE) Permits,
234109000004187,Temporary Special Event,Commercial,665,665,W,JEFFERSON,BLVD,90007,60' wide x 40' deep @ 5' rolling stage,60' wide x 40' deep @ 5' rolling stage,DR FRESH 60' X 40',2023-08-25T00:00:00.000,2023-08-25T00:00:00.000,"{'latitude': '34.02302', 'longitude': '-118.28206', 'human_address': '{""address"": """", ""city"": """", ""state"": """", ""zip"": """"}'}",V07,Galen Center (USC),294.1,34.02302,-118.28206,LADBS Building and Safety Temporary Special Event (TSE) Permits,
234109000004138,Temporary Special Event,Commercial,665,665,W,JEFFERSON,BLVD,90007,"Temporary decking and stages Main Stage 8/13-19 48"" high with 29' ramp",Expo Hall,VALORANT 2023,2023-08-20T00:00:00.000,2023-08-21T00:00:00.000,"{'latitude': '34.02302', 'longitude': '-118.28206', 'human_address': '{""address"": """", ""city"": """", ""state"": """", ""zip"": """"}'}",V07,Galen Center (USC),294.1,34.02302,-118.28206,LADBS Building and Safety Temporary Special Event (TSE) Permits,
234109000004171,Temporary Special Event,Commercial,3551,3551,S,TROUSDALE,PKWY,90089,The stage will be used for the performers of the concert and the tents,USC McCarthy Quad on 8/19. Please come for the inspection anytime before 2pm.,WELCOME BACK CONCERT,2023-08-19T00:00:00.000,2023-08-19T00:00:00.000,"{'latitude': '34.02066', 'longitude': '-118.28531', 'human_address': '{""address"": """", ""city"": """", ""state"": """", ""zip"": """"}'}",V07,Galen Center (USC),490.8,34.02066,-118.28531,LADBS Building and Safety Temporary Special Event (TSE) Permits,
234109000003976,Temporary Special Event,Commercial,3400,3400,S,FIGUEROA,ST,90007,STAGE 66X44,USC GALEN CENTER,RBD,2023-08-14T00:00:00.000,2023-08-14T00:00:00.000,"{'latitude': '34.02167', 'longitude': '-118.2799', 'human_address': '{""address"": """", ""city"": """", ""state"": """", ""zip"": """"}'}",V07,Galen Center (USC),75.1,34.02167,-118.2799,LADBS Building and Safety Temporary Special Event (TSE) Permits,
234109000003995,Temporary Special Event,Commercial,665,665,W,JEFFERSON,BLVD,90007,"Temporary decking and stages Main Stage 8/13-19 48"" high with 29' ramp",inside expo hall,VALORANT 2023,2023-08-13T00:00:00.000,2023-08-17T00:00:00.000,"{'latitude': '34.02302', 'longitude': '-118.28206', 'human_address': '{""address"": """", ""city"": """", ""state"": """", ""zip"": """"}'}",V07,Galen Center (USC),294.1,34.02302,-118.28206,LADBS Building and Safety Temporary Special Event (TSE) Permits,
234109000004046,Temporary Special Event,Commercial,3939,3939,S,FIGUEROA,ST,90037,Marco Antonio Solis,Inspection at 8 am please,ROOFTOP TENT,2023-08-12T00:00:00.000,2023-08-13T00:00:00.000,"{'latitude': '34.01173', 'longitude': '-118.28296', 'human_address': '{""address"": """", ""city"": """", ""state"": """", ""zip"": """"}'}",V06,Exposition Park Stadium (BMO Stadium),192.4,34.01173,-118.28296,LADBS Building and Safety Temporary Special Event (TSE) Permits,
234109000003899,Temporary Special Event,Commercial,1301,1301,S,FIGUEROA,ST,90015,Freeman truss structure at 16',Trade show booth at the SIGGRAPH show,"Z BY HP BOOTH, WITH 16' H TRUSS",2023-08-08T00:00:00.000,2023-08-10T00:00:00.000,"{'latitude': '34.04058', 'longitude': '-118.26853', 'human_address': '{""address"": """", ""city"": """", ""state"": """", ""zip"": """"}'}",V03,LA Convention Center (Halls 1-3),190.2,34.04058,-118.26853,LADBS Building and Safety Temporary Special Event (TSE) Permits,
234109000003865,Temporary Special Event,Commercial,665,665,W,JEFFERSON,BLVD,90007,"Temporary decking and stages  Main Stage 48"" high with 29' ramp  2 Her",Expo Hall,VALORANT 2023,2023-08-06T00:00:00.000,2023-08-10T00:00:00.000,"{'latitude': '34.02302', 'longitude': '-118.28206', 'human_address': '{""address"": """", ""city"": """", ""state"": """", ""zip"": """"}'}",V07,Galen Center (USC),294.1,34.02302,-118.28206,LADBS Building and Safety Temporary Special Event (TSE) Permits,
234109000003765,Temporary Special Event,Commercial,3911,3911,S,FIGUEROA,ST,90037,Stage 3  X inside coliseum floor    Truss Structure 70' High x 140 Wid,Stage 3 & 4,HARD SUMMER 2023,2023-08-05T00:00:00.000,2023-08-06T00:00:00.000,"{'latitude': '34.01366', 'longitude': '-118.28294', 'human_address': '{""address"": """", ""city"": """", ""state"": """", ""zip"": """"}'}",V06,Exposition Park Stadium (BMO Stadium),180.4,34.01366,-118.28294,LADBS Building and Safety Temporary Special Event (TSE) Permits,
234109000003870,Temporary Special Event,Commercial,777,777,W,CHICK HEARN,CT,90015,Temporary Tents  300x140 existing  4-Truss 2 14' high arches on 2-Chic,Event Deck and Plaza,NIKE 3 ON 3,2023-08-05T00:00:00.000,2023-08-06T00:00:00.000,"{'latitude': '34.04406', 'longitude': '-118.26707', 'human_address': '{""address"": """", ""city"": """", ""state"": """", ""zip"": """"}'}",V04,Peacock Theater,51.4,34.04406,-118.26707,LADBS Building and Safety Temporary Special Event (TSE) Permits,
234109000003698,Temporary Special Event,Commercial,3911,3911,S,FIGUEROA,ST,90037,stage 1 bar 10x70 10x90 10x210-food 10x180 -10x60 Vip 1 10x140 stage 4,Though out the venue,HARD SUMMER 2023,2023-08-05T00:00:00.000,2023-08-06T00:00:00.000,"{'latitude': '34.01366', 'longitude': '-118.28294', 'human_address': '{""address"": """", ""city"": """", ""state"": """", ""zip"": """"}'}",V06,Exposition Park Stadium (BMO Stadium),180.4,34.01366,-118.28294,LADBS Building and Safety Temporary Special Event (TSE) Permits,
234109000003569,Temporary Special Event,Commercial,3911,3911,S,FIGUEROA,ST,90037,"Preferred Inspection at 12 noon please.  Multiple stages, structures,","Multiple Stage Event at LA Coliseum, BMO and Exposition Park",HARD SUMMER 2023,2023-08-05T00:00:00.000,2023-08-06T00:00:00.000,"{'latitude': '34.01366', 'longitude': '-118.28294', 'human_address': '{""address"": """", ""city"": """", ""state"": """", ""zip"": """"}'}",V06,Exposition Park Stadium (BMO Stadium),180.4,34.01366,-118.28294,LADBS Building and Safety Temporary Special Event (TSE) Permits,
234109000003764,Temporary Special Event,Commercial,3911,3911,S,FIGUEROA,ST,90037,Stage 1 lot 6  197' x 84' high truss with 88' d x 128' wide x  6'2 Hig,Stage 1 & 2,HARD SUMMER,2023-08-05T00:00:00.000,2023-08-06T00:00:00.000,"{'latitude': '34.01366', 'longitude': '-118.28294', 'human_address': '{""address"": """", ""city"": """", ""state"": """", ""zip"": """"}'}",V06,Exposition Park Stadium (BMO Stadium),180.4,34.01366,-118.28294,LADBS Building and Safety Temporary Special Event (TSE) Permits,
234109000003814,Temporary Special Event,Commercial,3911,3911,S,FIGUEROA,ST,90037,Temporary Truss  27- 12' High truss goal post inside and out side stad,Inside field and out side of coliseum,HARD SUMMER 2023,2023-08-05T00:00:00.000,2023-08-06T00:00:00.000,"{'latitude': '34.01366', 'longitude': '-118.28294', 'human_address': '{""address"": """", ""city"": """", ""state"": """", ""zip"": """"}'}",V06,Exposition Park Stadium (BMO Stadium),180.4,34.01366,-118.28294,LADBS Building and Safety Temporary Special Event (TSE) Permits,
234109000003701,Temporary Special Event,Commercial,3939,3939,S,FIGUEROA,ST,90037,BMO VIP lockers 3 10x20  Security 20x20   Pro em,BMO Stadium,HARD SUMMER 2023,2023-08-05T00:00:00.000,2023-08-06T00:00:00.000,"{'latitude': '34.01173', 'longitude': '-118.28296', 'human_address': '{""address"": """", ""city"": """", ""state"": """", ""zip"": """"}'}",V06,Exposition Park Stadium (BMO Stadium),192.4,34.01173,-118.28296,LADBS Building and Safety Temporary Special Event (TSE) Permits,
234109000003702,Temporary Special Event,Commercial,3911,3911,S,FIGUEROA,ST,90037,Ghost (Gold Lot ) 11' High X 95' Wide     Beat Box  3 deck riser and 2,inside coliseum  property,HARD SUMMER 2023,2023-08-05T00:00:00.000,2023-08-06T00:00:00.000,"{'latitude': '34.01366', 'longitude': '-118.28294', 'human_address': '{""address"": """", ""city"": """", ""state"": """", ""zip"": """"}'}",V06,Exposition Park Stadium (BMO Stadium),180.4,34.01366,-118.28294,LADBS Building and Safety Temporary Special Event (TSE) Permits,
234109000003699,Temporary Special Event,Commercial,3911,3911,S,FIGUEROA,ST,90037,"Shade Structures Stage 1 & Stage 5 , 2- 85'X85'  Stage 1 -VIP 26'X145'",Inside and out side the coliseum,HARD SUMMER 2023,2023-08-05T00:00:00.000,2023-08-06T00:00:00.000,"{'latitude': '34.01366', 'longitude': '-118.28294', 'human_address': '{""address"": """", ""city"": """", ""state"": """", ""zip"": """"}'}",V06,Exposition Park Stadium (BMO Stadium),180.4,34.01366,-118.28294,LADBS Building and Safety Temporary Special Event (TSE) Permits,
234109000003809,Temporary Special Event,Commercial,3911,3911,S,FIGUEROA,ST,90037,Temporary Tent Gate 1 coliseum  30x30 for Volta Summer tent  Full Circ,Lot 1,HARD SUMMER,2023-08-05T00:00:00.000,2023-08-06T00:00:00.000,"{'latitude': '34.01366', 'longitude': '-118.28294', 'human_address': '{""address"": """", ""city"": """", ""state"": """", ""zip"": """"}'}",V06,Exposition Park Stadium (BMO Stadium),180.4,34.01366,-118.28294,LADBS Building and Safety Temporary Special Event (TSE) Permits,
234109000003866,Temporary Special Event,Commercial,777,777,W,CHICK HEARN,CT,90015,Temporary Tents  Bright Rentals  Plaza 2 15x30  20x20  Street 20x20 3,Plaza and street,NIKE 3 ON 3,2023-08-04T00:00:00.000,2023-08-06T00:00:00.000,"{'latitude': '34.04406', 'longitude': '-118.26707', 'human_address': '{""address"": """", ""city"": """", ""state"": """", ""zip"": """"}'}",V04,Peacock Theater,51.4,34.04406,-118.26707,LADBS Building and Safety Temporary Special Event (TSE) Permits,
234109000003895,Temporary Special Event,Commercial,3939,3939,S,FIGUEROA,ST,90037,Hard Fest,,ROOFTOP TENT,2023-08-03T00:00:00.000,2023-08-06T00:00:00.000,"{'latitude': '34.01173', 'longitude': '-118.28296', 'human_address': '{""address"": """", ""city"": """", ""state"": """", ""zip"": """"}'}",V06,Exposition Park Stadium (BMO Stadium),192.4,34.01173,-118.28296,LADBS Building and Safety Temporary Special Event (TSE) Permits,
234109000003589,Temporary Special Event,Vacant Land,900,900,W,EXPOSITION,BLVD,90037,"TRUCK STAGES X 2, FESTIVAL STYLE TENTS, 8' AND 6' FENCING WITH WINDSCR",EXPO LAWN EAST & WEST ARE LOCATED ALONG EXPOSITION PARK BLVD.,SOUND AND FURY LA,2023-07-29T00:00:00.000,2023-07-30T00:00:00.000,"{'latitude': '34.01803', 'longitude': '-118.2884', 'human_address': '{""address"": """", ""city"": """", ""state"": """", ""zip"": """"}'}",V05,LA Memorial Coliseum,439.4,34.01803,-118.2884,LADBS Building and Safety Temporary Special Event (TSE) Permits,
234109000003657,Temporary Special Event,Commercial,1301,1301,S,FIGUEROA,ST,90015,MainStage Decks are Double supported by Framing.,Main Stage for Hall A performers,LES MILLS LIVE - LA,2023-07-27T00:00:00.000,2023-07-30T00:00:00.000,"{'latitude': '34.04058', 'longitude': '-118.26853', 'human_address': '{""address"": """", ""city"": """", ""state"": """", ""zip"": """"}'}",V03,LA Convention Center (Halls 1-3),190.2,34.04058,-118.26853,LADBS Building and Safety Temporary Special Event (TSE) Permits,
234109000003721,Temporary Special Event,Commercial,1301,1301,S,FIGUEROA,ST,90015,Inflatable,South Hall K,LOS ANGELES GOT SOLE,2023-07-24T00:00:00.000,2023-07-24T00:00:00.000,"{'latitude': '34.04058', 'longitude': '-118.26853', 'human_address': '{""address"": """", ""city"": """", ""state"": """", ""zip"": """"}'}",V03,LA Convention Center (Halls 1-3),190.2,34.04058,-118.26853,LADBS Building and Safety Temporary Special Event (TSE) Permits,
234109000003639,Temporary Special Event,Commercial,3911,3911,S,FIGUEROA,ST,90037,Temporary Tents  40x80 canopy  Town & Country Event rentals  install 7,On the field,BARCELONA SOCCER,2023-07-20T00:00:00.000,2023-07-24T00:00:00.000,"{'latitude': '34.01366', 'longitude': '-118.28294', 'human_address': '{""address"": """", ""city"": """", ""state"": """", ""zip"": """"}'}",V06,Exposition Park Stadium (BMO Stadium),180.4,34.01366,-118.28294,LADBS Building and Safety Temporary Special Event (TSE) Permits,
234109000003372,Temporary Special Event,Commercial,,,,,,,"Change of Use in Parking lot, tents",Dodger Stadium Lot G,PLAYERFEST,2023-07-15T00:00:00.000,2023-07-15T00:00:00.000,,V01,Dodger Stadium,,,,LADBS Building and Safety Temporary Special Event (TSE) Permits,
234109000003518,Temporary Special Event,Commercial,700,700,W,32ND,ST,90007,Concert in Expo Hall,,THE DRUMS/BONOBOO,2023-07-14T00:00:00.000,2023-07-15T00:00:00.000,"{'latitude': '34.0242', 'longitude': '-118.28089', 'human_address': '{""address"": """", ""city"": """", ""state"": """", ""zip"": """"}'}",V07,Galen Center (USC),365.2,34.0242,-118.28089,LADBS Building and Safety Temporary Special Event (TSE) Permits,
234109000003454,Temporary Special Event,Commercial,665,665,W,JEFFERSON,BLVD,90007,TCUP For parking lot  with Carpet & 6 sets of Bleachers 15'W x 6 Rows,Royal St & Parking lot,BARBIE,2023-07-09T00:00:00.000,2023-07-09T00:00:00.000,"{'latitude': '34.02302', 'longitude': '-118.28206', 'human_address': '{""address"": """", ""city"": """", ""state"": """", ""zip"": """"}'}",V07,Galen Center (USC),294.1,34.02302,-118.28206,LADBS Building and Safety Temporary Special Event (TSE) Permits,
234109000003448,Temporary Special Event,Apartment,3939,3939,S,FIGUEROA,ST,90037,LAFC Ticketing General Member Event,Inspection at 8am please,ROOFTOP TENT,2023-07-08T00:00:00.000,2023-07-08T00:00:00.000,"{'latitude': '34.01173', 'longitude': '-118.28296', 'human_address': '{""address"": """", ""city"": """", ""state"": """", ""zip"": """"}'}",V06,Exposition Park Stadium (BMO Stadium),192.4,34.01173,-118.28296,LADBS Building and Safety Temporary Special Event (TSE) Permits,
234109000003421,Temporary Special Event,Commercial,3939,3939,S,FIGUEROA,ST,90037,Stage for Fall Out Boy Concert,Could do inspection on Saturday or Sunday prior to 4:30pm. Will Call Felix,FALL OUT BOY CONCERT,2023-07-02T00:00:00.000,2023-07-03T00:00:00.000,"{'latitude': '34.01173', 'longitude': '-118.28296', 'human_address': '{""address"": """", ""city"": """", ""state"": """", ""zip"": """"}'}",V06,Exposition Park Stadium (BMO Stadium),192.4,34.01173,-118.28296,LADBS Building and Safety Temporary Special Event (TSE) Permits,
234109000003038,Temporary Special Event,Commercial,1301,1301,S,FIGUEROA,ST,90015,"Two feature towers, approximately 14.5' H at front entrance with 3-ste",,TOHO @ ANIME EXPO 2023,2023-07-01T00:00:00.000,2023-07-04T00:00:00.000,"{'latitude': '34.04058', 'longitude': '-118.26853', 'human_address': '{""address"": """", ""city"": """", ""state"": """", ""zip"": """"}'}",V03,LA Convention Center (Halls 1-3),190.2,34.04058,-118.26853,LADBS Building and Safety Temporary Special Event (TSE) Permits,
234109000003087,Temporary Special Event,Commercial,1301,1301,S,FIGUEROA,ST,90015,Structural Engineering,"South Hall: Front 2nd Row, Right Side",ANIME EXPO 2023,2023-07-01T00:00:00.000,2023-07-04T00:00:00.000,"{'latitude': '34.04058', 'longitude': '-118.26853', 'human_address': '{""address"": """", ""city"": """", ""state"": """", ""zip"": """"}'}",V03,LA Convention Center (Halls 1-3),190.2,34.04058,-118.26853,LADBS Building and Safety Temporary Special Event (TSE) Permits,
234109000003123,Temporary Special Event,Commercial,1301,1301,S,FIGUEROA,ST,90015,Truss structure was reviewed according to design and loads for indoor,LACC South Hall Lobby,ANIME EXPO 2023 LED TRUSS STRUCTURE,2023-07-01T00:00:00.000,2023-07-05T00:00:00.000,"{'latitude': '34.04058', 'longitude': '-118.26853', 'human_address': '{""address"": """", ""city"": """", ""state"": """", ""zip"": """"}'}",V03,LA Convention Center (Halls 1-3),190.2,34.04058,-118.26853,LADBS Building and Safety Temporary Special Event (TSE) Permits,
234109000003100,Temporary Special Event,Commercial,1301,1301,S,FIGUEROA,ST,90015,Non load-bearing silhouette wall as background prepped & primed for fl,"16', 2D flat graphic mountain structure at back of booth",HULU BOOTH - 2D MOUNTAIN STRUCTURE,2023-07-01T00:00:00.000,2023-07-04T00:00:00.000,"{'latitude': '34.04058', 'longitude': '-118.26853', 'human_address': '{""address"": """", ""city"": """", ""state"": """", ""zip"": """"}'}",V03,LA Convention Center (Halls 1-3),190.2,34.04058,-118.26853,LADBS Building and Safety Temporary Special Event (TSE) Permits,
234109000003297,Temporary Special Event,Commercial,1301,1301,S,FIGUEROA,ST,90015,Global stability review of booth structure,,SOUTH LOBBY - MCDONALD'S,2023-07-01T00:00:00.000,2023-07-04T00:00:00.000,"{'latitude': '34.04058', 'longitude': '-118.26853', 'human_address': '{""address"": """", ""city"": """", ""state"": """", ""zip"": """"}'}",V03,LA Convention Center (Halls 1-3),190.2,34.04058,-118.26853,LADBS Building and Safety Temporary Special Event (TSE) Permits,
234109000003273,Temporary Special Event,Commercial,1301,1301,S,FIGUEROA,ST,90015,We will be assembling a fiberglass model at the show floor within the,,WEST HALL - BOOTH E-3,2023-07-01T00:00:00.000,2023-07-04T00:00:00.000,"{'latitude': '34.04058', 'longitude': '-118.26853', 'human_address': '{""address"": """", ""city"": """", ""state"": """", ""zip"": """"}'}",V03,LA Convention Center (Halls 1-3),190.2,34.04058,-118.26853,LADBS Building and Safety Temporary Special Event (TSE) Permits,
234109000003259,Temporary Special Event,Commercial,1301,1301,S,FIGUEROA,ST,90015,Exhibit Structure,South Hall - Main Floor,ANIME EXPO,2023-07-01T00:00:00.000,2023-07-04T00:00:00.000,"{'latitude': '34.04058', 'longitude': '-118.26853', 'human_address': '{""address"": """", ""city"": """", ""state"": """", ""zip"": """"}'}",V03,LA Convention Center (Halls 1-3),190.2,34.04058,-118.26853,LADBS Building and Safety Temporary Special Event (TSE) Permits,
234109000003133,Temporary Special Event,Commercial,1301,1301,S,FIGUEROA,ST,90015,Structural Tower (Over 12'),"Los Angeles Convention Center, South Hall, Booth 2206- SEGA of America",LOS ANGELES ANIME EXPO,2023-07-01T00:00:00.000,2023-07-04T00:00:00.000,"{'latitude': '34.04058', 'longitude': '-118.26853', 'human_address': '{""address"": """", ""city"": """", ""state"": """", ""zip"": """"}'}",V03,LA Convention Center (Halls 1-3),190.2,34.04058,-118.26853,LADBS Building and Safety Temporary Special Event (TSE) Permits,
234109000003314,Temporary Special Event,Commercial,1515,1515,S,ABBOT KINNEY,BLVD,90291,"Free ice cream served from trailer, LA-Public-Health approved.  Retail","ice cream served from trailer, LA-Public-Health approved",COACH/CONFIDENTIAL,2023-07-01T00:00:00.000,2023-07-02T00:00:00.000,"{'latitude': '33.9903', 'longitude': '-118.46415', 'human_address': '{""address"": """", ""city"": """", ""state"": """", ""zip"": """"}'}",V13,Venice Beach,615.2,33.9903,-118.46415,LADBS Building and Safety Temporary Special Event (TSE) Permits,
234109000003466,Temporary Special Event,Commercial,3911,3911,S,FIGUEROA,ST,90037,Event at LA Colisuem,LA Memorial Coliseum,TORCH AT LA COLISUEM,2023-07-01T00:00:00.000,2023-07-01T00:00:00.000,"{'latitude': '34.01366', 'longitude': '-118.28294', 'human_address': '{""address"": """", ""city"": """", ""state"": """", ""zip"": """"}'}",V06,Exposition Park Stadium (BMO Stadium),180.4,34.01366,-118.28294,LADBS Building and Safety Temporary Special Event (TSE) Permits,
234109000003128,Temporary Special Event,Commercial,1301,1301,S,FIGUEROA,ST,90015,Overhead hanging sign & structures from floor >12ft,,VIZ MEDIA BOOTH W/ ELEMENTS 12FT+,2023-07-01T00:00:00.000,2023-07-04T00:00:00.000,"{'latitude': '34.04058', 'longitude': '-118.26853', 'human_address': '{""address"": """", ""city"": """", ""state"": """", ""zip"": """"}'}",V03,LA Convention Center (Halls 1-3),190.2,34.04058,-118.26853,LADBS Building and Safety Temporary Special Event (TSE) Permits,
234109000003299,Temporary Special Event,Commercial,1301,1301,S,FIGUEROA,ST,90015,"Height: 25'7""  Weight: 20,000 lbs",,LACC SOUTH HALL AIPLEX,2023-07-01T00:00:00.000,2023-07-04T00:00:00.000,"{'latitude': '34.04058', 'longitude': '-118.26853', 'human_address': '{""address"": """", ""city"": """", ""state"": """", ""zip"": """"}'}",V03,LA Convention Center (Halls 1-3),190.2,34.04058,-118.26853,LADBS Building and Safety Temporary Special Event (TSE) Permits,
234109000003200,Temporary Special Event,Commercial,777,777,W,CHICK HEARN,CT,90015,Temporary Structures Skytechno Crane Areo crane rigged  Decking 116' W,Inside peacock theater,2023 BET AWARDS,2023-06-25T00:00:00.000,2023-06-25T00:00:00.000,"{'latitude': '34.04406', 'longitude': '-118.26707', 'human_address': '{""address"": """", ""city"": """", ""state"": """", ""zip"": """"}'}",V04,Peacock Theater,51.4,34.04406,-118.26707,LADBS Building and Safety Temporary Special Event (TSE) Permits,
234109000002958,Temporary Special Event,Commercial,1515,1515,S,ABBOT KINNEY,BLVD,90291,Truss & Ballast booth and ballasted wall flats holding printed materia,Truss & Ballast sttucture under 12' hi.   Load out thru June 24.,MAX/AWAY,2023-06-17T00:00:00.000,2023-06-21T00:00:00.000,"{'latitude': '33.9903', 'longitude': '-118.46415', 'human_address': '{""address"": """", ""city"": """", ""state"": """", ""zip"": """"}'}",V13,Venice Beach,615.2,33.9903,-118.46415,LADBS Building and Safety Temporary Special Event (TSE) Permits,
234109000002772,Temporary Special Event,Commercial,3400,3400,S,FIGUEROA,ST,90007,STAGE 32 X 24 X 4,USC GALEN CENTER,LATTC GRADUATION,2023-06-06T00:00:00.000,2023-06-06T00:00:00.000,"{'latitude': '34.02167', 'longitude': '-118.2799', 'human_address': '{""address"": """", ""city"": """", ""state"": """", ""zip"": """"}'}",V07,Galen Center (USC),75.1,34.02167,-118.2799,LADBS Building and Safety Temporary Special Event (TSE) Permits,
234109000002931,Temporary Special Event,Commercial,3939,3939,S,FIGUEROA,ST,90037,CCL After Party,Inspection at 9:30 am please,ROOFTOP TENT,2023-06-04T00:00:00.000,2023-06-04T00:00:00.000,"{'latitude': '34.01173', 'longitude': '-118.28296', 'human_address': '{""address"": """", ""city"": """", ""state"": """", ""zip"": """"}'}",V06,Exposition Park Stadium (BMO Stadium),192.4,34.01173,-118.28296,LADBS Building and Safety Temporary Special Event (TSE) Permits,
234109000002917,Temporary Special Event,Commercial,3939,3939,S,FIGUEROA,ST,90037,"4Sky Fly camera installation, the system will be read for inspection S",BMO Stadium,CONCACAF CHAMPIONS LEAGUE SOCCER GAME,2023-06-04T00:00:00.000,2023-06-04T00:00:00.000,"{'latitude': '34.01173', 'longitude': '-118.28296', 'human_address': '{""address"": """", ""city"": """", ""state"": """", ""zip"": """"}'}",V06,Exposition Park Stadium (BMO Stadium),192.4,34.01173,-118.28296,LADBS Building and Safety Temporary Special Event (TSE) Permits,
234109000002919,Temporary Special Event,Commercial,3911,3911,S,FIGUEROA,ST,90037,Temporary Tents  20x40,Field,NOTCH�S,2023-06-02T00:00:00.000,2023-06-02T00:00:00.000,"{'latitude': '34.01366', 'longitude': '-118.28294', 'human_address': '{""address"": """", ""city"": """", ""state"": """", ""zip"": """"}'}",V06,Exposition Park Stadium (BMO Stadium),180.4,34.01366,-118.28294,LADBS Building and Safety Temporary Special Event (TSE) Permits,
234109000002794,Temporary Special Event,Commercial,3911,3911,S,FIGUEROA,ST,90037,Temporary Structures for Party  Tents/ Igloo  40m x 75m  (132'x247'),On the field,NOTCH'S PARTY,2023-06-01T00:00:00.000,2023-06-01T00:00:00.000,"{'latitude': '34.01366', 'longitude': '-118.28294', 'human_address': '{""address"": """", ""city"": """", ""state"": """", ""zip"": """"}'}",V06,Exposition Park Stadium (BMO Stadium),180.4,34.01366,-118.28294,LADBS Building and Safety Temporary Special Event (TSE) Permits,
234109000002786,Temporary Special Event,Commercial,3939,3939,S,FIGUEROA,ST,90037,TXT Concert stage and FOH Structure,"Load in happening 5/26, inspection any time in afternoon.",TXT CONCERT,2023-05-27T00:00:00.000,2023-05-28T00:00:00.000,"{'latitude': '34.01173', 'longitude': '-118.28296', 'human_address': '{""address"": """", ""city"": """", ""state"": """", ""zip"": """"}'}",V06,Exposition Park Stadium (BMO Stadium),192.4,34.01173,-118.28296,LADBS Building and Safety Temporary Special Event (TSE) Permits,
234109000001585,Temporary Special Event,Vacant Land,1800,1800,S,OCEAN FRONT,WALK,90291,"temporary DJ set up, and tent for sun protection, plus additional tabl",Venice Beach Skatepark,SKATE JAM,2023-05-20T00:00:00.000,2023-05-20T00:00:00.000,"{'latitude': '33.98581', 'longitude': '-118.47284', 'human_address': '{""address"": """", ""city"": """", ""state"": """", ""zip"": """"}'}",V14,Venice Beach Boardwalk,92.7,33.98581,-118.47284,LADBS Building and Safety Temporary Special Event (TSE) Permits,
234109000002366,Temporary Special Event,Apartment,1800,1800,S,OCEAN FRONT,WALK,90291,We are hosting an event on the basketball courts at the rec center and,"Hi there! We will need the inspection for Saturday, May 20 at 5pm!",USA TEQ TOUR - LOS ANGELES,2023-05-20T00:00:00.000,2023-05-20T00:00:00.000,"{'latitude': '33.98581', 'longitude': '-118.47284', 'human_address': '{""address"": """", ""city"": """", ""state"": """", ""zip"": """"}'}",V14,Venice Beach Boardwalk,92.7,33.98581,-118.47284,LADBS Building and Safety Temporary Special Event (TSE) Permits,
234109000002562,Temporary Special Event,Commercial,3911,3911,S,FIGUEROA,ST,90037,Temporary Tents  5 10x10 1 10x20 2 15x20 1 15x60 6 20x20 2 20x30 1 30x,On the field,NFLPA ROOKIE,2023-05-20T00:00:00.000,2023-05-20T00:00:00.000,"{'latitude': '34.01366', 'longitude': '-118.28294', 'human_address': '{""address"": """", ""city"": """", ""state"": """", ""zip"": """"}'}",V06,Exposition Park Stadium (BMO Stadium),180.4,34.01366,-118.28294,LADBS Building and Safety Temporary Special Event (TSE) Permits,
234109000002553,Temporary Special Event,Commercial,1111,1111,S,FIGUEROA,ST,90015,Installation of box truss onto maintenance walkway surrounding Crypto,Installation of four box truss towers onto maintenance walkway into Arena,LAKERS VS NUGGETS INSTALL,2023-05-19T00:00:00.000,2023-05-23T00:00:00.000,"{'latitude': '34.04338', 'longitude': '-118.26581', 'human_address': '{""address"": """", ""city"": """", ""state"": """", ""zip"": """"}'}",V02,DTLA Arena (Crypto.com Arena),131.8,34.04338,-118.26581,LADBS Building and Safety Temporary Special Event (TSE) Permits,
234109000002207,Temporary Special Event,Commercial,649,649,W,JEFFERSON,BLVD,90007,60' wide x 40' deep @ 5' rolling stage,the shrine auditorium,MOLCHAT DOMA 5-17-23,2023-05-18T00:00:00.000,2023-05-18T00:00:00.000,"{'latitude': '34.02274', 'longitude': '-118.28142', 'human_address': '{""address"": """", ""city"": """", ""state"": """", ""zip"": """"}'}",V07,Galen Center (USC),233.6,34.02274,-118.28142,LADBS Building and Safety Temporary Special Event (TSE) Permits,
234109000002341,Temporary Special Event,Commercial,649,649,W,JEFFERSON,BLVD,90007,Concert in Expo Hall,,MOLCHAT DOMA,2023-05-18T00:00:00.000,2023-05-18T00:00:00.000,"{'latitude': '34.02274', 'longitude': '-118.28142', 'human_address': '{""address"": """", ""city"": """", ""state"": """", ""zip"": """"}'}",V07,Galen Center (USC),233.6,34.02274,-118.28142,LADBS Building and Safety Temporary Special Event (TSE) Permits,
234109000002517,Temporary Special Event,Commercial,700,700,W,EXPOSITION PARK,DR,90007,Temporary Tents Back stage lounge  Town & Country  1-40x40 4-8bars 4-s,Exposition park,SOLOMAN 2023,2023-05-13T00:00:00.000,2023-05-13T00:00:00.000,"{'latitude': '34.01561', 'longitude': '-118.28665', 'human_address': '{""address"": """", ""city"": """", ""state"": """", ""zip"": """"}'}",V05,LA Memorial Coliseum,203.6,34.01561,-118.28665,LADBS Building and Safety Temporary Special Event (TSE) Permits,
234109000002429,Temporary Special Event,Apartment,3939,3939,S,FIGUEROA,ST,90037,ACFC pre game Sound Bath,"Can we get the inspection at 9:30 am on Sat, May 13.",ACFC SOUND BATH,2023-05-13T00:00:00.000,2023-05-13T00:00:00.000,"{'latitude': '34.01173', 'longitude': '-118.28296', 'human_address': '{""address"": """", ""city"": """", ""state"": """", ""zip"": """"}'}",V06,Exposition Park Stadium (BMO Stadium),192.4,34.01173,-118.28296,LADBS Building and Safety Temporary Special Event (TSE) Permits,
234109000002312,Temporary Special Event,Commercial,849,849,W,WEST 34TH,ST,90089,Temporary Tents 20x20 2 10x10  150 Guest  9am -5pm   Town & Country,PATIO,USC KAUFMAN,2023-05-12T00:00:00.000,2023-05-12T00:00:00.000,"{'latitude': '34.02342', 'longitude': '-118.28537', 'human_address': '{""address"": """", ""city"": """", ""state"": """", ""zip"": """"}'}",V07,Galen Center (USC),563.3,34.02342,-118.28537,LADBS Building and Safety Temporary Special Event (TSE) Permits,
234109000002371,Temporary Special Event,Commercial,3400,3400,S,FIGUEROA,ST,90007,STAGE 60X32X4,USC GALEN CENTER,USC GRADUATION,2023-05-08T00:00:00.000,2023-05-12T00:00:00.000,"{'latitude': '34.02167', 'longitude': '-118.2799', 'human_address': '{""address"": """", ""city"": """", ""state"": """", ""zip"": """"}'}",V07,Galen Center (USC),75.1,34.02167,-118.2799,LADBS Building and Safety Temporary Special Event (TSE) Permits,
234109000002181,Temporary Special Event,Commercial,1301,1301,S,FIGUEROA,ST,90015,Engineer,,LA SUPER SHOW,2023-05-06T00:00:00.000,2023-05-07T00:00:00.000,"{'latitude': '34.04058', 'longitude': '-118.26853', 'human_address': '{""address"": """", ""city"": """", ""state"": """", ""zip"": """"}'}",V03,LA Convention Center (Halls 1-3),190.2,34.04058,-118.26853,LADBS Building and Safety Temporary Special Event (TSE) Permits,
234109000002377,Temporary Special Event,Commercial,3911,3911,S,FIGUEROA,ST,90037,"Music and Art event with stages, art, and art installations. Site walk",Located at the LA Coliseum. Our inspection will be Saturday May 6 at 8am.,DESERT HEARTS LOS ANGELES,2023-05-06T00:00:00.000,2023-05-07T00:00:00.000,"{'latitude': '34.01366', 'longitude': '-118.28294', 'human_address': '{""address"": """", ""city"": """", ""state"": """", ""zip"": """"}'}",V06,Exposition Park Stadium (BMO Stadium),180.4,34.01366,-118.28294,LADBS Building and Safety Temporary Special Event (TSE) Permits,
234109000002376,Temporary Special Event,Commercial,777,777,W,CHICK HEARN,CT,90015,Temporary Truss Structure on the street  for Fan Fest  Truss Structure,on Chick Hearn Crt,LAKER FAN FEST,2023-05-06T00:00:00.000,2023-05-06T00:00:00.000,"{'latitude': '34.04406', 'longitude': '-118.26707', 'human_address': '{""address"": """", ""city"": """", ""state"": """", ""zip"": """"}'}",V04,Peacock Theater,51.4,34.04406,-118.26707,LADBS Building and Safety Temporary Special Event (TSE) Permits,
234109000002049,Temporary Special Event,Commercial,4700,4700,W,WESTERN HERITAGE,WAY,90027,Tent inspection for festival,The Autry Museum,GREAT BIG FAMILY PLAY DAY,2023-05-06T00:00:00.000,2023-05-07T00:00:00.000,"{'latitude': '34.14865', 'longitude': '-118.28197', 'human_address': '{""address"": """", ""city"": """", ""state"": """", ""zip"": """"}'}",V08,LA Zoo,344.3,34.14865,-118.28197,LADBS Building and Safety Temporary Special Event (TSE) Permits,
234109000002218,Temporary Special Event,Vacant Land,1150,1150,S,HARBOR,BLVD,90731,Food trailers and picnic tables,,SHRIMP FEST,2023-05-01T00:00:00.000,2023-05-05T00:00:00.000,"{'latitude': '33.73491', 'longitude': '-118.2791', 'human_address': '{""address"": """", ""city"": """", ""state"": """", ""zip"": """"}'}",V11,Port of Los Angeles,704.8,33.73491,-118.2791,LADBS Building and Safety Temporary Special Event (TSE) Permits,
234109000002086,Temporary Special Event,Commercial,777,777,W,CHICK HEARN,CT,90015,"Existing  300x140 Tent on the event deck  AEG Tim Kurnick Manager, Eve",Event Deck,PIZZA CITY FEST,2023-04-29T00:00:00.000,2023-04-30T00:00:00.000,"{'latitude': '34.04406', 'longitude': '-118.26707', 'human_address': '{""address"": """", ""city"": """", ""state"": """", ""zip"": """"}'}",V04,Peacock Theater,51.4,34.04406,-118.26707,LADBS Building and Safety Temporary Special Event (TSE) Permits,
234109000002085,Temporary Special Event,Commercial,777,777,W,CHICK HEARN,CT,90015,Temporary Tents  1 20x20 10  10x30 8 1010   4/29 11am -6pm  4/30 11am,Event Deck,PIZZA CITY FEST,2023-04-29T00:00:00.000,2023-04-30T00:00:00.000,"{'latitude': '34.04406', 'longitude': '-118.26707', 'human_address': '{""address"": """", ""city"": """", ""state"": """", ""zip"": """"}'}",V04,Peacock Theater,51.4,34.04406,-118.26707,LADBS Building and Safety Temporary Special Event (TSE) Permits,
234109000002084,Temporary Special Event,Commercial,777,777,W,CHICK HEARN,CT,90015,"Temporary stage extension 166 ' w x 56' d X 6'-3-8"" High for performan",Inside Microsoft  theater,CIRQUE CORTEO,2023-04-27T00:00:00.000,2023-04-30T00:00:00.000,"{'latitude': '34.04406', 'longitude': '-118.26707', 'human_address': '{""address"": """", ""city"": """", ""state"": """", ""zip"": """"}'}",V04,Peacock Theater,51.4,34.04406,-118.26707,LADBS Building and Safety Temporary Special Event (TSE) Permits,
234109000002125,Temporary Special Event,Commercial,3911,3911,S,FIGUEROA,ST,90037,32'x24'x4' main stage on concrete pad on East end of Field  16'x12'x4',Gala for Verbum Dei HS on the East end of the playing field,VERBUM DEI HS GALA,2023-04-27T00:00:00.000,2023-04-27T00:00:00.000,"{'latitude': '34.01366', 'longitude': '-118.28294', 'human_address': '{""address"": """", ""city"": """", ""state"": """", ""zip"": """"}'}",V06,Exposition Park Stadium (BMO Stadium),180.4,34.01366,-118.28294,LADBS Building and Safety Temporary Special Event (TSE) Permits,
234109000002001,Temporary Special Event,Commercial,3911,3911,S,FIGUEROA,ST,90037,Temporary Tents  40x50 10x10  460 Guest  Town & Country,Field Paddock,VERBUM DEL HIGH,2023-04-27T00:00:00.000,2023-04-27T00:00:00.000,"{'latitude': '34.01366', 'longitude': '-118.28294', 'human_address': '{""address"": """", ""city"": """", ""state"": """", ""zip"": """"}'}",V06,Exposition Park Stadium (BMO Stadium),180.4,34.01366,-118.28294,LADBS Building and Safety Temporary Special Event (TSE) Permits,
234109000001998,Temporary Special Event,Commercial,649,649,W,JEFFERSON,BLVD,90007,Sold Out Concert in Expo Hall,,JACKSON WANG,2023-04-26T00:00:00.000,2023-04-26T00:00:00.000,"{'latitude': '34.02274', 'longitude': '-118.28142', 'human_address': '{""address"": """", ""city"": """", ""state"": """", ""zip"": """"}'}",V07,Galen Center (USC),233.6,34.02274,-118.28142,LADBS Building and Safety Temporary Special Event (TSE) Permits,
234109000001135,Temporary Special Event,Commercial,620,620,W,USC MC CARTHY,WAY,90089,Tents for exhibitors,,LOS ANGELES TIMES FESTIVAL OF BOOKS,2023-04-22T00:00:00.000,2023-04-23T00:00:00.000,"{'latitude': '34.02053', 'longitude': '-118.28156', 'human_address': '{""address"": """", ""city"": """", ""state"": """", ""zip"": """"}'}",V07,Galen Center (USC),153.0,34.02053,-118.28156,LADBS Building and Safety Temporary Special Event (TSE) Permits,
234109000001857,Temporary Special Event,Commercial,3911,3911,S,FIGUEROA,ST,90037,Temporary Tents  Gate 4  20x40  West Seating 10x30  Field 10x15  2 10x,Gate 4 and west seating,SPRING FOOTBALL,2023-04-15T00:00:00.000,2023-04-15T00:00:00.000,"{'latitude': '34.01366', 'longitude': '-118.28294', 'human_address': '{""address"": """", ""city"": """", ""state"": """", ""zip"": """"}'}",V06,Exposition Park Stadium (BMO Stadium),180.4,34.01366,-118.28294,LADBS Building and Safety Temporary Special Event (TSE) Permits,
234109000001737,Temporary Special Event,Commercial,649,649,W,JEFFERSON,BLVD,90007,Concert in the Expo Hall,,EPIK HIGH,2023-04-11T00:00:00.000,2023-04-11T00:00:00.000,"{'latitude': '34.02274', 'longitude': '-118.28142', 'human_address': '{""address"": """", ""city"": """", ""state"": """", ""zip"": """"}'}",V07,Galen Center (USC),233.6,34.02274,-118.28142,LADBS Building and Safety Temporary Special Event (TSE) Permits,
234109000001706,Temporary Special Event,Commercial,3551,3551,S,TROUSDALE,PKWY,90089,The event is for 4/7 and was unable to choose the date. Inspection is,USC McCarthy Way,SPRINGFEST 2023,2023-04-08T00:00:00.000,2023-04-08T00:00:00.000,"{'latitude': '34.02066', 'longitude': '-118.28531', 'human_address': '{""address"": """", ""city"": """", ""state"": """", ""zip"": """"}'}",V07,Galen Center (USC),490.8,34.02066,-118.28531,LADBS Building and Safety Temporary Special Event (TSE) Permits,
234109000001660,Temporary Special Event,Commercial,3980,3980,S,BILL ROBERTSON,LANE,90037,Temporary Tent 20x30 located in the swim stadium  400 Guest 10am -2pm,Swim Stadium,BALLER'S BASH,2023-04-08T00:00:00.000,2023-04-08T00:00:00.000,"{'latitude': '34.01195', 'longitude': '-118.28996', 'human_address': '{""address"": """", ""city"": """", ""state"": """", ""zip"": """"}'}",V05,LA Memorial Coliseum,305.3,34.01195,-118.28996,LADBS Building and Safety Temporary Special Event (TSE) Permits,
234109000001622,Temporary Special Event,Commercial,777,777,W,CHICK HEARN,CT,90015,"Temporary stage extension 166 ' w x 56' d X 6'-3-8"" High for performan",Inside theater,CIRQUE CORTEO,2023-04-06T00:00:00.000,2023-04-10T00:00:00.000,"{'latitude': '34.04406', 'longitude': '-118.26707', 'human_address': '{""address"": """", ""city"": """", ""state"": """", ""zip"": """"}'}",V04,Peacock Theater,51.4,34.04406,-118.26707,LADBS Building and Safety Temporary Special Event (TSE) Permits,
234109000001445,Temporary Special Event,Commercial,3911,3911,S,FIGUEROA,ST,90037,Constructing a Stage Line 320 mobile stage.,Coliseum Peristyle,HOPE CALIFORNIA FESTIVAL,2023-04-01T00:00:00.000,2023-04-02T00:00:00.000,"{'latitude': '34.01366', 'longitude': '-118.28294', 'human_address': '{""address"": """", ""city"": """", ""state"": """", ""zip"": """"}'}",V06,Exposition Park Stadium (BMO Stadium),180.4,34.01366,-118.28294,LADBS Building and Safety Temporary Special Event (TSE) Permits,
234109000001332,Temporary Special Event,Commercial,3400,3400,S,FIGUEROA,ST,90007,Stage 56x24x4,USC - Galen Center,RING OF HONOR - AEW,2023-03-31T00:00:00.000,2023-03-31T00:00:00.000,"{'latitude': '34.02167', 'longitude': '-118.2799', 'human_address': '{""address"": """", ""city"": """", ""state"": """", ""zip"": """"}'}",V07,Galen Center (USC),75.1,34.02167,-118.2799,LADBS Building and Safety Temporary Special Event (TSE) Permits,
234109000001531,Temporary Special Event,Commercial,849,849,W,WEST 34TH,ST,90089,Temporary Tents  30x40 100 guest  5pm-10pm,Kaufman Courtyard,PAC SILENT,2023-03-31T00:00:00.000,2023-03-31T00:00:00.000,"{'latitude': '34.02342', 'longitude': '-118.28537', 'human_address': '{""address"": """", ""city"": """", ""state"": """", ""zip"": """"}'}",V07,Galen Center (USC),563.3,34.02342,-118.28537,LADBS Building and Safety Temporary Special Event (TSE) Permits,
234109000001562,Temporary Special Event,Commercial,3939,3939,S,FIGUEROA,ST,90037,Stage and FOH for Stray Kids Concert,Concert and FOH for Stray Kids Concerts,STRAY KIDS CONCERT,2023-03-31T00:00:00.000,2023-04-02T00:00:00.000,"{'latitude': '34.01173', 'longitude': '-118.28296', 'human_address': '{""address"": """", ""city"": """", ""state"": """", ""zip"": """"}'}",V06,Exposition Park Stadium (BMO Stadium),192.4,34.01173,-118.28296,LADBS Building and Safety Temporary Special Event (TSE) Permits,
234109000001497,Temporary Special Event,Commercial,777,777,W,CHICK HEARN,CT,90015,"Temporary stage extension 6 ' w x 5 6 g X 6*-3-8"" High for performance",Inside Microsoft theater,CIRQUE CORTEO,2023-03-30T00:00:00.000,2023-04-03T00:00:00.000,"{'latitude': '34.04406', 'longitude': '-118.26707', 'human_address': '{""address"": """", ""city"": """", ""state"": """", ""zip"": """"}'}",V04,Peacock Theater,51.4,34.04406,-118.26707,LADBS Building and Safety Temporary Special Event (TSE) Permits,
234109000001411,Temporary Special Event,Commercial,3551,3551,S,TROUSDALE,PKWY,90089,Stage for concert and tents for different purposes for the concerts.,Inspection to happen at 12 pm on March 25.,FEMFEST & GEARFEST,2023-03-25T00:00:00.000,2023-03-26T00:00:00.000,"{'latitude': '34.02066', 'longitude': '-118.28531', 'human_address': '{""address"": """", ""city"": """", ""state"": """", ""zip"": """"}'}",V07,Galen Center (USC),490.8,34.02066,-118.28531,LADBS Building and Safety Temporary Special Event (TSE) Permits,
234109000001407,Temporary Special Event,Commercial,3660,3660,S,TROUSDALE,PKWY,90089,Temporary Tents  30x40 & 20x30  100 Guest  12pm -4pm  Town & Country E,South Hancock lawn,USC,2023-03-22T00:00:00.000,2023-03-22T00:00:00.000,"{'latitude': '34.01897', 'longitude': '-118.28588', 'human_address': '{""address"": """", ""city"": """", ""state"": """", ""zip"": """"}'}",V05,LA Memorial Coliseum,572.6,34.01897,-118.28588,LADBS Building and Safety Temporary Special Event (TSE) Permits,
234109000001229,Temporary Special Event,Commercial,1301,1301,S,FIGUEROA,ST,90015,Main Stage & Lobby Truss,South Hall & Lobby,HERBALIFE HONORS,2023-03-14T00:00:00.000,2023-03-17T00:00:00.000,"{'latitude': '34.04058', 'longitude': '-118.26853', 'human_address': '{""address"": """", ""city"": """", ""state"": """", ""zip"": """"}'}",V03,LA Convention Center (Halls 1-3),190.2,34.04058,-118.26853,LADBS Building and Safety Temporary Special Event (TSE) Permits,
234109000001184,Temporary Special Event,Apartment,1111,1111,S,FIGUEROA,ST,90015,The permit request is because of the fly gag / aerial performance as p,Concert at Crypto.com Arena.  There is a fly gag / arial performance,CARRIE UNDERWOOD CONCERT,2023-03-13T00:00:00.000,2023-03-13T00:00:00.000,"{'latitude': '34.04338', 'longitude': '-118.26581', 'human_address': '{""address"": """", ""city"": """", ""state"": """", ""zip"": """"}'}",V02,DTLA Arena (Crypto.com Arena),131.8,34.04338,-118.26581,LADBS Building and Safety Temporary Special Event (TSE) Permits,
234109000001075,Temporary Special Event,Commercial,777,777,W,CHICK HEARN,CT,90015,Event Deck  3 Truss sticks 14' High outside of tent  4 Led Walls be hi,Event deck,KCA,2023-03-04T00:00:00.000,2023-03-04T00:00:00.000,"{'latitude': '34.04406', 'longitude': '-118.26707', 'human_address': '{""address"": """", ""city"": """", ""state"": """", ""zip"": """"}'}",V04,Peacock Theater,51.4,34.04406,-118.26707,LADBS Building and Safety Temporary Special Event (TSE) Permits,
234109000001076,Temporary Special Event,Commercial,3550,3550,S,TROUSDALE,PKWY,90089,Temporary Tents  2 8x8 1 20x30 for kitchen on Childs way  town & Count,On Childs Way,USC SCRIPTER AWARDS,2023-03-04T00:00:00.000,2023-03-04T00:00:00.000,"{'latitude': '34.02094', 'longitude': '-118.28463', 'human_address': '{""address"": """", ""city"": """", ""state"": """", ""zip"": """"}'}",V07,Galen Center (USC),426.8,34.02094,-118.28463,LADBS Building and Safety Temporary Special Event (TSE) Permits,
234109000000944,Temporary Special Event,Commercial,3911,3911,S,FIGUEROA,ST,90037,Tents  A1 Party Rentals  2 10x20 24- 10x10  GATE 31,Gate 31,FIGHT OF AIR CLIMB,2023-02-26T00:00:00.000,2023-02-26T00:00:00.000,"{'latitude': '34.01366', 'longitude': '-118.28294', 'human_address': '{""address"": """", ""city"": """", ""state"": """", ""zip"": """"}'}",V06,Exposition Park Stadium (BMO Stadium),180.4,34.01366,-118.28294,LADBS Building and Safety Temporary Special Event (TSE) Permits,
234109000000864,Temporary Special Event,Commercial,700,700,W,EXPOSITION PARK,DR,90007,Temporary stage and structures  Stage 1  Main stage 128' x 24' D x 42',South lawn,SKYLINE,2023-02-25T00:00:00.000,2023-02-26T00:00:00.000,"{'latitude': '34.01561', 'longitude': '-118.28665', 'human_address': '{""address"": """", ""city"": """", ""state"": """", ""zip"": """"}'}",V05,LA Memorial Coliseum,203.6,34.01561,-118.28665,LADBS Building and Safety Temporary Special Event (TSE) Permits,
234109000000856,Temporary Special Event,Commercial,3911,3911,S,FIGUEROA,ST,90037,"Pro-em tents   84 10x10, 2 10x20, 21 20x20,  30x30,  Akiko 909 8-2 929",inside and outside stadium expo park,SKYLINE 2023,2023-02-25T00:00:00.000,2023-02-26T00:00:00.000,"{'latitude': '34.01366', 'longitude': '-118.28294', 'human_address': '{""address"": """", ""city"": """", ""state"": """", ""zip"": """"}'}",V06,Exposition Park Stadium (BMO Stadium),180.4,34.01366,-118.28294,LADBS Building and Safety Temporary Special Event (TSE) Permits,
234109000000360,Temporary Special Event,Commercial,3939,3939,S,FIGUEROA,ST,90037,Inspection preferred time is 11:00 a.m. on Saturday.  Selected 6:00 a.,Two-stage music event with approximately 50 booth/tents.,SKYLINE LA,2023-02-25T00:00:00.000,2023-02-26T00:00:00.000,"{'latitude': '34.01173', 'longitude': '-118.28296', 'human_address': '{""address"": """", ""city"": """", ""state"": """", ""zip"": """"}'}",V06,Exposition Park Stadium (BMO Stadium),192.4,34.01173,-118.28296,LADBS Building and Safety Temporary Special Event (TSE) Permits,
234109000000865,Temporary Special Event,Commercial,3911,3911,S,FIGUEROA,ST,90037,"Truss Structures 9 - A POI Towers  20'-5"" HIGH   2 - D Rose garden and",Rose Garden stage 1 & 2 xmas tree lane,SKYLINE,2023-02-25T00:00:00.000,2023-02-26T00:00:00.000,"{'latitude': '34.01366', 'longitude': '-118.28294', 'human_address': '{""address"": """", ""city"": """", ""state"": """", ""zip"": """"}'}",V06,Exposition Park Stadium (BMO Stadium),180.4,34.01366,-118.28294,LADBS Building and Safety Temporary Special Event (TSE) Permits,
234109000000861,Temporary Special Event,Commercial,777,777,W,CHICK HEARN,CT,90015,Temporary Tents  40x150 & 40x140  Town & Country  Event rentals,Event deck,NAACP IMAGE  AWARDS,2023-02-24T00:00:00.000,2023-02-25T00:00:00.000,"{'latitude': '34.04406', 'longitude': '-118.26707', 'human_address': '{""address"": """", ""city"": """", ""state"": """", ""zip"": """"}'}",V04,Peacock Theater,51.4,34.04406,-118.26707,LADBS Building and Safety Temporary Special Event (TSE) Permits,
224109000003917,Temporary Special Event,Commercial,1250,1250,N,CAPRI,DR,90272,"Temporary Tents  Arena Aztec Shaffer  18th green . 17th Green,14th Gre",Country club property,GENESIS INVIT,2023-02-15T00:00:00.000,2023-02-19T00:00:00.000,"{'latitude': '34.05121', 'longitude': '-118.50122', 'human_address': '{""address"": """", ""city"": """", ""state"": """", ""zip"": """"}'}",V10,Riviera Country Club,494.0,34.05121,-118.50122,LADBS Building and Safety Temporary Special Event (TSE) Permits,
234109000000638,Temporary Special Event,Commercial,777,777,W,CHICK HEARN,CT,90015,Temporary Tents  300x140 for Main Event Fast X  750 Guest 5pm -,Event Deck,FAST X,2023-02-09T00:00:00.000,2023-02-09T00:00:00.000,"{'latitude': '34.04406', 'longitude': '-118.26707', 'human_address': '{""address"": """", ""city"": """", ""state"": """", ""zip"": """"}'}",V04,Peacock Theater,51.4,34.04406,-118.26707,LADBS Building and Safety Temporary Special Event (TSE) Permits,
234109000000513,Temporary Special Event,Commercial,700,700,W,EXPOSITION PARK,DR,90007,Temporary Tent  50x50 located in Fan zone  Bright rentals,Exposition park Lawn,NASCAR,2023-02-05T00:00:00.000,2023-02-05T00:00:00.000,"{'latitude': '34.01561', 'longitude': '-118.28665', 'human_address': '{""address"": """", ""city"": """", ""state"": """", ""zip"": """"}'}",V05,LA Memorial Coliseum,203.6,34.01561,-118.28665,LADBS Building and Safety Temporary Special Event (TSE) Permits,
234109000000566,Temporary Special Event,Commercial,1111,1111,S,FIGUEROA,ST,90015,Temporary Tents 50x80 40x30 30x20 15x40 15x35 10x15 7x7  Bright Rental,Patio of crypto,GRAMMY'S,2023-02-05T00:00:00.000,2023-02-05T00:00:00.000,"{'latitude': '34.04338', 'longitude': '-118.26581', 'human_address': '{""address"": """", ""city"": """", ""state"": """", ""zip"": """"}'}",V02,DTLA Arena (Crypto.com Arena),131.8,34.04338,-118.26581,LADBS Building and Safety Temporary Special Event (TSE) Permits,
234109000000549,Temporary Special Event,Commercial,3911,3911,S,FIGUEROA,ST,90037,Temporary Tents  20x60 20x66 parking lot  and 40x60 broadcast lot  Tow,Parking lot outside stadium.,NASCAR,2023-02-05T00:00:00.000,2023-02-05T00:00:00.000,"{'latitude': '34.01366', 'longitude': '-118.28294', 'human_address': '{""address"": """", ""city"": """", ""state"": """", ""zip"": """"}'}",V06,Exposition Park Stadium (BMO Stadium),180.4,34.01366,-118.28294,LADBS Building and Safety Temporary Special Event (TSE) Permits,
234109000000284,Temporary Special Event,Commercial,3911,3911,S,FIGUEROA,ST,90037,"4- 4x44  decks, height in front is approx. 30""  and 4- 8x44 decks, hei",Inside stadium peristyle area.,NASCAR BUSCH CLASH AT THE COLISEUM,2023-02-05T00:00:00.000,2023-02-05T00:00:00.000,"{'latitude': '34.01366', 'longitude': '-118.28294', 'human_address': '{""address"": """", ""city"": """", ""state"": """", ""zip"": """"}'}",V06,Exposition Park Stadium (BMO Stadium),180.4,34.01366,-118.28294,LADBS Building and Safety Temporary Special Event (TSE) Permits,
234109000000410,Temporary Special Event,Commercial,,,,,,,"Main Stage on the Field, Tents in Lot G",Dodger Stadium (Field),DODGERS FANFEST,2023-02-04T00:00:00.000,2023-02-04T00:00:00.000,,V01,Dodger Stadium,,,,LADBS Building and Safety Temporary Special Event (TSE) Permits,
234109000000451,Temporary Special Event,Commercial,649,649,W,JEFFERSON,BLVD,90007,ACTUAL TIME OF INSPECTION CAN BE 3:30 PM ON 2/4,,WALKER & ROYCE,2023-02-04T00:00:00.000,2023-02-05T00:00:00.000,"{'latitude': '34.02274', 'longitude': '-118.28142', 'human_address': '{""address"": """", ""city"": """", ""state"": """", ""zip"": """"}'}",V07,Galen Center (USC),233.6,34.02274,-118.28142,LADBS Building and Safety Temporary Special Event (TSE) Permits,
234109000000353,Temporary Special Event,Public Way,3939,3939,S,FIGUEROA,ST,90037,Pedestrian Bridge @ 14' high and 48' long.,the south lawn / christmas tree lane,23 NASCAR CLASH,2023-02-04T00:00:00.000,2023-02-05T00:00:00.000,"{'latitude': '34.01173', 'longitude': '-118.28296', 'human_address': '{""address"": """", ""city"": """", ""state"": """", ""zip"": """"}'}",V06,Exposition Park Stadium (BMO Stadium),192.4,34.01173,-118.28296,LADBS Building and Safety Temporary Special Event (TSE) Permits,
234109000000534,Temporary Special Event,Commercial,3911,3911,S,FIGUEROA,ST,90037,Installation of Flying Camera System into LA Mem Col (LAMC) ATTN: Feli,Installation of Flying Camera System into LA Mem Col (LAMC) ATTN: Felix Ceballos,SKYCAM @ LAMC NASCAR CLASH,2023-02-02T00:00:00.000,2023-02-06T00:00:00.000,"{'latitude': '34.01366', 'longitude': '-118.28294', 'human_address': '{""address"": """", ""city"": """", ""state"": """", ""zip"": """"}'}",V06,Exposition Park Stadium (BMO Stadium),180.4,34.01366,-118.28294,LADBS Building and Safety Temporary Special Event (TSE) Permits,
234109000000309,Temporary Special Event,Commercial,777,777,W,CHICK HEARN,CT,90015,"Temporary Stage under arch  32'x24'x5"" High with 2' riser  30' High ar",Street and plaza,CALI BASH,2023-01-21T00:00:00.000,2023-01-22T00:00:00.000,"{'latitude': '34.04406', 'longitude': '-118.26707', 'human_address': '{""address"": """", ""city"": """", ""state"": """", ""zip"": """"}'}",V04,Peacock Theater,51.4,34.04406,-118.26707,LADBS Building and Safety Temporary Special Event (TSE) Permits,
234109000000254,Temporary Special Event,Commercial,3911,3911,S,FIGUEROA,ST,90037,Temporary Tent  20x40 & 20X20  Town & Country,Tunnel 4 gate 5,MLK DAY,2023-01-16T00:00:00.000,2023-01-16T00:00:00.000,"{'latitude': '34.01366', 'longitude': '-118.28294', 'human_address': '{""address"": """", ""city"": """", ""state"": """", ""zip"": """"}'}",V06,Exposition Park Stadium (BMO Stadium),180.4,34.01366,-118.28294,LADBS Building and Safety Temporary Special Event (TSE) Permits,
234109000000266,Temporary Special Event,Commercial,653,653,W,28TH,ST,90007,15x45 Tent for requirement,Back of House,KAPPA ALPHA,2023-01-15T00:00:00.000,2023-01-15T00:00:00.000,"{'latitude': '34.02696', 'longitude': '-118.27903', 'human_address': '{""address"": """", ""city"": """", ""state"": """", ""zip"": """"}'}",V07,Galen Center (USC),668.7,34.02696,-118.27903,LADBS Building and Safety Temporary Special Event (TSE) Permits,
234109000000232,Temporary Special Event,1 or 2 Family Dwelling,813,813,W,28TH,ST,90007,Temporary Tent  20x50 for recruitment  Town & Country,Back of House,ALPHA CHI,2023-01-13T00:00:00.000,2023-01-16T00:00:00.000,"{'latitude': '34.02802', 'longitude': '-118.28144', 'human_address': '{""address"": """", ""city"": """", ""state"": """", ""zip"": """"}'}",V07,Galen Center (USC),791.8,34.02802,-118.28144,LADBS Building and Safety Temporary Special Event (TSE) Permits,
234109000000070,Temporary Special Event,Commercial,3939,3939,S,FIGUEROA,ST,90037,stage and towers for concert,The inspection can be any time Friday! Thank you!,CFP CONCERT SERIES,2023-01-07T00:00:00.000,2023-01-08T00:00:00.000,"{'latitude': '34.01173', 'longitude': '-118.28296', 'human_address': '{""address"": """", ""city"": """", ""state"": """", ""zip"": """"}'}",V06,Exposition Park Stadium (BMO Stadium),192.4,34.01173,-118.28296,LADBS Building and Safety Temporary Special Event (TSE) Permits,
234109000000051,Temporary Special Event,Commercial,813,813,W,28TH,ST,90007,Temporary Tent for Recruitment  event  20x50  Town & County1/06 - 12,Back of Property,RECRUITMENT,2023-01-06T00:00:00.000,2023-01-10T00:00:00.000,"{'latitude': '34.02802', 'longitude': '-118.28144', 'human_address': '{""address"": """", ""city"": """", ""state"": """", ""zip"": """"}'}",V07,Galen Center (USC),791.8,34.02802,-118.28144,LADBS Building and Safety Temporary Special Event (TSE) Permits,
224109000003915,Temporary Special Event,Commercial,3551,3551,S,TROUSDALE,PKWY,90089,Temporary Tents  1 30x70 for rain cover  Bright Rentals,Bovard Blvd,WINTER 2023,2023-01-05T00:00:00.000,2023-01-05T00:00:00.000,"{'latitude': '34.02066', 'longitude': '-118.28531', 'human_address': '{""address"": """", ""city"": """", ""state"": """", ""zip"": """"}'}",V07,Galen Center (USC),490.8,34.02066,-118.28531,LADBS Building and Safety Temporary Special Event (TSE) Permits,
224109000003891,Temporary Special Event,Commercial,777,777,W,CHICK HEARN,CT,90015,"Stage, Truss and LED board",,PENN STATE PEP RALLY,2023-01-01T00:00:00.000,2023-01-01T00:00:00.000,"{'latitude': '34.04406', 'longitude': '-118.26707', 'human_address': '{""address"": """", ""city"": """", ""state"": """", ""zip"": """"}'}",V04,Peacock Theater,51.4,34.04406,-118.26707,LADBS Building and Safety Temporary Special Event (TSE) Permits,
224109000003724,Temporary Special Event,Commercial,777,777,W,CHICK HEARN,CT,90015,Temporary Tents 2 18x27 & 2 10x27  Bright Rentals,Plaza,ICE RINK,2022-12-20T00:00:00.000,2022-12-24T00:00:00.000,"{'latitude': '34.04406', 'longitude': '-118.26707', 'human_address': '{""address"": """", ""city"": """", ""state"": """", ""zip"": """"}'}",V04,Peacock Theater,51.4,34.04406,-118.26707,LADBS Building and Safety Temporary Special Event (TSE) Permits,
224109000003687,Temporary Special Event,Commercial,3939,3939,S,FIGUEROA,ST,90037,Stage review for DJ Festival,"Any time in the afternoon works! Catwalk build at 12pm, main stage build at 6pm.",IN MY FEELZ FESTIVAL,2022-12-17T00:00:00.000,2022-12-17T00:00:00.000,"{'latitude': '34.01173', 'longitude': '-118.28296', 'human_address': '{""address"": """", ""city"": """", ""state"": """", ""zip"": """"}'}",V06,Exposition Park Stadium (BMO Stadium),192.4,34.01173,-118.28296,LADBS Building and Safety Temporary Special Event (TSE) Permits,
224109000003627,Temporary Special Event,Commercial,777,777,W,CHICK HEARN,CT,90015,Temporary Tents  2 18x27 & 2 10x27  Bright Rentals,Plaza area,ICE RINK,2022-12-13T00:00:00.000,2022-12-17T00:00:00.000,"{'latitude': '34.04406', 'longitude': '-118.26707', 'human_address': '{""address"": """", ""city"": """", ""state"": """", ""zip"": """"}'}",V04,Peacock Theater,51.4,34.04406,-118.26707,LADBS Building and Safety Temporary Special Event (TSE) Permits,
224109000003532,Temporary Special Event,Commercial,3400,3400,S,FIGUEROA,ST,90007,12X40X48,USC GALEN CENTER,CHESS BOXING,2022-12-11T00:00:00.000,2022-12-11T00:00:00.000,"{'latitude': '34.02167', 'longitude': '-118.2799', 'human_address': '{""address"": """", ""city"": """", ""state"": """", ""zip"": """"}'}",V07,Galen Center (USC),75.1,34.02167,-118.2799,LADBS Building and Safety Temporary Special Event (TSE) Permits,
224109000003515,Temporary Special Event,Commercial,3911,3911,S,FIGUEROA,ST,90037,"A review was performed on a Front of House, Audio Delay and Roof struc",On Field,KX5,2022-12-10T00:00:00.000,2022-12-10T00:00:00.000,"{'latitude': '34.01366', 'longitude': '-118.28294', 'human_address': '{""address"": """", ""city"": """", ""state"": """", ""zip"": """"}'}",V06,Exposition Park Stadium (BMO Stadium),180.4,34.01366,-118.28294,LADBS Building and Safety Temporary Special Event (TSE) Permits,
224101000003612,Temporary Special Event,Commercial,800,800,W,OLYMPIC,BLVD,90015,stages and platforms for mayoral inauguration in conjunction with BSS,L. A. LIVE,Mayoral Inauguration,2022-12-10T00:00:00.000,2022-12-11T00:00:00.000,"{'latitude': '34.04484', 'longitude': '-118.26453', 'human_address': '{""address"": """", ""city"": """", ""state"": """", ""zip"": """"}'}",V04,Peacock Theater,221.6,34.04484,-118.26453,LADBS Building and Safety Temporary Special Event (TSE) Permits,
224109000003547,Temporary Special Event,Commercial,3911,3911,S,FIGUEROA,ST,90037,66'X66' Temporary Tent for book store event on 11/10,Gate 19,BOOK STORE,2022-12-10T00:00:00.000,2022-12-10T00:00:00.000,"{'latitude': '34.01366', 'longitude': '-118.28294', 'human_address': '{""address"": """", ""city"": """", ""state"": """", ""zip"": """"}'}",V06,Exposition Park Stadium (BMO Stadium),180.4,34.01366,-118.28294,LADBS Building and Safety Temporary Special Event (TSE) Permits,
224109000003587,Temporary Special Event,Commercial,735,735,S,FIGUEROA,ST,90017,10x10 Tents Change of Use,On Commercial Property of Figueroa & 7th Street,COME UP LA,2022-12-10T00:00:00.000,2022-12-10T00:00:00.000,"{'latitude': '34.04878', 'longitude': '-118.26079', 'human_address': '{""address"": """", ""city"": """", ""state"": """", ""zip"": """"}'}",V04,Peacock Theater,737.2,34.04878,-118.26079,LADBS Building and Safety Temporary Special Event (TSE) Permits,
224109000003313,Temporary Special Event,Commercial,1301,1301,S,FIGUEROA,ST,90015,Climbing Wall & Ski School Ramp,Kentia Hall,SKI DAZZLE 2022,2022-12-09T00:00:00.000,2022-12-11T00:00:00.000,"{'latitude': '34.04058', 'longitude': '-118.26853', 'human_address': '{""address"": """", ""city"": """", ""state"": """", ""zip"": """"}'}",V03,LA Convention Center (Halls 1-3),190.2,34.04058,-118.26853,LADBS Building and Safety Temporary Special Event (TSE) Permits,
224109000003384,Temporary Special Event,Commercial,777,777,W,CHICK HEARN,CT,90015,Temporary Existing Tents  AEG 300X140,Event Deck,THE GAME AWARDS,2022-12-07T00:00:00.000,2022-12-08T00:00:00.000,"{'latitude': '34.04406', 'longitude': '-118.26707', 'human_address': '{""address"": """", ""city"": """", ""state"": """", ""zip"": """"}'}",V04,Peacock Theater,51.4,34.04406,-118.26707,LADBS Building and Safety Temporary Special Event (TSE) Permits,
224109000003222,Temporary Special Event,Commercial,649,649,W,JEFFERSON,BLVD,90007,concert in expo hall,,MALAA,2022-12-02T00:00:00.000,2022-12-02T00:00:00.000,"{'latitude': '34.02274', 'longitude': '-118.28142', 'human_address': '{""address"": """", ""city"": """", ""state"": """", ""zip"": """"}'}",V07,Galen Center (USC),233.6,34.02274,-118.28142,LADBS Building and Safety Temporary Special Event (TSE) Permits,
224109000003296,Temporary Special Event,Commercial,777,777,W,CHICK HEARN,CT,90015,Temporary Tents  2 18x27 & 2 10x27 for productions.,PLAZA,ICE RINKS,2022-12-01T00:00:00.000,2022-12-05T00:00:00.000,"{'latitude': '34.04406', 'longitude': '-118.26707', 'human_address': '{""address"": """", ""city"": """", ""state"": """", ""zip"": """"}'}",V04,Peacock Theater,51.4,34.04406,-118.26707,LADBS Building and Safety Temporary Special Event (TSE) Permits,
224109000003239,Temporary Special Event,Public Way,777,777,W,CHICK HEARN,CT,90015,Tents provided and permitted by Bright Event rentals. Welcome Arch and,Chick Hearn Ct between Georgia and Figueroa,TOYOTA SPORTS FESTIVAL,2022-11-26T00:00:00.000,2022-11-27T00:00:00.000,"{'latitude': '34.04406', 'longitude': '-118.26707', 'human_address': '{""address"": """", ""city"": """", ""state"": """", ""zip"": """"}'}",V04,Peacock Theater,51.4,34.04406,-118.26707,LADBS Building and Safety Temporary Special Event (TSE) Permits,
224109000003201,Temporary Special Event,Commercial,3911,3911,S,FIGUEROA,ST,90037,Skycam components attaching to existing light stanchions.,Please inspect on 11/25 @ 2pm.,NOTRE DAME V USC,2022-11-26T00:00:00.000,2022-11-27T00:00:00.000,"{'latitude': '34.01366', 'longitude': '-118.28294', 'human_address': '{""address"": """", ""city"": """", ""state"": """", ""zip"": """"}'}",V06,Exposition Park Stadium (BMO Stadium),180.4,34.01366,-118.28294,LADBS Building and Safety Temporary Special Event (TSE) Permits,
224109000003205,Temporary Special Event,Commercial,777,777,W,CHICK HEARN,CT,90015,20x30 tent on chick hearn crt  Bright Rentals,On Street,TOYOTA SPORTS FESTIVAL,2022-11-26T00:00:00.000,2022-11-26T00:00:00.000,"{'latitude': '34.04406', 'longitude': '-118.26707', 'human_address': '{""address"": """", ""city"": """", ""state"": """", ""zip"": """"}'}",V04,Peacock Theater,51.4,34.04406,-118.26707,LADBS Building and Safety Temporary Special Event (TSE) Permits,
224109000003137,Temporary Special Event,Commercial,777,777,W,CHICK HEARN,CT,90015,Temporary Truss structure and Stage with LED Rigging Truss: 100' Wide,Inside event tent,FIFA WC,2022-11-26T00:00:00.000,2022-11-26T00:00:00.000,"{'latitude': '34.04406', 'longitude': '-118.26707', 'human_address': '{""address"": """", ""city"": """", ""state"": """", ""zip"": """"}'}",V04,Peacock Theater,51.4,34.04406,-118.26707,LADBS Building and Safety Temporary Special Event (TSE) Permits,
224109000003182,Temporary Special Event,Commercial,3911,3911,S,FIGUEROA,ST,90037,Temporary Tent  10x45  Truss 13' High x 6 for sales,Peristyle,PRODUCTION TENTS,2022-11-26T00:00:00.000,2022-11-26T00:00:00.000,"{'latitude': '34.01366', 'longitude': '-118.28294', 'human_address': '{""address"": """", ""city"": """", ""state"": """", ""zip"": """"}'}",V06,Exposition Park Stadium (BMO Stadium),180.4,34.01366,-118.28294,LADBS Building and Safety Temporary Special Event (TSE) Permits,
224109000002997,Temporary Special Event,Apartment,777,777,W,CHICK HEARN,CT,90015,Building of Stages inside theater,Microsoft Theater,AMERICAN MUSIC AWARDS,2022-11-20T00:00:00.000,2022-11-20T00:00:00.000,"{'latitude': '34.04406', 'longitude': '-118.26707', 'human_address': '{""address"": """", ""city"": """", ""state"": """", ""zip"": """"}'}",V04,Peacock Theater,51.4,34.04406,-118.26707,LADBS Building and Safety Temporary Special Event (TSE) Permits,
224109000003060,Temporary Special Event,Commercial,1000,1000,W,VIN SCULLY,AVE,90012,Temporary Condor Cam for  Elton John Concert  Rigged  to Truss and con,Dodger stadium,ELTON JOHN,2022-11-19T00:00:00.000,2022-11-20T00:00:00.000,,V01,Dodger Stadium,,,,LADBS Building and Safety Temporary Special Event (TSE) Permits,
224109000002998,Temporary Special Event,Commercial,649,649,W,JEFFERSON,BLVD,90007,Concert in Expo Hall,,ZEDS DEAD,2022-11-19T00:00:00.000,2022-11-20T00:00:00.000,"{'latitude': '34.02274', 'longitude': '-118.28142', 'human_address': '{""address"": """", ""city"": """", ""state"": """", ""zip"": """"}'}",V07,Galen Center (USC),233.6,34.02274,-118.28142,LADBS Building and Safety Temporary Special Event (TSE) Permits,
224109000003122,Temporary Special Event,Commercial,3551,3551,S,TROUSDALE,PKWY,90089,"Add on to permit for Conquest event on 11/17/22, for 75 ft Ferris Whee",McCarthy Quad,CONQUEST,2022-11-18T00:00:00.000,2022-11-18T00:00:00.000,"{'latitude': '34.02066', 'longitude': '-118.28531', 'human_address': '{""address"": """", ""city"": """", ""state"": """", ""zip"": """"}'}",V07,Galen Center (USC),490.8,34.02066,-118.28531,LADBS Building and Safety Temporary Special Event (TSE) Permits,
224109000003100,Temporary Special Event,Commercial,3911,3911,S,FIGUEROA,ST,90037,Temporary Tent  15x30 tunnel tent  Town & Country,Players Tunnel,MEDIA TUNNEL,2022-11-17T00:00:00.000,2022-11-21T00:00:00.000,"{'latitude': '34.01366', 'longitude': '-118.28294', 'human_address': '{""address"": """", ""city"": """", ""state"": """", ""zip"": """"}'}",V06,Exposition Park Stadium (BMO Stadium),180.4,34.01366,-118.28294,LADBS Building and Safety Temporary Special Event (TSE) Permits,
224109000003099,Temporary Special Event,Commercial,3911,3911,S,FIGUEROA,ST,90037,Temporary Tents  Gate 19 66'x66'  Field 30'x148'  Shelter Structures o,Field and Gate 19,USC,2022-11-17T00:00:00.000,2022-11-21T00:00:00.000,"{'latitude': '34.01366', 'longitude': '-118.28294', 'human_address': '{""address"": """", ""city"": """", ""state"": """", ""zip"": """"}'}",V06,Exposition Park Stadium (BMO Stadium),180.4,34.01366,-118.28294,LADBS Building and Safety Temporary Special Event (TSE) Permits,
224109000002923,Temporary Special Event,Commercial,1301,1301,S,FIGUEROA,ST,90015,Toyota Booth,South Hall,LA AUTO SHOW 2022 SOUTH HALL,2022-11-17T00:00:00.000,2022-11-21T00:00:00.000,"{'latitude': '34.04058', 'longitude': '-118.26853', 'human_address': '{""address"": """", ""city"": """", ""state"": """", ""zip"": """"}'}",V03,LA Convention Center (Halls 1-3),190.2,34.04058,-118.26853,LADBS Building and Safety Temporary Special Event (TSE) Permits,
224109000002959,Temporary Special Event,Commercial,777,777,W,CHICK HEARN,CT,90015,"Temporary Stage  30' x 20'x 36"" high  with 10' LED WALL  Inspection  1",Insidie plaza area,DAY'S OF OUR LIVES,2022-11-12T00:00:00.000,2022-11-12T00:00:00.000,"{'latitude': '34.04406', 'longitude': '-118.26707', 'human_address': '{""address"": """", ""city"": """", ""state"": """", ""zip"": """"}'}",V04,Peacock Theater,51.4,34.04406,-118.26707,LADBS Building and Safety Temporary Special Event (TSE) Permits,
224109000003005,Temporary Special Event,Commercial,777,777,W,CHICK HEARN,CT,90015,5- 10x20 4 10x10  Town & Country,Court yard  and Street,DAY'S OF OUR LIVES,2022-11-12T00:00:00.000,2022-11-12T00:00:00.000,"{'latitude': '34.04406', 'longitude': '-118.26707', 'human_address': '{""address"": """", ""city"": """", ""state"": """", ""zip"": """"}'}",V04,Peacock Theater,51.4,34.04406,-118.26707,LADBS Building and Safety Temporary Special Event (TSE) Permits,
224109000002967,Temporary Special Event,Commercial,3911,3911,S,FIGUEROA,ST,90037,Temporary Tent  15x30  town & country,Players tunnel,MEDIA TUNNEL,2022-11-12T00:00:00.000,2022-11-16T00:00:00.000,"{'latitude': '34.01366', 'longitude': '-118.28294', 'human_address': '{""address"": """", ""city"": """", ""state"": """", ""zip"": """"}'}",V06,Exposition Park Stadium (BMO Stadium),180.4,34.01366,-118.28294,LADBS Building and Safety Temporary Special Event (TSE) Permits,
224109000002955,Temporary Special Event,Commercial,3911,3911,S,FIGUEROA,ST,90037,Temporary Tents  3 10x15 1 20x30 1 20x40 1 30x50 1 10x10  Production t,Inside stadium,PRODUCTION TENTS,2022-11-11T00:00:00.000,2022-11-11T00:00:00.000,"{'latitude': '34.01366', 'longitude': '-118.28294', 'human_address': '{""address"": """", ""city"": """", ""state"": """", ""zip"": """"}'}",V06,Exposition Park Stadium (BMO Stadium),180.4,34.01366,-118.28294,LADBS Building and Safety Temporary Special Event (TSE) Permits,
224109000002956,Temporary Special Event,Commercial,3911,3911,S,FIGUEROA,ST,90037,Temporary Tent 10x45  20 Truss sticks 13' High  Town & Country,Peristyle,CARDINAL & GOLD,2022-11-11T00:00:00.000,2022-11-11T00:00:00.000,"{'latitude': '34.01366', 'longitude': '-118.28294', 'human_address': '{""address"": """", ""city"": """", ""state"": """", ""zip"": """"}'}",V06,Exposition Park Stadium (BMO Stadium),180.4,34.01366,-118.28294,LADBS Building and Safety Temporary Special Event (TSE) Permits,
224109000002954,Temporary Special Event,Commercial,3911,3911,S,FIGUEROA,ST,90037,Temporary Tents  2 15x30 1 20x30  TCUP FOR TAILGATING,Exposition lawn,SOUTH LAWN,2022-11-11T00:00:00.000,2022-11-11T00:00:00.000,"{'latitude': '34.01366', 'longitude': '-118.28294', 'human_address': '{""address"": """", ""city"": """", ""state"": """", ""zip"": """"}'}",V06,Exposition Park Stadium (BMO Stadium),180.4,34.01366,-118.28294,LADBS Building and Safety Temporary Special Event (TSE) Permits,
224109000002925,Temporary Special Event,Commercial,3911,3911,S,FIGUEROA,ST,90037,temporary tent  15x30   Town & Country,players tunnel,MEDIA TUNNEL,2022-11-07T00:00:00.000,2022-11-11T00:00:00.000,"{'latitude': '34.01366', 'longitude': '-118.28294', 'human_address': '{""address"": """", ""city"": """", ""state"": """", ""zip"": """"}'}",V06,Exposition Park Stadium (BMO Stadium),180.4,34.01366,-118.28294,LADBS Building and Safety Temporary Special Event (TSE) Permits,
224109000002924,Temporary Special Event,Commercial,3911,3911,S,FIGUEROA,ST,90037,Temporary Tents  Gate 19 66'x66'  Field 30'x148'  Shelter Structures o,Gate 19 & Field,USC TENTS,2022-11-07T00:00:00.000,2022-11-11T00:00:00.000,"{'latitude': '34.01366', 'longitude': '-118.28294', 'human_address': '{""address"": """", ""city"": """", ""state"": """", ""zip"": """"}'}",V06,Exposition Park Stadium (BMO Stadium),180.4,34.01366,-118.28294,LADBS Building and Safety Temporary Special Event (TSE) Permits,
224109000002411,Temporary Special Event,Commercial,5333,5333,W,ZOO,DR,90027,For VIPs and sponsors,Our event will be held at the LA Zoo on the side entrance.,WALK TO END ALZHEIMER'S,2022-11-05T00:00:00.000,2022-11-05T00:00:00.000,"{'latitude': '34.14867', 'longitude': '-118.28623', 'human_address': '{""address"": """", ""city"": """", ""state"": """", ""zip"": """"}'}",V08,LA Zoo,99.7,34.14867,-118.28623,LADBS Building and Safety Temporary Special Event (TSE) Permits,
224109000002831,Temporary Special Event,Commercial,3911,3911,S,FIGUEROA,ST,90037,Temporary Tent  100x30  200 Guest  Town & Country,North end peristyle,RECRUITING TENT,2022-11-05T00:00:00.000,2022-11-05T00:00:00.000,"{'latitude': '34.01366', 'longitude': '-118.28294', 'human_address': '{""address"": """", ""city"": """", ""state"": """", ""zip"": """"}'}",V06,Exposition Park Stadium (BMO Stadium),180.4,34.01366,-118.28294,LADBS Building and Safety Temporary Special Event (TSE) Permits,
224109000002827,Temporary Special Event,Commercial,777,777,W,CHICK HEARN,CT,90015,Temporary Tent  140x300 Existing AEG Tent  Victor 213.431.5861,Inside even deck tent,FIFA WORLD CUP,2022-11-05T00:00:00.000,2022-11-05T00:00:00.000,"{'latitude': '34.04406', 'longitude': '-118.26707', 'human_address': '{""address"": """", ""city"": """", ""state"": """", ""zip"": """"}'}",V04,Peacock Theater,51.4,34.04406,-118.26707,LADBS Building and Safety Temporary Special Event (TSE) Permits,
224109000002792,Temporary Special Event,Commercial,3551,3551,S,TROUSDALE,PKWY,90089,Temporary Tents  2 20x30 1 10x15 1 8x42 1 8x12  800 Guest  Town & Coun,Founders park,USC ASSOCIATES,2022-11-05T00:00:00.000,2022-11-05T00:00:00.000,"{'latitude': '34.02066', 'longitude': '-118.28531', 'human_address': '{""address"": """", ""city"": """", ""state"": """", ""zip"": """"}'}",V07,Galen Center (USC),490.8,34.02066,-118.28531,LADBS Building and Safety Temporary Special Event (TSE) Permits,
224109000002840,Temporary Special Event,Commercial,3939,3939,S,FIGUEROA,ST,90037,Installation of Flying Camera System into Banc of CA (LAFC) - ATTN: Fe,Flying camera system attached to existing stadium structure at four locations,LAFC VS PHILADELPHIA 11/5,2022-11-04T00:00:00.000,2022-11-08T00:00:00.000,"{'latitude': '34.01173', 'longitude': '-118.28296', 'human_address': '{""address"": """", ""city"": """", ""state"": """", ""zip"": """"}'}",V06,Exposition Park Stadium (BMO Stadium),192.4,34.01173,-118.28296,LADBS Building and Safety Temporary Special Event (TSE) Permits,
224109000002715,Temporary Special Event,Commercial,1525,1525,S,ABBOT KINNEY,BLVD,90291,Art installation = croc shoe designed by artist,,CROCS,2022-11-04T00:00:00.000,2022-11-06T00:00:00.000,"{'latitude': '33.99023', 'longitude': '-118.46401', 'human_address': '{""address"": """", ""city"": """", ""state"": """", ""zip"": """"}'}",V13,Venice Beach,625.2,33.99023,-118.46401,LADBS Building and Safety Temporary Special Event (TSE) Permits,
224109000002685,Temporary Special Event,Commercial,649,649,W,JEFFERSON,BLVD,90007,Sold out Concert in Expo Hall,,TURNSTILE,2022-11-02T00:00:00.000,2022-11-02T00:00:00.000,"{'latitude': '34.02274', 'longitude': '-118.28142', 'human_address': '{""address"": """", ""city"": """", ""state"": """", ""zip"": """"}'}",V07,Galen Center (USC),233.6,34.02274,-118.28142,LADBS Building and Safety Temporary Special Event (TSE) Permits,
224109000002766,Temporary Special Event,Commercial,3911,3911,S,FIGUEROA,ST,90037,66'X66 Gate 19  30'x148' Field  Shelter Structures of America,Gate 19 & Field,USC,2022-11-01T00:00:00.000,2022-11-05T00:00:00.000,"{'latitude': '34.01366', 'longitude': '-118.28294', 'human_address': '{""address"": """", ""city"": """", ""state"": """", ""zip"": """"}'}",V06,Exposition Park Stadium (BMO Stadium),180.4,34.01366,-118.28294,LADBS Building and Safety Temporary Special Event (TSE) Permits,
224109000002764,Temporary Special Event,Commercial,3911,3911,S,FIGUEROA,ST,90037,Temporary tent  15x30  Town & Country Event,Players tunnel,MEDIA TENT,2022-11-01T00:00:00.000,2022-11-05T00:00:00.000,"{'latitude': '34.01366', 'longitude': '-118.28294', 'human_address': '{""address"": """", ""city"": """", ""state"": """", ""zip"": """"}'}",V06,Exposition Park Stadium (BMO Stadium),180.4,34.01366,-118.28294,LADBS Building and Safety Temporary Special Event (TSE) Permits,
224109000002205,Temporary Special Event,Commercial,700,700,W,EXPOSITION PARK,DR,90007,public assemblage for music event.  Truss and scaffolding over 12ft ta,Christmas Tree Lane or South Lawn East (depending on LAFC soccer playoffs),MAYAN WARRIOR,2022-10-29T00:00:00.000,2022-10-30T00:00:00.000,"{'latitude': '34.01561', 'longitude': '-118.28665', 'human_address': '{""address"": """", ""city"": """", ""state"": """", ""zip"": """"}'}",V05,LA Memorial Coliseum,203.6,34.01561,-118.28665,LADBS Building and Safety Temporary Special Event (TSE) Permits,
224109000002672,Temporary Special Event,Commercial,3911,3911,S,FIGUEROA,ST,90037,Temporary Tents  Gate 19 66'x66'  Field 30x148  Shelter strutures of A,Gate 19 & field,USC,2022-10-26T00:00:00.000,2022-10-30T00:00:00.000,"{'latitude': '34.01366', 'longitude': '-118.28294', 'human_address': '{""address"": """", ""city"": """", ""state"": """", ""zip"": """"}'}",V06,Exposition Park Stadium (BMO Stadium),180.4,34.01366,-118.28294,LADBS Building and Safety Temporary Special Event (TSE) Permits,
224109000002624,Temporary Special Event,Commercial,777,777,W,CHICK HEARN,CT,90015,Temporary Tent   140x300  AEG,Event Deck,LINKEDIN SUMMIT,2022-10-25T00:00:00.000,2022-10-27T00:00:00.000,"{'latitude': '34.04406', 'longitude': '-118.26707', 'human_address': '{""address"": """", ""city"": """", ""state"": """", ""zip"": """"}'}",V04,Peacock Theater,51.4,34.04406,-118.26707,LADBS Building and Safety Temporary Special Event (TSE) Permits,
224109000002620,Temporary Special Event,Commercial,777,777,W,CHICK HEARN,CT,90015,Temporary Tent  30x50 on event deck  20x30 on Chick Hearn Crt  Bright,"Xbox Plaza
Event deck",LINKEDIN,2022-10-24T00:00:00.000,2022-10-27T00:00:00.000,"{'latitude': '34.04406', 'longitude': '-118.26707', 'human_address': '{""address"": """", ""city"": """", ""state"": """", ""zip"": """"}'}",V04,Peacock Theater,51.4,34.04406,-118.26707,LADBS Building and Safety Temporary Special Event (TSE) Permits,
224109000002557,Temporary Special Event,Commercial,777,777,W,CHICK HEARN,CT,90015,Temporary Tents  3 100xx80 & 40x80  A1 Rentals \TSE FOR 3000  10/21 &,North Lot,LINKEDIN SUMMIT     5PM,2022-10-24T00:00:00.000,2022-10-24T00:00:00.000,"{'latitude': '34.04406', 'longitude': '-118.26707', 'human_address': '{""address"": """", ""city"": """", ""state"": """", ""zip"": """"}'}",V04,Peacock Theater,51.4,34.04406,-118.26707,LADBS Building and Safety Temporary Special Event (TSE) Permits,
224109000002361,Temporary Special Event,Apartment,720,720,W,28TH,ST,90007,Tpe setting up tent,Backyard/parking lot,LXA OLYMPUS,2022-10-22T00:00:00.000,2022-10-23T00:00:00.000,"{'latitude': '34.02733', 'longitude': '-118.28043', 'human_address': '{""address"": """", ""city"": """", ""state"": """", ""zip"": """"}'}",V07,Galen Center (USC),705.0,34.02733,-118.28043,LADBS Building and Safety Temporary Special Event (TSE) Permits,
224109000002564,Temporary Special Event,Commercial,3911,3911,S,FIGUEROA,ST,90037,Temporary Tents' 21 10x10  2 20x20  Town & Country,Peristyle,AMERICAN HEART WALK,2022-10-22T00:00:00.000,2022-10-22T00:00:00.000,"{'latitude': '34.01366', 'longitude': '-118.28294', 'human_address': '{""address"": """", ""city"": """", ""state"": """", ""zip"": """"}'}",V06,Exposition Park Stadium (BMO Stadium),180.4,34.01366,-118.28294,LADBS Building and Safety Temporary Special Event (TSE) Permits,
224109000002536,Temporary Special Event,Commercial,649,649,W,JEFFERSON,BLVD,90007,Concert in Expo Hall,,DOMBRESKY & NOIZU,2022-10-22T00:00:00.000,2022-10-23T00:00:00.000,"{'latitude': '34.02274', 'longitude': '-118.28142', 'human_address': '{""address"": """", ""city"": """", ""state"": """", ""zip"": """"}'}",V07,Galen Center (USC),233.6,34.02274,-118.28142,LADBS Building and Safety Temporary Special Event (TSE) Permits,
224109000002588,Temporary Special Event,Commercial,3911,3911,S,FIGUEROA,ST,90037,Temporary Tent  20x40  Gate 4 4pm-10pm  Town  & Country,Gate 4,EAST LA,2022-10-21T00:00:00.000,2022-10-21T00:00:00.000,"{'latitude': '34.01366', 'longitude': '-118.28294', 'human_address': '{""address"": """", ""city"": """", ""state"": """", ""zip"": """"}'}",V06,Exposition Park Stadium (BMO Stadium),180.4,34.01366,-118.28294,LADBS Building and Safety Temporary Special Event (TSE) Permits,
224109000002356,Temporary Special Event,Commercial,1111,1111,S,FIGUEROA,ST,90015,Aerial performances over audience,Crypto.com Arena,KAROL G $TRIP LOVE TOUR,2022-10-21T00:00:00.000,2022-10-22T00:00:00.000,"{'latitude': '34.04338', 'longitude': '-118.26581', 'human_address': '{""address"": """", ""city"": """", ""state"": """", ""zip"": """"}'}",V02,DTLA Arena (Crypto.com Arena),131.8,34.04338,-118.26581,LADBS Building and Safety Temporary Special Event (TSE) Permits,
224109000002556,Temporary Special Event,Commercial,3911,3911,S,FIGUEROA,ST,90037,10x30 temporary Tent  Town & Country,West end,CAMERA TENT,2022-10-20T00:00:00.000,2022-10-24T00:00:00.000,"{'latitude': '34.01366', 'longitude': '-118.28294', 'human_address': '{""address"": """", ""city"": """", ""state"": """", ""zip"": """"}'}",V06,Exposition Park Stadium (BMO Stadium),180.4,34.01366,-118.28294,LADBS Building and Safety Temporary Special Event (TSE) Permits,
224109000002555,Temporary Special Event,Commercial,3911,3911,S,FIGUEROA,ST,90037,Temporary tent  15x30  Town & Country,Media Tunnel,MEDIA TUNNEL,2022-10-20T00:00:00.000,2022-10-24T00:00:00.000,"{'latitude': '34.01366', 'longitude': '-118.28294', 'human_address': '{""address"": """", ""city"": """", ""state"": """", ""zip"": """"}'}",V06,Exposition Park Stadium (BMO Stadium),180.4,34.01366,-118.28294,LADBS Building and Safety Temporary Special Event (TSE) Permits,
224109000002257,Temporary Special Event,Commercial,1005,1005,W,CHICK HEARN,CT,90015,"Installation of Portable Concert Stage & Control Platforms, Lighting,",Event Deck on West Parking Structure,ADOBE,2022-10-19T00:00:00.000,2022-10-20T00:00:00.000,"{'latitude': '34.04464', 'longitude': '-118.26859', 'human_address': '{""address"": """", ""city"": """", ""state"": """", ""zip"": """"}'}",V04,Peacock Theater,156.5,34.04464,-118.26859,LADBS Building and Safety Temporary Special Event (TSE) Permits,
224109000002528,Temporary Special Event,Commercial,777,777,W,CHICK HEARN,CT,90015,Existing Tent AEG 300 X 140   on Site Victor 213 431 5861,Event deck,ADOBE MAX,2022-10-19T00:00:00.000,2022-10-19T00:00:00.000,"{'latitude': '34.04406', 'longitude': '-118.26707', 'human_address': '{""address"": """", ""city"": """", ""state"": """", ""zip"": """"}'}",V04,Peacock Theater,51.4,34.04406,-118.26707,LADBS Building and Safety Temporary Special Event (TSE) Permits,
224109000002529,Temporary Special Event,Commercial,3911,3911,S,FIGUEROA,ST,90037,Temporary Tents  66'x66 gate 19  30'x148' field  Shelter structures,Gate 19 and field,USC,2022-10-19T00:00:00.000,2022-10-19T00:00:00.000,"{'latitude': '34.01366', 'longitude': '-118.28294', 'human_address': '{""address"": """", ""city"": """", ""state"": """", ""zip"": """"}'}",V06,Exposition Park Stadium (BMO Stadium),180.4,34.01366,-118.28294,LADBS Building and Safety Temporary Special Event (TSE) Permits,
224109000001855,Temporary Special Event,Commercial,3939,3939,S,FIGUEROA,ST,90037,This event is on a Sunday.  Preferred Inspection time is 12 noon.  Add,Green field immediately north of Banc of California stadium: Christmas Tree Lane,ANJUNADEEP,2022-10-16T00:00:00.000,2022-10-16T00:00:00.000,"{'latitude': '34.01173', 'longitude': '-118.28296', 'human_address': '{""address"": """", ""city"": """", ""state"": """", ""zip"": """"}'}",V06,Exposition Park Stadium (BMO Stadium),192.4,34.01173,-118.28296,LADBS Building and Safety Temporary Special Event (TSE) Permits,
224109000002438,Temporary Special Event,Commercial,3939,3939,S,FIGUEROA,ST,90037,Concert Stage,We can have inspection any time Friday!,ABOVE & BEYOND CONCERT,2022-10-15T00:00:00.000,2022-10-15T00:00:00.000,"{'latitude': '34.01173', 'longitude': '-118.28296', 'human_address': '{""address"": """", ""city"": """", ""state"": """", ""zip"": """"}'}",V06,Exposition Park Stadium (BMO Stadium),192.4,34.01173,-118.28296,LADBS Building and Safety Temporary Special Event (TSE) Permits,
224109000002352,Temporary Special Event,Commercial,649,649,W,JEFFERSON,BLVD,90007,Concert in Expo Hall,,BIG WILD,2022-10-14T00:00:00.000,2022-10-14T00:00:00.000,"{'latitude': '34.02274', 'longitude': '-118.28142', 'human_address': '{""address"": """", ""city"": """", ""state"": """", ""zip"": """"}'}",V07,Galen Center (USC),233.6,34.02274,-118.28142,LADBS Building and Safety Temporary Special Event (TSE) Permits,
224109000002376,Temporary Special Event,Commercial,735,735,S,FIGUEROA,ST,90017,TCUP For 1500 Guest  10/14-15 4pm-11:00pm  Temporary Stage 16' w x 12',Inside plaza,OKTOBERFEST,2022-10-14T00:00:00.000,2022-10-15T00:00:00.000,"{'latitude': '34.04878', 'longitude': '-118.26079', 'human_address': '{""address"": """", ""city"": """", ""state"": """", ""zip"": """"}'}",V04,Peacock Theater,737.2,34.04878,-118.26079,LADBS Building and Safety Temporary Special Event (TSE) Permits,
224109000002371,Temporary Special Event,Commercial,3911,3911,S,FIGUEROA,ST,90037,Gate 19 66'x66' infield 30'x148  Shelter Structure of America  10/11-1,Gate 19 & Infield,USC TENTS,2022-10-11T00:00:00.000,2022-10-15T00:00:00.000,"{'latitude': '34.01366', 'longitude': '-118.28294', 'human_address': '{""address"": """", ""city"": """", ""state"": """", ""zip"": """"}'}",V06,Exposition Park Stadium (BMO Stadium),180.4,34.01366,-118.28294,LADBS Building and Safety Temporary Special Event (TSE) Permits,
224109000002369,Temporary Special Event,Commercial,3911,3911,S,FIGUEROA,ST,90037,10x30 camera shade tent  town & country  10/11-10/18,West end,CAMERA TENT,2022-10-11T00:00:00.000,2022-10-15T00:00:00.000,"{'latitude': '34.01366', 'longitude': '-118.28294', 'human_address': '{""address"": """", ""city"": """", ""state"": """", ""zip"": """"}'}",V06,Exposition Park Stadium (BMO Stadium),180.4,34.01366,-118.28294,LADBS Building and Safety Temporary Special Event (TSE) Permits,
224109000002349,Temporary Special Event,Commercial,3911,3911,S,FIGUEROA,ST,90037,Temporary Tent  30x100  Town & Country,North End Peristyle,RECRUITING TENT,2022-10-08T00:00:00.000,2022-10-08T00:00:00.000,"{'latitude': '34.01366', 'longitude': '-118.28294', 'human_address': '{""address"": """", ""city"": """", ""state"": """", ""zip"": """"}'}",V06,Exposition Park Stadium (BMO Stadium),180.4,34.01366,-118.28294,LADBS Building and Safety Temporary Special Event (TSE) Permits,
224109000002225,Temporary Special Event,Public Way,1800,1800,S,OCEAN FRONT,WALK,90291,"Please inspect at 10 am saturday october 8, tents for promotional staf",Promotional event featuring Fortnite/NEFF/Tillys at Muscle Beach,MUSCLE BEACH FORTNITE/NEFF/TILLYS,2022-10-08T00:00:00.000,2022-10-08T00:00:00.000,"{'latitude': '33.98581', 'longitude': '-118.47284', 'human_address': '{""address"": """", ""city"": """", ""state"": """", ""zip"": """"}'}",V14,Venice Beach Boardwalk,92.7,33.98581,-118.47284,LADBS Building and Safety Temporary Special Event (TSE) Permits,
224109000002350,Temporary Special Event,Commercial,700,700,W,EXPOSITION PARK,DR,90007,Temporary Tents  2 15x30 20x30  TCUP 100-150 Guest 1:30pm -4:30pm  Tow,South Lawn,USC/ WS,2022-10-08T00:00:00.000,2022-10-08T00:00:00.000,"{'latitude': '34.01561', 'longitude': '-118.28665', 'human_address': '{""address"": """", ""city"": """", ""state"": """", ""zip"": """"}'}",V05,LA Memorial Coliseum,203.6,34.01561,-118.28665,LADBS Building and Safety Temporary Special Event (TSE) Permits,
224109000002330,Temporary Special Event,Commercial,777,777,W,CHICK HEARN,CT,90015,Temporary Tents  2 20x20 1 10x20 1 10x30  44 10x10  Town & Country,On Street & plaza,SUSAN KOMAN,2022-10-08T00:00:00.000,2022-10-08T00:00:00.000,"{'latitude': '34.04406', 'longitude': '-118.26707', 'human_address': '{""address"": """", ""city"": """", ""state"": """", ""zip"": """"}'}",V04,Peacock Theater,51.4,34.04406,-118.26707,LADBS Building and Safety Temporary Special Event (TSE) Permits,
224109000002348,Temporary Special Event,Commercial,3911,3911,S,FIGUEROA,ST,90037,10x15 1 20x30 20x40 30x50  tents  Town & Country  13' Truss sails,iNSIDE STADIUM,PRODUCTIONS,2022-10-08T00:00:00.000,2022-10-08T00:00:00.000,"{'latitude': '34.01366', 'longitude': '-118.28294', 'human_address': '{""address"": """", ""city"": """", ""state"": """", ""zip"": """"}'}",V06,Exposition Park Stadium (BMO Stadium),180.4,34.01366,-118.28294,LADBS Building and Safety Temporary Special Event (TSE) Permits,
224109000002347,Temporary Special Event,Commercial,3911,3911,S,FIGUEROA,ST,90037,Temporary Tents 10x20 20x40 2 20x50  town and country,Xmas Tree Lane,RALPHS,2022-10-08T00:00:00.000,2022-10-08T00:00:00.000,"{'latitude': '34.01366', 'longitude': '-118.28294', 'human_address': '{""address"": """", ""city"": """", ""state"": """", ""zip"": """"}'}",V06,Exposition Park Stadium (BMO Stadium),180.4,34.01366,-118.28294,LADBS Building and Safety Temporary Special Event (TSE) Permits,
224109000002322,Temporary Special Event,Commercial,649,649,W,JEFFERSON,BLVD,90007,Concert in Expo Hall,,DOM DOLLA,2022-10-07T00:00:00.000,2022-10-08T00:00:00.000,"{'latitude': '34.02274', 'longitude': '-118.28142', 'human_address': '{""address"": """", ""city"": """", ""state"": """", ""zip"": """"}'}",V07,Galen Center (USC),233.6,34.02274,-118.28142,LADBS Building and Safety Temporary Special Event (TSE) Permits,
224109000002288,Temporary Special Event,Commercial,3911,3911,S,FIGUEROA,ST,90037,Gate 19 66'x66' Infield 30'x148'  Shelter Structures of America,Gate 19 & In field,USC,2022-10-06T00:00:00.000,2022-10-10T00:00:00.000,"{'latitude': '34.01366', 'longitude': '-118.28294', 'human_address': '{""address"": """", ""city"": """", ""state"": """", ""zip"": """"}'}",V06,Exposition Park Stadium (BMO Stadium),180.4,34.01366,-118.28294,LADBS Building and Safety Temporary Special Event (TSE) Permits,
224109000002290,Temporary Special Event,Commercial,3911,3911,S,FIGUEROA,ST,90037,10x30 tent for camera shade  town & country,West End,CAMERA TENT,2022-10-06T00:00:00.000,2022-10-10T00:00:00.000,"{'latitude': '34.01366', 'longitude': '-118.28294', 'human_address': '{""address"": """", ""city"": """", ""state"": """", ""zip"": """"}'}",V06,Exposition Park Stadium (BMO Stadium),180.4,34.01366,-118.28294,LADBS Building and Safety Temporary Special Event (TSE) Permits,
224109000002202,Temporary Special Event,Commercial,744,744,S,FIGUEROA,ST,90017,tents & stage,Parking Lot,COMPANY LUNCHEON,2022-10-05T00:00:00.000,2022-10-05T00:00:00.000,"{'latitude': '34.04827', 'longitude': '-118.2606', 'human_address': '{""address"": """", ""city"": """", ""state"": """", ""zip"": """"}'}",V04,Peacock Theater,716.0,34.04827,-118.2606,LADBS Building and Safety Temporary Special Event (TSE) Permits,
224109000001717,Temporary Special Event,Commercial,1416,1416,S,ELECTRIC,AVE,90291,We will be using the parking lot of the Electric Lodge to conduct a se,Parking lot of Electric Lodge.,YOM KIPPUR SERVICE,2022-10-05T00:00:00.000,2022-10-05T00:00:00.000,"{'latitude': '33.99104', 'longitude': '-118.46507', 'human_address': '{""address"": """", ""city"": """", ""state"": """", ""zip"": """"}'}",V13,Venice Beach,569.4,33.99104,-118.46507,LADBS Building and Safety Temporary Special Event (TSE) Permits,
224109000002177,Temporary Special Event,Commercial,649,649,W,JEFFERSON,BLVD,90007,Concert in Expo Hall,,JOHN SUMMIT,2022-10-01T00:00:00.000,2022-10-03T00:00:00.000,"{'latitude': '34.02274', 'longitude': '-118.28142', 'human_address': '{""address"": """", ""city"": """", ""state"": """", ""zip"": """"}'}",V07,Galen Center (USC),233.6,34.02274,-118.28142,LADBS Building and Safety Temporary Special Event (TSE) Permits,
224109000002231,Temporary Special Event,Commercial,3911,3911,S,FIGUEROA,ST,90037,Temporary Tents  3 10x15 20x20 20x40 30x50  Town & Country,Inside the stadium,USC,2022-10-01T00:00:00.000,2022-10-01T00:00:00.000,"{'latitude': '34.01366', 'longitude': '-118.28294', 'human_address': '{""address"": """", ""city"": """", ""state"": """", ""zip"": """"}'}",V06,Exposition Park Stadium (BMO Stadium),180.4,34.01366,-118.28294,LADBS Building and Safety Temporary Special Event (TSE) Permits,
224109000002212,Temporary Special Event,Public Way,800,800,W,OLYMPIC,BLVD,90015,Block Party at LA Live,Inspection at LA Live XBOX Plaza at 12 pm,FIESTON EN LA PLAZA,2022-10-01T00:00:00.000,2022-10-01T00:00:00.000,"{'latitude': '34.04484', 'longitude': '-118.26453', 'human_address': '{""address"": """", ""city"": """", ""state"": """", ""zip"": """"}'}",V04,Peacock Theater,221.6,34.04484,-118.26453,LADBS Building and Safety Temporary Special Event (TSE) Permits,
224109000002230,Temporary Special Event,Commercial,3911,3911,S,FIGUEROA,ST,90037,Temporary Tent 10x20 20x40 2 20x50  Town & Country,XMASS TREE LAWN,RALPH'S,2022-10-01T00:00:00.000,2022-10-01T00:00:00.000,"{'latitude': '34.01366', 'longitude': '-118.28294', 'human_address': '{""address"": """", ""city"": """", ""state"": """", ""zip"": """"}'}",V06,Exposition Park Stadium (BMO Stadium),180.4,34.01366,-118.28294,LADBS Building and Safety Temporary Special Event (TSE) Permits,
224109000002215,Temporary Special Event,Commercial,3911,3911,S,FIGUEROA,ST,90037,Temporary Tent  15x30  Town & Country,Players tunnel,MEDIA TENT,2022-10-01T00:00:00.000,2022-10-05T00:00:00.000,"{'latitude': '34.01366', 'longitude': '-118.28294', 'human_address': '{""address"": """", ""city"": """", ""state"": """", ""zip"": """"}'}",V06,Exposition Park Stadium (BMO Stadium),180.4,34.01366,-118.28294,LADBS Building and Safety Temporary Special Event (TSE) Permits,
224109000002233,Temporary Special Event,Commercial,3911,3911,S,FIGUEROA,ST,90037,Temporary Tent 1 10x45 and Tcup for 950 Guest  4:30PM-7:30PM,Peristyle,CARDINAL & GOLD,2022-10-01T00:00:00.000,2022-10-01T00:00:00.000,"{'latitude': '34.01366', 'longitude': '-118.28294', 'human_address': '{""address"": """", ""city"": """", ""state"": """", ""zip"": """"}'}",V06,Exposition Park Stadium (BMO Stadium),180.4,34.01366,-118.28294,LADBS Building and Safety Temporary Special Event (TSE) Permits,
224109000002243,Temporary Special Event,Commercial,3911,3911,S,FIGUEROA,ST,90037,Temporary Tent  15x30 for media tunnel  Town & Country,Players Tunnel,MEDIA TUNNEL,2022-10-01T00:00:00.000,2022-10-05T00:00:00.000,"{'latitude': '34.01366', 'longitude': '-118.28294', 'human_address': '{""address"": """", ""city"": """", ""state"": """", ""zip"": """"}'}",V06,Exposition Park Stadium (BMO Stadium),180.4,34.01366,-118.28294,LADBS Building and Safety Temporary Special Event (TSE) Permits,
224109000002229,Temporary Special Event,Commercial,700,700,W,EXPOSITION PARK,DR,90007,Temporary Tents  2 15x30 & 1 20x30  Town & Country,Expo park,SOUTH LAWN TAILGATE,2022-10-01T00:00:00.000,2022-10-01T00:00:00.000,"{'latitude': '34.01561', 'longitude': '-118.28665', 'human_address': '{""address"": """", ""city"": """", ""state"": """", ""zip"": """"}'}",V05,LA Memorial Coliseum,203.6,34.01561,-118.28665,LADBS Building and Safety Temporary Special Event (TSE) Permits,
224109000002048,Temporary Special Event,Commercial,3911,3911,S,FIGUEROA,ST,90037,Temporary Tents  Gate 19 66'x66' Infield 30'x148'  Shelter Structures,"Gate 19
infield",USC,2022-09-27T00:00:00.000,2022-09-30T00:00:00.000,"{'latitude': '34.01366', 'longitude': '-118.28294', 'human_address': '{""address"": """", ""city"": """", ""state"": """", ""zip"": """"}'}",V06,Exposition Park Stadium (BMO Stadium),180.4,34.01366,-118.28294,LADBS Building and Safety Temporary Special Event (TSE) Permits,
224109000001716,Temporary Special Event,Commercial,1416,1416,S,ELECTRIC,AVE,90291,We will be using our parking lot to conduct a service for the Jewish H,Parking lot of Electric Lodge,ROSH HASHANAH SERVICE,2022-09-26T00:00:00.000,2022-09-26T00:00:00.000,"{'latitude': '33.99104', 'longitude': '-118.46507', 'human_address': '{""address"": """", ""city"": """", ""state"": """", ""zip"": """"}'}",V13,Venice Beach,569.4,33.99104,-118.46507,LADBS Building and Safety Temporary Special Event (TSE) Permits,
224109000001969,Temporary Special Event,Commercial,649,649,W,JEFFERSON,BLVD,90007,Change of use for Expo Hall,,THE WALLOWS 1,2022-09-25T00:00:00.000,2022-09-25T00:00:00.000,"{'latitude': '34.02274', 'longitude': '-118.28142', 'human_address': '{""address"": """", ""city"": """", ""state"": """", ""zip"": """"}'}",V07,Galen Center (USC),233.6,34.02274,-118.28142,LADBS Building and Safety Temporary Special Event (TSE) Permits,
224109000002013,Temporary Special Event,Commercial,777,777,W,CHICK HEARN,CT,90015,Temporary Tents  47 10x10 1 20x20  Town & Country,Plaza street,BIMBO GLOBAL,2022-09-25T00:00:00.000,2022-09-25T00:00:00.000,"{'latitude': '34.04406', 'longitude': '-118.26707', 'human_address': '{""address"": """", ""city"": """", ""state"": """", ""zip"": """"}'}",V04,Peacock Theater,51.4,34.04406,-118.26707,LADBS Building and Safety Temporary Special Event (TSE) Permits,
224109000001989,Temporary Special Event,Commercial,800,800,W,OLYMPIC,BLVD,90015,MOBILE HYDRAULIC STAGE SETUP,CHICK HEARN AT LA LIVE,WALK TO END LUPUS-GER,2022-09-24T00:00:00.000,2022-09-25T00:00:00.000,"{'latitude': '34.04484', 'longitude': '-118.26453', 'human_address': '{""address"": """", ""city"": """", ""state"": """", ""zip"": """"}'}",V04,Peacock Theater,221.6,34.04484,-118.26453,LADBS Building and Safety Temporary Special Event (TSE) Permits,
224109000001968,Temporary Special Event,Commercial,649,649,W,JEFFERSON,BLVD,90007,Change of Use for Expo Hall,,GARETH EMERY,2022-09-24T00:00:00.000,2022-09-25T00:00:00.000,"{'latitude': '34.02274', 'longitude': '-118.28142', 'human_address': '{""address"": """", ""city"": """", ""state"": """", ""zip"": """"}'}",V07,Galen Center (USC),233.6,34.02274,-118.28142,LADBS Building and Safety Temporary Special Event (TSE) Permits,
224109000001988,Temporary Special Event,Public Way,3551,3551,S,TROUSDALE,PKWY,90089,Mobile Stage,McCarthy Quad,K-POP FESTA,2022-09-23T00:00:00.000,2022-09-23T00:00:00.000,"{'latitude': '34.02066', 'longitude': '-118.28531', 'human_address': '{""address"": """", ""city"": """", ""state"": """", ""zip"": """"}'}",V07,Galen Center (USC),490.8,34.02066,-118.28531,LADBS Building and Safety Temporary Special Event (TSE) Permits,
224109000002007,Temporary Special Event,Commercial,3911,3911,S,FIGUEROA,ST,90037,Temporary Tents Book store 66'x66'  InField 30'x148'  Shelter structur,Field and gate 19,USC,2022-09-22T00:00:00.000,2022-09-26T00:00:00.000,"{'latitude': '34.01366', 'longitude': '-118.28294', 'human_address': '{""address"": """", ""city"": """", ""state"": """", ""zip"": """"}'}",V06,Exposition Park Stadium (BMO Stadium),180.4,34.01366,-118.28294,LADBS Building and Safety Temporary Special Event (TSE) Permits,
224109000001948,Temporary Special Event,Commercial,3911,3911,S,FIGUEROA,ST,90037,Temporary Tent for camera shade  10x30,Players Tunnel,CAMERA TENTS,2022-09-21T00:00:00.000,2022-09-25T00:00:00.000,"{'latitude': '34.01366', 'longitude': '-118.28294', 'human_address': '{""address"": """", ""city"": """", ""state"": """", ""zip"": """"}'}",V06,Exposition Park Stadium (BMO Stadium),180.4,34.01366,-118.28294,LADBS Building and Safety Temporary Special Event (TSE) Permits,
224109000001806,Temporary Special Event,Commercial,3911,3911,S,FIGUEROA,ST,90037,Gate 19  66'x66' Book Store  Infield Structure  30' x 148'  Shelter St,Gate 19,BOOK STORE / FIELD,2022-09-17T00:00:00.000,2022-09-21T00:00:00.000,"{'latitude': '34.01366', 'longitude': '-118.28294', 'human_address': '{""address"": """", ""city"": """", ""state"": """", ""zip"": """"}'}",V06,Exposition Park Stadium (BMO Stadium),180.4,34.01366,-118.28294,LADBS Building and Safety Temporary Special Event (TSE) Permits,
224109000001854,Temporary Special Event,Commercial,3911,3911,S,FIGUEROA,ST,90037,Ralph's tailgating  1 10x20 1 20x40 2 20x50 tents  4:30pm-7:30pm,X- MASS Tree lane,RALPH'S,2022-09-17T00:00:00.000,2022-09-17T00:00:00.000,"{'latitude': '34.01366', 'longitude': '-118.28294', 'human_address': '{""address"": """", ""city"": """", ""state"": """", ""zip"": """"}'}",V06,Exposition Park Stadium (BMO Stadium),180.4,34.01366,-118.28294,LADBS Building and Safety Temporary Special Event (TSE) Permits,
224109000001853,Temporary Special Event,Commercial,700,700,W,EXPOSITION PARK,DR,90007,tents  4 15x30 & 1 20x30 Tailgating,South Lawn,SOUTH LAWN USC,2022-09-17T00:00:00.000,2022-09-17T00:00:00.000,"{'latitude': '34.01561', 'longitude': '-118.28665', 'human_address': '{""address"": """", ""city"": """", ""state"": """", ""zip"": """"}'}",V05,LA Memorial Coliseum,203.6,34.01561,-118.28665,LADBS Building and Safety Temporary Special Event (TSE) Permits,
224109000001743,Temporary Special Event,Commercial,649,649,W,JEFFERSON,BLVD,90007,PREFFERED TIME OF INSPECTION @ 3P ON 9/17,Concert in Expo Hall,REMI WOLF,2022-09-17T00:00:00.000,2022-09-17T00:00:00.000,"{'latitude': '34.02274', 'longitude': '-118.28142', 'human_address': '{""address"": """", ""city"": """", ""state"": """", ""zip"": """"}'}",V07,Galen Center (USC),233.6,34.02274,-118.28142,LADBS Building and Safety Temporary Special Event (TSE) Permits,
224109000001859,Temporary Special Event,Commercial,3911,3911,S,FIGUEROA,ST,90037,Temporary Tents inside the stadium  1 1-x1- 3 10x15 1 20x30 1 20x40 1,Inside the concourse,PRODUCTION TENTS,2022-09-17T00:00:00.000,2022-09-17T00:00:00.000,"{'latitude': '34.01366', 'longitude': '-118.28294', 'human_address': '{""address"": """", ""city"": """", ""state"": """", ""zip"": """"}'}",V06,Exposition Park Stadium (BMO Stadium),180.4,34.01366,-118.28294,LADBS Building and Safety Temporary Special Event (TSE) Permits,
224109000001848,Temporary Special Event,Commercial,100,100,E,VENICE,WAY,90291,Tcup For activation  9/16 4pm-7pm 50 Guest  9/17-18 10am-6pm  Open to,Inside the parking lot,PUERLY ELIZABETH,2022-09-17T00:00:00.000,2022-09-18T00:00:00.000,"{'latitude': '33.98722', 'longitude': '-118.47143', 'human_address': '{""address"": """", ""city"": """", ""state"": """", ""zip"": """"}'}",V13,Venice Beach,175.8,33.98722,-118.47143,LADBS Building and Safety Temporary Special Event (TSE) Permits,
224109000001860,Temporary Special Event,Commercial,3911,3911,S,FIGUEROA,ST,90037,TCUP 905 Guest tailgate  1 10x45 Tent  Town & Country,Peristyle,CARDINAL & GOLD,2022-09-17T00:00:00.000,2022-09-17T00:00:00.000,"{'latitude': '34.01366', 'longitude': '-118.28294', 'human_address': '{""address"": """", ""city"": """", ""state"": """", ""zip"": """"}'}",V06,Exposition Park Stadium (BMO Stadium),180.4,34.01366,-118.28294,LADBS Building and Safety Temporary Special Event (TSE) Permits,
224109000001785,Temporary Special Event,Commercial,3911,3911,S,FIGUEROA,ST,90037,Temporary Tent  Town & Country  10x30,West End,USC CAMERA TENT,2022-09-16T00:00:00.000,2022-09-20T00:00:00.000,"{'latitude': '34.01366', 'longitude': '-118.28294', 'human_address': '{""address"": """", ""city"": """", ""state"": """", ""zip"": """"}'}",V06,Exposition Park Stadium (BMO Stadium),180.4,34.01366,-118.28294,LADBS Building and Safety Temporary Special Event (TSE) Permits,
224109000001766,Temporary Special Event,Commercial,777,777,W,CHICK HEARN,CT,90015,Temporary tent  140' x 300' existing permit for Center media  AEG  Vic,Event Deck,EMMY'S MEDIA,2022-09-12T00:00:00.000,2022-09-12T00:00:00.000,"{'latitude': '34.04406', 'longitude': '-118.26707', 'human_address': '{""address"": """", ""city"": """", ""state"": """", ""zip"": """"}'}",V04,Peacock Theater,51.4,34.04406,-118.26707,LADBS Building and Safety Temporary Special Event (TSE) Permits,
224109000001764,Temporary Special Event,Commercial,777,777,W,CHICK HEARN,CT,90015,Temporary Tent  30x90 20x40 20x25 8 10x10  Chick Hearn Crt  40x40 30x3,ChIck Hearn CRT - Event Deck,EMMY'S 2022,2022-09-12T00:00:00.000,2022-09-12T00:00:00.000,"{'latitude': '34.04406', 'longitude': '-118.26707', 'human_address': '{""address"": """", ""city"": """", ""state"": """", ""zip"": """"}'}",V04,Peacock Theater,51.4,34.04406,-118.26707,LADBS Building and Safety Temporary Special Event (TSE) Permits,
224109000001775,Temporary Special Event,Commercial,3911,3911,S,FIGUEROA,ST,90037,Temporary Tents  66x66 gate 19  30x148 Field Shelter Structures,Gate 19 & Field,USC,2022-09-12T00:00:00.000,2022-09-16T00:00:00.000,"{'latitude': '34.01366', 'longitude': '-118.28294', 'human_address': '{""address"": """", ""city"": """", ""state"": """", ""zip"": """"}'}",V06,Exposition Park Stadium (BMO Stadium),180.4,34.01366,-118.28294,LADBS Building and Safety Temporary Special Event (TSE) Permits,
224109000001741,Temporary Special Event,Commercial,777,777,W,CHICK HEARN,CT,90015,Temporary Dynamic cam for footage of the Emmy's broadcast rigged to th,Inside Microsoft,EMMY'S,2022-09-12T00:00:00.000,2022-09-12T00:00:00.000,"{'latitude': '34.04406', 'longitude': '-118.26707', 'human_address': '{""address"": """", ""city"": """", ""state"": """", ""zip"": """"}'}",V04,Peacock Theater,51.4,34.04406,-118.26707,LADBS Building and Safety Temporary Special Event (TSE) Permits,
224109000001770,Temporary Special Event,Vacant Land,1700,1700,E,STADIUM,WAY,90012,3 Tents and one platform,Event will be held in the parking lot of the LAFD Training Center at 1700 Stadiu,LAFD 9/11 MEMORIAL,2022-09-11T00:00:00.000,2022-09-11T00:00:00.000,"{'latitude': '34.06815', 'longitude': '-118.24238', 'human_address': '{""address"": """", ""city"": """", ""state"": """", ""zip"": """"}'}",V01,Dodger Stadium,675.9,34.06815,-118.24238,LADBS Building and Safety Temporary Special Event (TSE) Permits,
224109000001758,Temporary Special Event,Commercial,3939,3939,S,FIGUEROA,ST,90037,Permit for the Swedish House Mafia stage and grid structures,Event is actually on Friday the 9th and we would like inspection after 1pm,SWEDISH HOUSE MAFIA,2022-09-10T00:00:00.000,2022-09-10T00:00:00.000,"{'latitude': '34.01173', 'longitude': '-118.28296', 'human_address': '{""address"": """", ""city"": """", ""state"": """", ""zip"": """"}'}",V06,Exposition Park Stadium (BMO Stadium),192.4,34.01173,-118.28296,LADBS Building and Safety Temporary Special Event (TSE) Permits,
224109000001705,Temporary Special Event,Commercial,649,649,W,JEFFERSON,BLVD,90007,Concert with over 3500 guests,Concert,YUNG BAE,2022-09-09T00:00:00.000,2022-09-10T00:00:00.000,"{'latitude': '34.02274', 'longitude': '-118.28142', 'human_address': '{""address"": """", ""city"": """", ""state"": """", ""zip"": """"}'}",V07,Galen Center (USC),233.6,34.02274,-118.28142,LADBS Building and Safety Temporary Special Event (TSE) Permits,
224109000001740,Temporary Special Event,Commercial,3911,3911,S,FIGUEROA,ST,90037,Temporary Tent  15x40 for media  Town & Country,Players Tunnel,TUNNEL TENT,2022-09-08T00:00:00.000,2022-09-12T00:00:00.000,"{'latitude': '34.01366', 'longitude': '-118.28294', 'human_address': '{""address"": """", ""city"": """", ""state"": """", ""zip"": """"}'}",V06,Exposition Park Stadium (BMO Stadium),180.4,34.01366,-118.28294,LADBS Building and Safety Temporary Special Event (TSE) Permits,
224109000001731,Temporary Special Event,Commercial,3911,3911,S,FIGUEROA,ST,90037,Temporary Tents  1 66'x66' Gate 19  1 30x148' Infield Tent  Shelter St,Field & Gate 19,USC TENTS,2022-09-07T00:00:00.000,2022-09-11T00:00:00.000,"{'latitude': '34.01366', 'longitude': '-118.28294', 'human_address': '{""address"": """", ""city"": """", ""state"": """", ""zip"": """"}'}",V06,Exposition Park Stadium (BMO Stadium),180.4,34.01366,-118.28294,LADBS Building and Safety Temporary Special Event (TSE) Permits,
224109000001711,Temporary Special Event,Commercial,3911,3911,S,FIGUEROA,ST,90037,Temporary Tents  Production  Gate 28  1 10x10  3-10x15 1 20x30-20X40 3,Inside stadium,PRODUCTION TENTS,2022-09-03T00:00:00.000,2022-09-03T00:00:00.000,"{'latitude': '34.01366', 'longitude': '-118.28294', 'human_address': '{""address"": """", ""city"": """", ""state"": """", ""zip"": """"}'}",V06,Exposition Park Stadium (BMO Stadium),180.4,34.01366,-118.28294,LADBS Building and Safety Temporary Special Event (TSE) Permits,
224109000001706,Temporary Special Event,Commercial,700,700,W,EXPOSITION PARK,DR,90007,2 10x20 1 20x30  12pm-3pm  South lawn  Town & Country Event,Exposition,USC / RICE,2022-09-03T00:00:00.000,2022-09-03T00:00:00.000,"{'latitude': '34.01561', 'longitude': '-118.28665', 'human_address': '{""address"": """", ""city"": """", ""state"": """", ""zip"": """"}'}",V05,LA Memorial Coliseum,203.6,34.01561,-118.28665,LADBS Building and Safety Temporary Special Event (TSE) Permits,
224109000001707,Temporary Special Event,Commercial,3980,3980,S,BILL ROBERTSON,LANE,90037,Temporary Tent 30x80 for check in  Town & Country Event,Swim Stadium,CHECK -IN / POST GAME,2022-09-03T00:00:00.000,2022-09-03T00:00:00.000,"{'latitude': '34.01195', 'longitude': '-118.28996', 'human_address': '{""address"": """", ""city"": """", ""state"": """", ""zip"": """"}'}",V05,LA Memorial Coliseum,305.3,34.01195,-118.28996,LADBS Building and Safety Temporary Special Event (TSE) Permits,
224109000001708,Temporary Special Event,Commercial,3911,3911,S,FIGUEROA,ST,90037,Temporary Tent  30x80 in the peristyle  Town & Country Event,North end peristyle,RECRUITING TENT,2022-09-03T00:00:00.000,2022-09-03T00:00:00.000,"{'latitude': '34.01366', 'longitude': '-118.28294', 'human_address': '{""address"": """", ""city"": """", ""state"": """", ""zip"": """"}'}",V06,Exposition Park Stadium (BMO Stadium),180.4,34.01366,-118.28294,LADBS Building and Safety Temporary Special Event (TSE) Permits,
224109000001710,Temporary Special Event,Commercial,3911,3911,S,FIGUEROA,ST,90037,Temporary Tent  10x45  16 20x50 Sails  20 13 'High Truss  Town & Count,Grass area next peristyle,CARDINAL & GOLD,2022-09-03T00:00:00.000,2022-09-03T00:00:00.000,"{'latitude': '34.01366', 'longitude': '-118.28294', 'human_address': '{""address"": """", ""city"": """", ""state"": """", ""zip"": """"}'}",V06,Exposition Park Stadium (BMO Stadium),180.4,34.01366,-118.28294,LADBS Building and Safety Temporary Special Event (TSE) Permits,
224109000001246,Temporary Special Event,Commercial,3911,3911,S,FIGUEROA,ST,90037,Temporary bleacher in end zone for football game.,Temporary bleacher in the end zone of the LA Coliseum for football game.,FOOTBALL GAME,2022-09-03T00:00:00.000,2022-09-03T00:00:00.000,"{'latitude': '34.01366', 'longitude': '-118.28294', 'human_address': '{""address"": """", ""city"": """", ""state"": """", ""zip"": """"}'}",V06,Exposition Park Stadium (BMO Stadium),180.4,34.01366,-118.28294,LADBS Building and Safety Temporary Special Event (TSE) Permits,
224109000001684,Temporary Special Event,Commercial,1111,1111,S,FIGUEROA,ST,90015,Temporary Bleachers for taekwondo,South Hall K,TAEKWONDO TOURNAMENT,2022-09-02T00:00:00.000,2022-09-04T00:00:00.000,"{'latitude': '34.04338', 'longitude': '-118.26581', 'human_address': '{""address"": """", ""city"": """", ""state"": """", ""zip"": """"}'}",V02,DTLA Arena (Crypto.com Arena),131.8,34.04338,-118.26581,LADBS Building and Safety Temporary Special Event (TSE) Permits,
224109000001709,Temporary Special Event,Commercial,3911,3911,S,FIGUEROA,ST,90037,Temporary  Tent 10x30  camera tent  Town & Country Event,West end of stadium,CAMERA TENTS,2022-09-01T00:00:00.000,2022-09-05T00:00:00.000,"{'latitude': '34.01366', 'longitude': '-118.28294', 'human_address': '{""address"": """", ""city"": """", ""state"": """", ""zip"": """"}'}",V06,Exposition Park Stadium (BMO Stadium),180.4,34.01366,-118.28294,LADBS Building and Safety Temporary Special Event (TSE) Permits,
224109000001690,Temporary Special Event,Commercial,3911,3911,S,FIGUEROA,ST,90037,Temporary Tent  9/01-0 Town & Country  15x30,Player Tunnel tent,MEDIA TENT,2022-09-01T00:00:00.000,2022-09-05T00:00:00.000,"{'latitude': '34.01366', 'longitude': '-118.28294', 'human_address': '{""address"": """", ""city"": """", ""state"": """", ""zip"": """"}'}",V06,Exposition Park Stadium (BMO Stadium),180.4,34.01366,-118.28294,LADBS Building and Safety Temporary Special Event (TSE) Permits,
224109000001492,Temporary Special Event,Commercial,840,840,W,WEST 34TH,ST,90089,Temporary Tent 30x50 tent for shade  town & County event rentals,Ramo Lawn,MUSIC RAMO,2022-08-25T00:00:00.000,2022-08-29T00:00:00.000,"{'latitude': '34.02316', 'longitude': '-118.28529', 'human_address': '{""address"": """", ""city"": """", ""state"": """", ""zip"": """"}'}",V07,Galen Center (USC),543.5,34.02316,-118.28529,LADBS Building and Safety Temporary Special Event (TSE) Permits,
224109000001533,Temporary Special Event,Commercial,3551,3551,S,TROUSDALE,PKWY,90089,"Inspection of  stag, barricades, area.",Event date is 8/20/22 please set inspection for 1pm on Saturday 8/20/22.,WELCOME BACK CONCERT,2022-08-21T00:00:00.000,2022-08-21T00:00:00.000,"{'latitude': '34.02066', 'longitude': '-118.28531', 'human_address': '{""address"": """", ""city"": """", ""state"": """", ""zip"": """"}'}",V07,Galen Center (USC),490.8,34.02066,-118.28531,LADBS Building and Safety Temporary Special Event (TSE) Permits,
224109000001486,Temporary Special Event,Commercial,3551,3551,S,TROUSDALE,PKWY,90089,Stage and barricade inspection,USC McCarty Quad,USC WELCOME BACK CONCERT,2022-08-20T00:00:00.000,2022-08-20T00:00:00.000,"{'latitude': '34.02066', 'longitude': '-118.28531', 'human_address': '{""address"": """", ""city"": """", ""state"": """", ""zip"": """"}'}",V07,Galen Center (USC),490.8,34.02066,-118.28531,LADBS Building and Safety Temporary Special Event (TSE) Permits,
224109000001385,Temporary Special Event,Apartment,777,777,W,CHICK HEARN,CT,90015,Food Festival,Between LA Live and Crypto Center,KCON FOOD STREET,2022-08-19T00:00:00.000,2022-08-21T00:00:00.000,"{'latitude': '34.04406', 'longitude': '-118.26707', 'human_address': '{""address"": """", ""city"": """", ""state"": """", ""zip"": """"}'}",V04,Peacock Theater,51.4,34.04406,-118.26707,LADBS Building and Safety Temporary Special Event (TSE) Permits,
224109000001452,Temporary Special Event,Commercial,3911,3911,S,FIGUEROA,ST,90037,Temporary Tents on the field  40x80 40x40 10x20 30x30 30x60  A1 Party,On the field,LOS BUKIS,2022-08-18T00:00:00.000,2022-08-20T00:00:00.000,"{'latitude': '34.01366', 'longitude': '-118.28294', 'human_address': '{""address"": """", ""city"": """", ""state"": """", ""zip"": """"}'}",V06,Exposition Park Stadium (BMO Stadium),180.4,34.01366,-118.28294,LADBS Building and Safety Temporary Special Event (TSE) Permits,
224109000001491,Temporary Special Event,Commercial,3911,3911,S,FIGUEROA,ST,90037,Temporary Tents  for production 20x40 & 30x30  Town & Country Event,On the field,LOS BUKIS,2022-08-18T00:00:00.000,2022-08-20T00:00:00.000,"{'latitude': '34.01366', 'longitude': '-118.28294', 'human_address': '{""address"": """", ""city"": """", ""state"": """", ""zip"": """"}'}",V06,Exposition Park Stadium (BMO Stadium),180.4,34.01366,-118.28294,LADBS Building and Safety Temporary Special Event (TSE) Permits,
224109000001351,Temporary Special Event,Commercial,3518,3518,S,TROUSDALE,PKWY,90089,1 30X50 Temporary Canopy Town & Country 9am-5pm,CA Building  4,SHADE TENT,2022-08-15T00:00:00.000,2022-08-15T00:00:00.000,"{'latitude': '34.02157', 'longitude': '-118.28415', 'human_address': '{""address"": """", ""city"": """", ""state"": """", ""zip"": """"}'}",V07,Galen Center (USC),387.7,34.02157,-118.28415,LADBS Building and Safety Temporary Special Event (TSE) Permits,
224109000001283,Temporary Special Event,Commercial,,,,,,,"Truss Arch for Start & Finish Line, Misc. Tents for sponsors",Dodger Stadium,DODGERS RUN,2022-08-13T00:00:00.000,2022-08-13T00:00:00.000,,V01,Dodger Stadium,,,,LADBS Building and Safety Temporary Special Event (TSE) Permits,
224109000001252,Temporary Special Event,Commercial,3551,3551,S,TROUSDALE,PKWY,90089,Temporary Tents  Town & Country Event  3 40x90 2 15x30 2 10x40  Guest,McCarthy Quad,VITERBI,2022-08-11T00:00:00.000,2022-08-12T00:00:00.000,"{'latitude': '34.02066', 'longitude': '-118.28531', 'human_address': '{""address"": """", ""city"": """", ""state"": """", ""zip"": """"}'}",V07,Galen Center (USC),490.8,34.02066,-118.28531,LADBS Building and Safety Temporary Special Event (TSE) Permits,
224109000001228,Temporary Special Event,Commercial,3400,3400,S,FIGUEROA,ST,90007,STAGE 68 X 32,USC GALEN CENTER ARENA,CALL OF DUTY CHAMPS,2022-08-03T00:00:00.000,2022-08-07T00:00:00.000,"{'latitude': '34.02167', 'longitude': '-118.2799', 'human_address': '{""address"": """", ""city"": """", ""state"": """", ""zip"": """"}'}",V07,Galen Center (USC),75.1,34.02167,-118.2799,LADBS Building and Safety Temporary Special Event (TSE) Permits,
224109000001221,Temporary Special Event,Vacant Land,3911,3911,S,FIGUEROA,ST,90037,2 TRUCK STAGES (4' AND 5') TENTING FOR FOOD SERVICE AND MERCHANDISE AS,SOUTH LAWN ON THE SOUTH SIDE OF THE NATURAL HISTORY MUSEUM.,SOUND AND FURY LA,2022-07-30T00:00:00.000,2022-07-31T00:00:00.000,"{'latitude': '34.01366', 'longitude': '-118.28294', 'human_address': '{""address"": """", ""city"": """", ""state"": """", ""zip"": """"}'}",V06,Exposition Park Stadium (BMO Stadium),180.4,34.01366,-118.28294,LADBS Building and Safety Temporary Special Event (TSE) Permits,
224109000000967,Temporary Special Event,Commercial,1736,1736,S,OCEAN FRONT,WALK,90291,7  - 10x10 POP UP TENTS REMOVAL AND REPLACE OF EXISTING FENCE LINES TH,PADDLE/TENNIS COURTS TO BE USED AS PICKLEBALL COURTS AND AMPHITHEATER AREA,CUTWATER CLASSIC: PICKLEBALL TOURNEY,2022-07-23T00:00:00.000,2022-07-23T00:00:00.000,"{'latitude': '33.98585', 'longitude': '-118.47287', 'human_address': '{""address"": """", ""city"": """", ""state"": """", ""zip"": """"}'}",V14,Venice Beach Boardwalk,97.7,33.98585,-118.47287,LADBS Building and Safety Temporary Special Event (TSE) Permits,
224109000000978,Temporary Special Event,Commercial,777,777,W,CHICK HEARN,CT,90015,Temporary Structure in Plaza  Draft Board 16' w x 28' High  2 Lighting,X Box Plaza,MLB & CARPET LIVE,2022-07-16T00:00:00.000,2022-07-19T00:00:00.000,"{'latitude': '34.04406', 'longitude': '-118.26707', 'human_address': '{""address"": """", ""city"": """", ""state"": """", ""zip"": """"}'}",V04,Peacock Theater,51.4,34.04406,-118.26707,LADBS Building and Safety Temporary Special Event (TSE) Permits,
224109000000995,Temporary Special Event,Commercial,1515,1515,S,ABBOT KINNEY,BLVD,90291,"airstream dispensing samples and selling product, seating, games",Airstream based activation for nail polish and clothing by Pleasing brand,PLEASING AIRSTREAM,2022-07-16T00:00:00.000,2022-07-17T00:00:00.000,"{'latitude': '33.9903', 'longitude': '-118.46415', 'human_address': '{""address"": """", ""city"": """", ""state"": """", ""zip"": """"}'}",V13,Venice Beach,615.2,33.9903,-118.46415,LADBS Building and Safety Temporary Special Event (TSE) Permits,
224109000000970,Temporary Special Event,Commercial,777,777,W,CHICK HEARN,CT,90015,"Temporary Structures  Batting Structure 76' -10""w x 33'-5"" d x 20' HI-",Chick Hearn Crt =-On street,MLB LIVE,2022-07-16T00:00:00.000,2022-07-19T00:00:00.000,"{'latitude': '34.04406', 'longitude': '-118.26707', 'human_address': '{""address"": """", ""city"": """", ""state"": """", ""zip"": """"}'}",V04,Peacock Theater,51.4,34.04406,-118.26707,LADBS Building and Safety Temporary Special Event (TSE) Permits,
224109000000969,Temporary Special Event,Commercial,777,777,W,CHICK HEARN,CT,90015,Temporary Structures  DJ Truss & Stage 12' w x 12' D X 10'8 H  Flag Po,Event Deck,MLB LIVE EVENTS,2022-07-16T00:00:00.000,2022-07-19T00:00:00.000,"{'latitude': '34.04406', 'longitude': '-118.26707', 'human_address': '{""address"": """", ""city"": """", ""state"": """", ""zip"": """"}'}",V04,Peacock Theater,51.4,34.04406,-118.26707,LADBS Building and Safety Temporary Special Event (TSE) Permits,
224109000000984,Temporary Special Event,Commercial,777,777,W,CHICK HEARN,CT,90015,Temporary Tent  300x140 for all star events  AEG VICTOR TRUJILLO  213,Event Deck,MLB ALL STAR,2022-07-16T00:00:00.000,2022-07-19T00:00:00.000,"{'latitude': '34.04406', 'longitude': '-118.26707', 'human_address': '{""address"": """", ""city"": """", ""state"": """", ""zip"": """"}'}",V04,Peacock Theater,51.4,34.04406,-118.26707,LADBS Building and Safety Temporary Special Event (TSE) Permits,
224109000001009,Temporary Special Event,Commercial,735,735,S,FIGUEROA,ST,90017,TCU For Roller event  7/14 6pm-9pm 7/15 12pm-10:45pm 7/16 10am -10:45p,Plaza,ROLLER JAM,2022-07-14T00:00:00.000,2022-07-17T00:00:00.000,"{'latitude': '34.04878', 'longitude': '-118.26079', 'human_address': '{""address"": """", ""city"": """", ""state"": """", ""zip"": """"}'}",V04,Peacock Theater,737.2,34.04878,-118.26079,LADBS Building and Safety Temporary Special Event (TSE) Permits,
224109000000998,Temporary Special Event,Commercial,777,777,W,CHICK HEARN,CT,90015,1 20X150 Tent for Vendors on Chick Hearn Crt  Bright Rentals,ON Street,MLB,2022-07-13T00:00:00.000,2022-07-15T00:00:00.000,"{'latitude': '34.04406', 'longitude': '-118.26707', 'human_address': '{""address"": """", ""city"": """", ""state"": """", ""zip"": """"}'}",V04,Peacock Theater,51.4,34.04406,-118.26707,LADBS Building and Safety Temporary Special Event (TSE) Permits,
224109000000979,Temporary Special Event,Commercial,3911,3911,S,FIGUEROA,ST,90037,"Temporary Structures Decking  VIP Platform 5  75' X36"" High  VIP Platf",On Field of the coliseum,DOT PARTY,2022-07-09T00:00:00.000,2022-07-09T00:00:00.000,"{'latitude': '34.01366', 'longitude': '-118.28294', 'human_address': '{""address"": """", ""city"": """", ""state"": """", ""zip"": """"}'}",V06,Exposition Park Stadium (BMO Stadium),180.4,34.01366,-118.28294,LADBS Building and Safety Temporary Special Event (TSE) Permits,
224109000000965,Temporary Special Event,Commercial,3911,3911,S,FIGUEROA,ST,90037,Temporary 200 ft Airdome for party event for 1500-1700 Guest 9pm-2am,On the coliseum Field,PRODUCTION CLUB EVENT,2022-07-09T00:00:00.000,2022-07-09T00:00:00.000,"{'latitude': '34.01366', 'longitude': '-118.28294', 'human_address': '{""address"": """", ""city"": """", ""state"": """", ""zip"": """"}'}",V06,Exposition Park Stadium (BMO Stadium),180.4,34.01366,-118.28294,LADBS Building and Safety Temporary Special Event (TSE) Permits,
224109000000991,Temporary Special Event,Commercial,3911,3911,S,FIGUEROA,ST,90037,Temporary Tent  20x40  food and beverage tent  Town & Country Event re,Tunnel,DOT PARTY,2022-07-09T00:00:00.000,2022-07-09T00:00:00.000,"{'latitude': '34.01366', 'longitude': '-118.28294', 'human_address': '{""address"": """", ""city"": """", ""state"": """", ""zip"": """"}'}",V06,Exposition Park Stadium (BMO Stadium),180.4,34.01366,-118.28294,LADBS Building and Safety Temporary Special Event (TSE) Permits,
224109000000968,Temporary Special Event,Commercial,649,649,W,JEFFERSON,BLVD,90007,Concert in the West Lot,,GORGON CITY,2022-07-08T00:00:00.000,2022-07-09T00:00:00.000,"{'latitude': '34.02274', 'longitude': '-118.28142', 'human_address': '{""address"": """", ""city"": """", ""state"": """", ""zip"": """"}'}",V07,Galen Center (USC),233.6,34.02274,-118.28142,LADBS Building and Safety Temporary Special Event (TSE) Permits,
224109000000919,Temporary Special Event,Public Way,4700,4700,W,WESTERN HERITAGE,WAY,90027,Netflix screening for families with LED wall built from truss structur,On the lawn outside of the Autry Museum,NETFLIX,2022-07-07T00:00:00.000,2022-07-09T00:00:00.000,"{'latitude': '34.14865', 'longitude': '-118.28197', 'human_address': '{""address"": """", ""city"": """", ""state"": """", ""zip"": """"}'}",V08,LA Zoo,344.3,34.14865,-118.28197,LADBS Building and Safety Temporary Special Event (TSE) Permits,
224109000000931,Temporary Special Event,Commercial,1515,1515,S,ABBOT KINNEY,BLVD,90291,Canvas sidewalls at front fence for privacy,No change to existing Brig outdoor patio,RPARIS PRIVATE WEDDING REHEARRSAL,2022-07-02T00:00:00.000,2022-07-02T00:00:00.000,"{'latitude': '33.9903', 'longitude': '-118.46415', 'human_address': '{""address"": """", ""city"": """", ""state"": """", ""zip"": """"}'}",V13,Venice Beach,615.2,33.9903,-118.46415,LADBS Building and Safety Temporary Special Event (TSE) Permits,
224109000000954,Temporary Special Event,Commercial,1301,1301,S,FIGUEROA,ST,90015,North Plaza Truck Stage,North Plaza,ANIME EXPO - WEST,2022-07-01T00:00:00.000,2022-07-05T00:00:00.000,"{'latitude': '34.04058', 'longitude': '-118.26853', 'human_address': '{""address"": """", ""city"": """", ""state"": """", ""zip"": """"}'}",V03,LA Convention Center (Halls 1-3),190.2,34.04058,-118.26853,LADBS Building and Safety Temporary Special Event (TSE) Permits,
224109000000922,Temporary Special Event,Commercial,777,777,W,CHICK HEARN,CT,90015,Temporary Rigging of the Aero Crane with Truss Rigged  Stage Extension,Inside the Microsoft theater,BET AWARDS,2022-06-26T00:00:00.000,2022-06-26T00:00:00.000,"{'latitude': '34.04406', 'longitude': '-118.26707', 'human_address': '{""address"": """", ""city"": """", ""state"": """", ""zip"": """"}'}",V04,Peacock Theater,51.4,34.04406,-118.26707,LADBS Building and Safety Temporary Special Event (TSE) Permits,
224109000000946,Temporary Special Event,Commercial,665,665,W,JEFFERSON,BLVD,90007,Temporary Stages 4- Stages 2 - 4' High stage with 5' DJ riser  2 -4' H,Expo Hall,RED BULL CULTURE CLASH,2022-06-24T00:00:00.000,2022-06-24T00:00:00.000,"{'latitude': '34.02302', 'longitude': '-118.28206', 'human_address': '{""address"": """", ""city"": """", ""state"": """", ""zip"": """"}'}",V07,Galen Center (USC),294.1,34.02302,-118.28206,LADBS Building and Safety Temporary Special Event (TSE) Permits,
224109000000845,Temporary Special Event,Commercial,649,649,W,JEFFERSON,BLVD,90007,CONCERT IN WEST LOT,INSPECTION TO BE MADE ON THE WEEKEND - PREFFERED TIME OF INSPECTION NOON ON 6/18,SOFFI TUKKER,2022-06-18T00:00:00.000,2022-06-18T00:00:00.000,"{'latitude': '34.02274', 'longitude': '-118.28142', 'human_address': '{""address"": """", ""city"": """", ""state"": """", ""zip"": """"}'}",V07,Galen Center (USC),233.6,34.02274,-118.28142,LADBS Building and Safety Temporary Special Event (TSE) Permits,
224109000000741,Temporary Special Event,Commercial,3911,3911,S,FIGUEROA,ST,90037,40'x24x'4 H-Frame Stage,,ALLIANCE GRADUATION,2022-06-15T00:00:00.000,2022-06-15T00:00:00.000,"{'latitude': '34.01366', 'longitude': '-118.28294', 'human_address': '{""address"": """", ""city"": """", ""state"": """", ""zip"": """"}'}",V06,Exposition Park Stadium (BMO Stadium),180.4,34.01366,-118.28294,LADBS Building and Safety Temporary Special Event (TSE) Permits,
224109000000764,Temporary Special Event,Commercial,1301,1301,S,FIGUEROA,ST,90015,General Session Main Stage,LACC South Hall G,TRADE DESK PALOOZA 2022,2022-06-14T00:00:00.000,2022-06-17T00:00:00.000,"{'latitude': '34.04058', 'longitude': '-118.26853', 'human_address': '{""address"": """", ""city"": """", ""state"": """", ""zip"": """"}'}",V03,LA Convention Center (Halls 1-3),190.2,34.04058,-118.26853,LADBS Building and Safety Temporary Special Event (TSE) Permits,
224109000000832,Temporary Special Event,Commercial,4700,4700,W,WESTERN HERITAGE,WAY,90027,Temporary Tents  18 10x10 1 20x20 1 30x50 1 120x180  Town & Country,Outside of  museum and in the courtyard,MARKET PLACE,2022-06-11T00:00:00.000,2022-06-12T00:00:00.000,"{'latitude': '34.14865', 'longitude': '-118.28197', 'human_address': '{""address"": """", ""city"": """", ""state"": """", ""zip"": """"}'}",V08,LA Zoo,344.3,34.14865,-118.28197,LADBS Building and Safety Temporary Special Event (TSE) Permits,
224109000000856,Temporary Special Event,Commercial,777,777,W,CHICK HEARN,CT,90015,Temporary Tents  2 10x20 1 10x30  1 10x40  Signature party,Plaza.,SUMMIT,2022-06-09T00:00:00.000,2022-06-09T00:00:00.000,"{'latitude': '34.04406', 'longitude': '-118.26707', 'human_address': '{""address"": """", ""city"": """", ""state"": """", ""zip"": """"}'}",V04,Peacock Theater,51.4,34.04406,-118.26707,LADBS Building and Safety Temporary Special Event (TSE) Permits,
224109000000742,Temporary Special Event,Commercial,1301,1301,S,FIGUEROA,ST,90015,CineGear 2022 - RatPack,West Building of LACC,CINEGEAR 2022,2022-06-09T00:00:00.000,2022-06-12T00:00:00.000,"{'latitude': '34.04058', 'longitude': '-118.26853', 'human_address': '{""address"": """", ""city"": """", ""state"": """", ""zip"": """"}'}",V03,LA Convention Center (Halls 1-3),190.2,34.04058,-118.26853,LADBS Building and Safety Temporary Special Event (TSE) Permits,
224109000000799,Temporary Special Event,Commercial,777,777,W,CHICK HEARN,CT,90015,Temporary Truss Arch On west rd  36' w  x 9 d 'x20' high for entry  AE,West rd Btw Olympic Blvd - Chick hearn,SUMMIT OF THE AMERICAS WELCOME RECEPTION,2022-06-08T00:00:00.000,2022-06-08T00:00:00.000,"{'latitude': '34.04406', 'longitude': '-118.26707', 'human_address': '{""address"": """", ""city"": """", ""state"": """", ""zip"": """"}'}",V04,Peacock Theater,51.4,34.04406,-118.26707,LADBS Building and Safety Temporary Special Event (TSE) Permits,
224109000000754,Temporary Special Event,Commercial,5333,5333,W,ZOO,DR,90027,Temporary  Tents  40x40 & 2 10x15  Signature Party Jessica  310 428 24,,BEASTLY BALL,2022-06-04T00:00:00.000,2022-06-04T00:00:00.000,"{'latitude': '34.14867', 'longitude': '-118.28623', 'human_address': '{""address"": """", ""city"": """", ""state"": """", ""zip"": """"}'}",V08,LA Zoo,99.7,34.14867,-118.28623,LADBS Building and Safety Temporary Special Event (TSE) Permits,
224109000000713,Temporary Special Event,Commercial,649,649,W,JEFFERSON,BLVD,90007,Concert in Expo Hall,,BTSM,2022-05-28T00:00:00.000,2022-05-29T00:00:00.000,"{'latitude': '34.02274', 'longitude': '-118.28142', 'human_address': '{""address"": """", ""city"": """", ""state"": """", ""zip"": """"}'}",V07,Galen Center (USC),233.6,34.02274,-118.28142,LADBS Building and Safety Temporary Special Event (TSE) Permits,
224109000000719,Temporary Special Event,Commercial,649,649,W,JEFFERSON,BLVD,90007,60' wide x 40' deep @ 5' rolling stage,,BTSM 5-28-22,2022-05-28T00:00:00.000,2022-05-28T00:00:00.000,"{'latitude': '34.02274', 'longitude': '-118.28142', 'human_address': '{""address"": """", ""city"": """", ""state"": """", ""zip"": """"}'}",V07,Galen Center (USC),233.6,34.02274,-118.28142,LADBS Building and Safety Temporary Special Event (TSE) Permits,
224109000000720,Temporary Special Event,Commercial,250,250,S,HARBOR,BLVD,90731,Tents for dining and displays,Parking Lot in Front of the Battleship IOWA,LA FLEET WEEK 2022,2022-05-28T00:00:00.000,2022-05-30T00:00:00.000,"{'latitude': '33.74182', 'longitude': '-118.27938', 'human_address': '{""address"": """", ""city"": """", ""state"": """", ""zip"": """"}'}",V11,Port of Los Angeles,245.1,33.74182,-118.27938,LADBS Building and Safety Temporary Special Event (TSE) Permits,
224109000000566,Temporary Special Event,Commercial,4700,4700,W,WESTERN HERITAGE,WAY,90027,tents and booths for activities and exhibits,"Please come on Saturday, 5/21 after 2pm if possible. That is our set up date.",GREAT BIG FAMILY PLAY DAY!,2022-05-22T00:00:00.000,2022-05-22T00:00:00.000,"{'latitude': '34.14865', 'longitude': '-118.28197', 'human_address': '{""address"": """", ""city"": """", ""state"": """", ""zip"": """"}'}",V08,LA Zoo,344.3,34.14865,-118.28197,LADBS Building and Safety Temporary Special Event (TSE) Permits,
224109000000601,Temporary Special Event,Commercial,649,649,W,JEFFERSON,BLVD,90007,60' wide x 40' deep @ 5' rolling stage,actual inspection at 2pm,SHRINE HONNE 5/21/22,2022-05-21T00:00:00.000,2022-05-22T00:00:00.000,"{'latitude': '34.02274', 'longitude': '-118.28142', 'human_address': '{""address"": """", ""city"": """", ""state"": """", ""zip"": """"}'}",V07,Galen Center (USC),233.6,34.02274,-118.28142,LADBS Building and Safety Temporary Special Event (TSE) Permits,
224109000000589,Temporary Special Event,Commercial,3911,3911,S,FIGUEROA,ST,90037,TCU for 670 Guest 5:30m-11pm  for Gala,Peristyle,IIDA GALA,2022-05-20T00:00:00.000,2022-05-20T00:00:00.000,"{'latitude': '34.01366', 'longitude': '-118.28294', 'human_address': '{""address"": """", ""city"": """", ""state"": """", ""zip"": """"}'}",V06,Exposition Park Stadium (BMO Stadium),180.4,34.01366,-118.28294,LADBS Building and Safety Temporary Special Event (TSE) Permits,
224109000000519,Temporary Special Event,Commercial,3077,3077,S,UNIVERSITY,AVE,90007,Temporary  Tent  50x90 for graduation  11am,Parkingl ot,HEBREW COMMENCEMENT,2022-05-16T00:00:00.000,2022-05-16T00:00:00.000,"{'latitude': '34.02574', 'longitude': '-118.28257', 'human_address': '{""address"": """", ""city"": """", ""state"": """", ""zip"": """"}'}",V07,Galen Center (USC),577.8,34.02574,-118.28257,LADBS Building and Safety Temporary Special Event (TSE) Permits,
224109000000563,Temporary Special Event,Commercial,900,900,W,EXPOSITION,BLVD,90037,Temporary Tents 4 20x30  Avalon Tents  Ricardo 310 977 7251,South Lawn,UNITED WAY,2022-05-14T00:00:00.000,2022-05-14T00:00:00.000,"{'latitude': '34.01803', 'longitude': '-118.2884', 'human_address': '{""address"": """", ""city"": """", ""state"": """", ""zip"": """"}'}",V05,LA Memorial Coliseum,439.4,34.01803,-118.2884,LADBS Building and Safety Temporary Special Event (TSE) Permits,
224109000000523,Temporary Special Event,Commercial,3506,3506,S,MCCLINTOCK,AVE,90089,Temporary  Tent  2 40x210 1 20x210 10x20,Brittingham Field,DENSITRY,2022-05-13T00:00:00.000,2022-05-13T00:00:00.000,"{'latitude': '34.02331', 'longitude': '-118.28805', 'human_address': '{""address"": """", ""city"": """", ""state"": """", ""zip"": """"}'}",V07,Galen Center (USC),785.1,34.02331,-118.28805,LADBS Building and Safety Temporary Special Event (TSE) Permits,
224109000000511,Temporary Special Event,Commercial,665,665,W,JEFFERSON,BLVD,90007,Temporary Tent  30x100 for commencement.,Royal St,CINEMATIC ART,2022-05-13T00:00:00.000,2022-05-13T00:00:00.000,"{'latitude': '34.02302', 'longitude': '-118.28206', 'human_address': '{""address"": """", ""city"": """", ""state"": """", ""zip"": """"}'}",V07,Galen Center (USC),294.1,34.02302,-118.28206,LADBS Building and Safety Temporary Special Event (TSE) Permits,
224109000000516,Temporary Special Event,Commercial,3400,3400,S,FIGUEROA,ST,90007,STAGE 60 X 32,GALEN CENTER ARENA,USC GRADUATION,2022-05-12T00:00:00.000,2022-05-14T00:00:00.000,"{'latitude': '34.02167', 'longitude': '-118.2799', 'human_address': '{""address"": """", ""city"": """", ""state"": """", ""zip"": """"}'}",V07,Galen Center (USC),75.1,34.02167,-118.2799,LADBS Building and Safety Temporary Special Event (TSE) Permits,
224109000000488,Temporary Special Event,Commercial,777,777,W,CHICK HEARN,CT,90015,Temporary Tents 10x20 2 20x40  1 Temporary Stage  20'x24'4'High  Brigh,STREET AND PLAZA,EXPERIAN XB,2022-05-10T00:00:00.000,2022-05-10T00:00:00.000,"{'latitude': '34.04406', 'longitude': '-118.26707', 'human_address': '{""address"": """", ""city"": """", ""state"": """", ""zip"": """"}'}",V04,Peacock Theater,51.4,34.04406,-118.26707,LADBS Building and Safety Temporary Special Event (TSE) Permits,
224109000000514,Temporary Special Event,Commercial,3939,3939,S,FIGUEROA,ST,90037,TCUP for Graduation for both days 1500 Guest 5/09 1:30pm-5pm & 5/10 10,Lot 6,MTM,2022-05-09T00:00:00.000,2022-05-10T00:00:00.000,"{'latitude': '34.01173', 'longitude': '-118.28296', 'human_address': '{""address"": """", ""city"": """", ""state"": """", ""zip"": """"}'}",V06,Exposition Park Stadium (BMO Stadium),192.4,34.01173,-118.28296,LADBS Building and Safety Temporary Special Event (TSE) Permits,
224109000000502,Temporary Special Event,Commercial,1111,1111,S,FIGUEROA,ST,90015,As part of the show production we have two spyder camera's that operat,Concert at Crypto.Com Arena,ERIC CHURCH,2022-05-07T00:00:00.000,2022-05-08T00:00:00.000,"{'latitude': '34.04338', 'longitude': '-118.26581', 'human_address': '{""address"": """", ""city"": """", ""state"": """", ""zip"": """"}'}",V02,DTLA Arena (Crypto.com Arena),131.8,34.04338,-118.26581,LADBS Building and Safety Temporary Special Event (TSE) Permits,
224109000000479,Temporary Special Event,Commercial,649,649,W,JEFFERSON,BLVD,90007,Main bar tent 2400' EMT Tent 100' Medic Tent 100' VIP Bar Tent 100' Me,Concert in West Lot,THE STORY SO FAR,2022-05-07T00:00:00.000,2022-05-07T00:00:00.000,"{'latitude': '34.02274', 'longitude': '-118.28142', 'human_address': '{""address"": """", ""city"": """", ""state"": """", ""zip"": """"}'}",V07,Galen Center (USC),233.6,34.02274,-118.28142,LADBS Building and Safety Temporary Special Event (TSE) Permits,
224109000000521,Temporary Special Event,Commercial,600,600,S,SAMPSON,WAY,90731,Temporary Tent for presentation  40x100 20x20 15x20  Choura Event  Joe,Berth 64,STATE OF DISTRICT,2022-05-06T00:00:00.000,2022-05-06T00:00:00.000,"{'latitude': '33.7387', 'longitude': '-118.27907', 'human_address': '{""address"": """", ""city"": """", ""state"": """", ""zip"": """"}'}",V11,Port of Los Angeles,345.0,33.7387,-118.27907,LADBS Building and Safety Temporary Special Event (TSE) Permits,
224109000000505,Temporary Special Event,Public Way,600,600,S,SAMPSON,WAY,90731,setting up a canopy for a luncheon,West Harbor Promenade to the right of the Los Angeles Maritime Museum,STATE OF THE DISTRICT,2022-05-06T00:00:00.000,2022-05-06T00:00:00.000,"{'latitude': '33.7387', 'longitude': '-118.27907', 'human_address': '{""address"": """", ""city"": """", ""state"": """", ""zip"": """"}'}",V11,Port of Los Angeles,345.0,33.7387,-118.27907,LADBS Building and Safety Temporary Special Event (TSE) Permits,
224109000000512,Temporary Special Event,Commercial,3911,3911,S,FIGUEROA,ST,90037,Temporary tent  40x50 10x10  Town & Country event rentals,On the field,VERBUM DEI,2022-05-05T00:00:00.000,2022-05-05T00:00:00.000,"{'latitude': '34.01366', 'longitude': '-118.28294', 'human_address': '{""address"": """", ""city"": """", ""state"": """", ""zip"": """"}'}",V06,Exposition Park Stadium (BMO Stadium),180.4,34.01366,-118.28294,LADBS Building and Safety Temporary Special Event (TSE) Permits,
224109000000445,Temporary Special Event,Commercial,5333,5333,W,ZOO,DR,90027,Temporary  Tents Bright Rentals 19 10x10 & 5 10x20,LA Zoo,PURPLE STRIDE,2022-04-30T00:00:00.000,2022-04-30T00:00:00.000,"{'latitude': '34.14867', 'longitude': '-118.28623', 'human_address': '{""address"": """", ""city"": """", ""state"": """", ""zip"": """"}'}",V08,LA Zoo,99.7,34.14867,-118.28623,LADBS Building and Safety Temporary Special Event (TSE) Permits,
224109000000253,Temporary Special Event,Commercial,1515,1515,S,ABBOT KINNEY,BLVD,90291,No change to current Brig layout and tent,"Private party, no change to current Brig outdoor patio layout and tent",PRIVATE PARTY,2022-04-29T00:00:00.000,2022-04-29T00:00:00.000,"{'latitude': '33.9903', 'longitude': '-118.46415', 'human_address': '{""address"": """", ""city"": """", ""state"": """", ""zip"": """"}'}",V13,Venice Beach,615.2,33.9903,-118.46415,LADBS Building and Safety Temporary Special Event (TSE) Permits,
224109000000468,Temporary Special Event,Commercial,649,649,W,JEFFERSON,BLVD,90007,60' wide x 40' deep @ 5' rolling stage,,OMAR APOLLO 4-29-22,2022-04-29T00:00:00.000,2022-04-29T00:00:00.000,"{'latitude': '34.02274', 'longitude': '-118.28142', 'human_address': '{""address"": """", ""city"": """", ""state"": """", ""zip"": """"}'}",V07,Galen Center (USC),233.6,34.02274,-118.28142,LADBS Building and Safety Temporary Special Event (TSE) Permits,
224109000000444,Temporary Special Event,Commercial,777,777,W,CHICK HEARN,CT,90015,Temporary Decking over seats  for performance and 4 seating risers  al,Inside Microsoft theater,OVO,2022-04-26T00:00:00.000,2022-04-30T00:00:00.000,"{'latitude': '34.04406', 'longitude': '-118.26707', 'human_address': '{""address"": """", ""city"": """", ""state"": """", ""zip"": """"}'}",V04,Peacock Theater,51.4,34.04406,-118.26707,LADBS Building and Safety Temporary Special Event (TSE) Permits,
224109000000427,Temporary Special Event,Commercial,3911,3911,S,FIGUEROA,ST,90037,TCUP for 520 Guest for recruiting guest seating 9:45am,Field Paddock,RECRUITING,2022-04-23T00:00:00.000,2022-04-23T00:00:00.000,"{'latitude': '34.01366', 'longitude': '-118.28294', 'human_address': '{""address"": """", ""city"": """", ""state"": """", ""zip"": """"}'}",V06,Exposition Park Stadium (BMO Stadium),180.4,34.01366,-118.28294,LADBS Building and Safety Temporary Special Event (TSE) Permits,
224109000000426,Temporary Special Event,Commercial,3911,3911,S,FIGUEROA,ST,90037,Temporary Tent  10X32 on 10x32-8' deck,west end of stadium,SPRING FOOTBALL,2022-04-23T00:00:00.000,2022-04-26T00:00:00.000,"{'latitude': '34.01366', 'longitude': '-118.28294', 'human_address': '{""address"": """", ""city"": """", ""state"": """", ""zip"": """"}'}",V06,Exposition Park Stadium (BMO Stadium),180.4,34.01366,-118.28294,LADBS Building and Safety Temporary Special Event (TSE) Permits,
224109000000231,Temporary Special Event,Commercial,620,620,W,USC MC CARTHY,WAY,90089,Approximately 307 tents for festival,,LA TIMES FESTIVAL OF BOOKS,2022-04-23T00:00:00.000,2022-04-24T00:00:00.000,"{'latitude': '34.02053', 'longitude': '-118.28156', 'human_address': '{""address"": """", ""city"": """", ""state"": """", ""zip"": """"}'}",V07,Galen Center (USC),153.0,34.02053,-118.28156,LADBS Building and Safety Temporary Special Event (TSE) Permits,
224109000000416,Temporary Special Event,Commercial,777,777,W,CHICK HEARN,CT,90015,"Temporary decking over seats  6""-3'-8"" high with 4 bleacher risers  Al",Inside Microsoft,OVO,2022-04-20T00:00:00.000,2022-04-24T00:00:00.000,"{'latitude': '34.04406', 'longitude': '-118.26707', 'human_address': '{""address"": """", ""city"": """", ""state"": """", ""zip"": """"}'}",V04,Peacock Theater,51.4,34.04406,-118.26707,LADBS Building and Safety Temporary Special Event (TSE) Permits,
224109000000387,Temporary Special Event,Commercial,777,777,W,CHICK HEARN,CT,90015,"Temporary Decking  over existing chairs   6"" -3'-8"" high with 2 set of",Inside Theater,OVO,2022-04-15T00:00:00.000,2022-04-19T00:00:00.000,"{'latitude': '34.04406', 'longitude': '-118.26707', 'human_address': '{""address"": """", ""city"": """", ""state"": """", ""zip"": """"}'}",V04,Peacock Theater,51.4,34.04406,-118.26707,LADBS Building and Safety Temporary Special Event (TSE) Permits,
224109000000258,Temporary Special Event,Commercial,3630,3630,W,WATT,WAY,90089,stage and chairs in lobby,,ANN FORUM EVENT,2022-04-13T00:00:00.000,2022-04-17T00:00:00.000,"{'latitude': '34.02062', 'longitude': '-118.28738', 'human_address': '{""address"": """", ""city"": """", ""state"": """", ""zip"": """"}'}",V07,Galen Center (USC),681.5,34.02062,-118.28738,LADBS Building and Safety Temporary Special Event (TSE) Permits,
224109000000364,Temporary Special Event,Commercial,777,777,W,CHICK HEARN,CT,90015,Temporary Tents  10x20 & 2 20x30 inside plaza and on the street,In Plaza,XBOX,2022-04-12T00:00:00.000,2022-04-12T00:00:00.000,"{'latitude': '34.04406', 'longitude': '-118.26707', 'human_address': '{""address"": """", ""city"": """", ""state"": """", ""zip"": """"}'}",V04,Peacock Theater,51.4,34.04406,-118.26707,LADBS Building and Safety Temporary Special Event (TSE) Permits,
224109000000336,Temporary Special Event,Commercial,3400,3400,S,FIGUEROA,ST,90007,64'L x 44D x 6'H,USC Galen Center Arena Floor,MARSHALL REHEARSAL,2022-04-11T00:00:00.000,2022-04-11T00:00:00.000,"{'latitude': '34.02167', 'longitude': '-118.2799', 'human_address': '{""address"": """", ""city"": """", ""state"": """", ""zip"": """"}'}",V07,Galen Center (USC),75.1,34.02167,-118.2799,LADBS Building and Safety Temporary Special Event (TSE) Permits,
224109000000358,Temporary Special Event,Commercial,777,777,W,CHICK HEARN,CT,90015,"Temporary Decking over existing seating and risers 6""-3""-8"" All access",Microsoft,OVO,2022-04-10T00:00:00.000,2022-04-14T00:00:00.000,"{'latitude': '34.04406', 'longitude': '-118.26707', 'human_address': '{""address"": """", ""city"": """", ""state"": """", ""zip"": """"}'}",V04,Peacock Theater,51.4,34.04406,-118.26707,LADBS Building and Safety Temporary Special Event (TSE) Permits,
224109000000360,Temporary Special Event,Commercial,3501,3501,S,WATT,WAY,90089,Temporary Tents 2 10x10 4 10x20 1 15x15 1 10-x30 1 10x60  Town & Count,Swim stadium,SWIM WITH MIKE,2022-04-09T00:00:00.000,2022-04-09T00:00:00.000,"{'latitude': '34.02243', 'longitude': '-118.28658', 'human_address': '{""address"": """", ""city"": """", ""state"": """", ""zip"": """"}'}",V07,Galen Center (USC),626.9,34.02243,-118.28658,LADBS Building and Safety Temporary Special Event (TSE) Permits,
224109000000352,Temporary Special Event,1 or 2 Family Dwelling,720,720,W,28TH,ST,90007,We will be having a tent with platform risers on the perimeter.,,ACADEMY,2022-04-09T00:00:00.000,2022-04-10T00:00:00.000,"{'latitude': '34.02733', 'longitude': '-118.28043', 'human_address': '{""address"": """", ""city"": """", ""state"": """", ""zip"": """"}'}",V07,Galen Center (USC),705.0,34.02733,-118.28043,LADBS Building and Safety Temporary Special Event (TSE) Permits,
224109000000330,Temporary Special Event,Commercial,3939,3939,S,FIGUEROA,ST,90037,Concert stage build and tents on the field.,Please park in Gold lot and meet at South Grand Lobby.,A STATE OF TRANCE CONCERT,2022-04-09T00:00:00.000,2022-04-09T00:00:00.000,"{'latitude': '34.01173', 'longitude': '-118.28296', 'human_address': '{""address"": """", ""city"": """", ""state"": """", ""zip"": """"}'}",V06,Exposition Park Stadium (BMO Stadium),192.4,34.01173,-118.28296,LADBS Building and Safety Temporary Special Event (TSE) Permits,
224109000000322,Temporary Special Event,Commercial,3939,3939,S,FIGUEROA,ST,90037,Concert stage build and tents on the field.,Please park in Gold Lot and enter via South Grand Lobby.,TOMLIN UNITED CONCERT,2022-04-02T00:00:00.000,2022-04-02T00:00:00.000,"{'latitude': '34.01173', 'longitude': '-118.28296', 'human_address': '{""address"": """", ""city"": """", ""state"": """", ""zip"": """"}'}",V06,Exposition Park Stadium (BMO Stadium),192.4,34.01173,-118.28296,LADBS Building and Safety Temporary Special Event (TSE) Permits,
224109000000324,Temporary Special Event,Apartment,700,700,W,28TH,ST,90007,Reinforced wooden risers,KA Fraternity House,KA NASCAR PARTY,2022-04-02T00:00:00.000,2022-04-03T00:00:00.000,"{'latitude': '34.02698', 'longitude': '-118.27963', 'human_address': '{""address"": """", ""city"": """", ""state"": """", ""zip"": """"}'}",V07,Galen Center (USC),665.8,34.02698,-118.27963,LADBS Building and Safety Temporary Special Event (TSE) Permits,
224109000000327,Temporary Special Event,Commercial,777,777,W,CHICK HEARN,CT,90015,"Temporary Decking over seating with vip seating and bleachers   6""-3'-",Inside theater,OVO,2022-04-01T00:00:00.000,2022-04-05T00:00:00.000,"{'latitude': '34.04406', 'longitude': '-118.26707', 'human_address': '{""address"": """", ""city"": """", ""state"": """", ""zip"": """"}'}",V04,Peacock Theater,51.4,34.04406,-118.26707,LADBS Building and Safety Temporary Special Event (TSE) Permits,
224109000000325,Temporary Special Event,Commercial,649,649,W,JEFFERSON,BLVD,90007,60' wide x 40' deep @ 5' rolling stage,,ALISON WONDERLAND 4-1-22,2022-04-01T00:00:00.000,2022-04-01T00:00:00.000,"{'latitude': '34.02274', 'longitude': '-118.28142', 'human_address': '{""address"": """", ""city"": """", ""state"": """", ""zip"": """"}'}",V07,Galen Center (USC),233.6,34.02274,-118.28142,LADBS Building and Safety Temporary Special Event (TSE) Permits,
224109000000309,Temporary Special Event,Public Way,1111,1111,S,FIGUEROA,ST,90015,Self inflating inflatable with dimension of 20 H x 18 W x 8 D (at the,"Chick Hearn Ct, between Figueroa St & Georgia St.",TYLER THE CREATOR,2022-03-31T00:00:00.000,2022-04-01T00:00:00.000,"{'latitude': '34.04338', 'longitude': '-118.26581', 'human_address': '{""address"": """", ""city"": """", ""state"": """", ""zip"": """"}'}",V02,DTLA Arena (Crypto.com Arena),131.8,34.04338,-118.26581,LADBS Building and Safety Temporary Special Event (TSE) Permits,
224109000000268,Temporary Special Event,Commercial,1301,1301,S,FIGUEROA,ST,90015,Projection Dome,Cesar Chavez Holiday - preferred inspection time 10am-2pm,NFT LA 2022 (B),2022-03-29T00:00:00.000,2022-03-31T00:00:00.000,"{'latitude': '34.04058', 'longitude': '-118.26853', 'human_address': '{""address"": """", ""city"": """", ""state"": """", ""zip"": """"}'}",V03,LA Convention Center (Halls 1-3),190.2,34.04058,-118.26853,LADBS Building and Safety Temporary Special Event (TSE) Permits,
224109000000303,Temporary Special Event,Commercial,777,777,W,CHICK HEARN,CT,90015,"Temporary deck Extension 3'-6"" high over  seating  with  2 sets of Ble",Inside Microsoft theater,OVO,2022-03-27T00:00:00.000,2022-03-31T00:00:00.000,"{'latitude': '34.04406', 'longitude': '-118.26707', 'human_address': '{""address"": """", ""city"": """", ""state"": """", ""zip"": """"}'}",V04,Peacock Theater,51.4,34.04406,-118.26707,LADBS Building and Safety Temporary Special Event (TSE) Permits,
224109000000278,Temporary Special Event,Commercial,649,649,W,JEFFERSON,BLVD,90007,Concert,,TWO FRIENDS,2022-03-26T00:00:00.000,2022-03-27T00:00:00.000,"{'latitude': '34.02274', 'longitude': '-118.28142', 'human_address': '{""address"": """", ""city"": """", ""state"": """", ""zip"": """"}'}",V07,Galen Center (USC),233.6,34.02274,-118.28142,LADBS Building and Safety Temporary Special Event (TSE) Permits,
224109000000235,Temporary Special Event,Commercial,3601,3601,S,TROUSDALE,PKWY,90089,Platform,Bovard Auditorium,BOVARD - MAYORAL DEBATE,2022-03-22T00:00:00.000,2022-03-22T00:00:00.000,"{'latitude': '34.02017', 'longitude': '-118.28558', 'human_address': '{""address"": """", ""city"": """", ""state"": """", ""zip"": """"}'}",V07,Galen Center (USC),522.5,34.02017,-118.28558,LADBS Building and Safety Temporary Special Event (TSE) Permits,
224109000000218,Temporary Special Event,Commercial,649,649,W,JEFFERSON,BLVD,90007,Concert in Expo Hall,Concert,YUNGBLUD,2022-03-18T00:00:00.000,2022-03-19T00:00:00.000,"{'latitude': '34.02274', 'longitude': '-118.28142', 'human_address': '{""address"": """", ""city"": """", ""state"": """", ""zip"": """"}'}",V07,Galen Center (USC),233.6,34.02274,-118.28142,LADBS Building and Safety Temporary Special Event (TSE) Permits,
224109000000227,Temporary Special Event,Commercial,777,777,W,CHICK HEARN,CT,90015,Temporary Tent  40x60 Vip Tent  150-200 Guest  Bright Rentals,In the plaza / Street,LA KINGS FAN FEST,2022-03-17T00:00:00.000,2022-03-17T00:00:00.000,"{'latitude': '34.04406', 'longitude': '-118.26707', 'human_address': '{""address"": """", ""city"": """", ""state"": """", ""zip"": """"}'}",V04,Peacock Theater,51.4,34.04406,-118.26707,LADBS Building and Safety Temporary Special Event (TSE) Permits,
224109000000174,Temporary Special Event,Commercial,777,777,W,CHICK HEARN,CT,90015,"Temporary Decking for Seating  78' D X 134'-5"" W X  6""-3""-8"" HIGH  wit",Inside theater,OVO CIRQUE,2022-03-15T00:00:00.000,2022-03-19T00:00:00.000,"{'latitude': '34.04406', 'longitude': '-118.26707', 'human_address': '{""address"": """", ""city"": """", ""state"": """", ""zip"": """"}'}",V04,Peacock Theater,51.4,34.04406,-118.26707,LADBS Building and Safety Temporary Special Event (TSE) Permits,
224109000000211,Temporary Special Event,Vacant Land,2700,2700,N,VERMONT,AVE,90027,"Inflatable screen. Dimensions: 46' W x 36' H x 6' D. total 4,000lbs ho","IN LOT H, 100 YEDS NORTH OF THE THEATER",CHARLIE'S ANGELS + THE WARRIORS,2022-03-11T00:00:00.000,2022-03-12T00:00:00.000,"{'latitude': '34.11803', 'longitude': '-118.29221', 'human_address': '{""address"": """", ""city"": """", ""state"": """", ""zip"": """"}'}",V09,Griffith Observatory,755.1,34.11803,-118.29221,LADBS Building and Safety Temporary Special Event (TSE) Permits,
224109000000192,Temporary Special Event,Apartment,649,649,W,JEFFERSON,BLVD,90007,Expo Hall Concert,Concert,DABIN,2022-03-11T00:00:00.000,2022-03-12T00:00:00.000,"{'latitude': '34.02274', 'longitude': '-118.28142', 'human_address': '{""address"": """", ""city"": """", ""state"": """", ""zip"": """"}'}",V07,Galen Center (USC),233.6,34.02274,-118.28142,LADBS Building and Safety Temporary Special Event (TSE) Permits,
224109000000176,Temporary Special Event,Commercial,1515,1515,S,ABBOT KINNEY,BLVD,90291,Existing tent; will email LAFD Division 5 paperwork.   No new improvem,no improvements - opening our existing outdoor patio for charitable event,SPY 5K FINISH LINE,2022-03-05T00:00:00.000,2022-03-05T00:00:00.000,"{'latitude': '33.9903', 'longitude': '-118.46415', 'human_address': '{""address"": """", ""city"": """", ""state"": """", ""zip"": """"}'}",V13,Venice Beach,615.2,33.9903,-118.46415,LADBS Building and Safety Temporary Special Event (TSE) Permits,
224109000000179,Temporary Special Event,Vacant Land,2700,2700,N,VERMONT,AVE,90027,"2 EZ UP TENTS, WALLED IN ON 3 SIDES, Inflatable screen. Dimensions: 46",EVENT HELD IN LOT H 100 YDS NORTH OF THE THEATER,CINESPIA MARCH DRIVE INS,2022-03-04T00:00:00.000,2022-03-05T00:00:00.000,"{'latitude': '34.11803', 'longitude': '-118.29221', 'human_address': '{""address"": """", ""city"": """", ""state"": """", ""zip"": """"}'}",V09,Griffith Observatory,755.1,34.11803,-118.29221,LADBS Building and Safety Temporary Special Event (TSE) Permits,
224109000000181,Temporary Special Event,Commercial,3939,3939,S,FIGUEROA,ST,90037,Fields LA Rooftop will have the existing 82'x82' tent (already permitt,"3939 S. Figueroa St.
Please park in Gold Lot off of Hoover St and MLK Jr. Blvd.",UPFRONT SUMMIT 2022,2022-03-02T00:00:00.000,2022-03-02T00:00:00.000,"{'latitude': '34.01173', 'longitude': '-118.28296', 'human_address': '{""address"": """", ""city"": """", ""state"": """", ""zip"": """"}'}",V06,Exposition Park Stadium (BMO Stadium),192.4,34.01173,-118.28296,LADBS Building and Safety Temporary Special Event (TSE) Permits,
224109000000172,Temporary Special Event,Commercial,3939,3939,S,FIGUEROA,ST,90037,Temporary 82x82 tent for LAFC Hospitality,,LAFC,2022-02-28T00:00:00.000,2022-03-04T00:00:00.000,"{'latitude': '34.01173', 'longitude': '-118.28296', 'human_address': '{""address"": """", ""city"": """", ""state"": """", ""zip"": """"}'}",V06,Exposition Park Stadium (BMO Stadium),192.4,34.01173,-118.28296,LADBS Building and Safety Temporary Special Event (TSE) Permits,
224109000000162,Temporary Special Event,Commercial,4700,4700,W,WESTERN HERITAGE,WAY,90027,Temporary Tents  30x80 30x40 15x15 15x30  Town & Country,Inside plaza,MASTER LUNCH,2022-02-26T00:00:00.000,2022-02-26T00:00:00.000,"{'latitude': '34.14865', 'longitude': '-118.28197', 'human_address': '{""address"": """", ""city"": """", ""state"": """", ""zip"": """"}'}",V08,LA Zoo,344.3,34.14865,-118.28197,LADBS Building and Safety Temporary Special Event (TSE) Permits,
224109000000152,Temporary Special Event,Commercial,1515,1515,S,ABBOT KINNEY,BLVD,90291,1 PM Monday 2/21 Inspection requested please,1 PM Monday 2/21 Inspection requested please,FRONTIER 2,2022-02-21T00:00:00.000,2022-02-23T00:00:00.000,"{'latitude': '33.9903', 'longitude': '-118.46415', 'human_address': '{""address"": """", ""city"": """", ""state"": """", ""zip"": """"}'}",V13,Venice Beach,615.2,33.9903,-118.46415,LADBS Building and Safety Temporary Special Event (TSE) Permits,
224109000000136,Temporary Special Event,Commercial,649,649,W,JEFFERSON,BLVD,90007,Concert in Expo Hall with over 3500 guests.,Concert in Expo Hall,OLIVER TREE,2022-02-19T00:00:00.000,2022-02-19T00:00:00.000,"{'latitude': '34.02274', 'longitude': '-118.28142', 'human_address': '{""address"": """", ""city"": """", ""state"": """", ""zip"": """"}'}",V07,Galen Center (USC),233.6,34.02274,-118.28142,LADBS Building and Safety Temporary Special Event (TSE) Permits,
224109000000003,Temporary Special Event,Commercial,32,32,E,17TH,AVE,90291,"30' marketing inflatable being held down by six, one thousand pound co",Activation will be held within temporary parking lot.,SMILING FRIENDS,2022-02-18T00:00:00.000,2022-02-22T00:00:00.000,"{'latitude': '33.98691', 'longitude': '-118.47205', 'human_address': '{""address"": """", ""city"": """", ""state"": """", ""zip"": """"}'}",V14,Venice Beach Boardwalk,218.4,33.98691,-118.47205,LADBS Building and Safety Temporary Special Event (TSE) Permits,
224109000000144,Temporary Special Event,Commercial,1250,1250,N,CAPRI,DR,90272,"Temporary Tents over the course  49,449  Temporary Structures decking",Course,GENESIS INVT,2022-02-18T00:00:00.000,2022-02-20T00:00:00.000,"{'latitude': '34.05121', 'longitude': '-118.50122', 'human_address': '{""address"": """", ""city"": """", ""state"": """", ""zip"": """"}'}",V10,Riviera Country Club,494.0,34.05121,-118.50122,LADBS Building and Safety Temporary Special Event (TSE) Permits,
224109000000149,Temporary Special Event,Vacant Land,2700,2700,N,VERMONT,AVE,90027,"Inflatable screen. Dimensions: 46' W x 36' H x 6' D. total 4,000lbs ho",LOCATED IN LOT H 100 YDS NORTH OF THE VENUE,2 DOUBLE FEATURES FEB,2022-02-18T00:00:00.000,2022-02-18T00:00:00.000,"{'latitude': '34.11803', 'longitude': '-118.29221', 'human_address': '{""address"": """", ""city"": """", ""state"": """", ""zip"": """"}'}",V09,Griffith Observatory,755.1,34.11803,-118.29221,LADBS Building and Safety Temporary Special Event (TSE) Permits,
224109000000023,Temporary Special Event,Commercial,1250,1250,N,CAPRI,DR,90272,Temporary Structure for hospitality suites for viewing  HDO Production,The Course,GENESIS INVITATIONAL,2022-02-14T00:00:00.000,2022-02-18T00:00:00.000,"{'latitude': '34.05121', 'longitude': '-118.50122', 'human_address': '{""address"": """", ""city"": """", ""state"": """", ""zip"": """"}'}",V10,Riviera Country Club,494.0,34.05121,-118.50122,LADBS Building and Safety Temporary Special Event (TSE) Permits,
224109000000047,Temporary Special Event,Commercial,1250,1250,N,CAPRI,DR,90272,1st & 2nd Holes  4400 Total Sq Ft  Main Entrance  1400 Total SQ fT  6t,"1st & 2nd Holes ,Main Entrance,6th -10th -11 hole
operational",GENESIS INVIT,2022-02-14T00:00:00.000,2022-02-18T00:00:00.000,"{'latitude': '34.05121', 'longitude': '-118.50122', 'human_address': '{""address"": """", ""city"": """", ""state"": """", ""zip"": """"}'}",V10,Riviera Country Club,494.0,34.05121,-118.50122,LADBS Building and Safety Temporary Special Event (TSE) Permits,
224109000000090,Temporary Special Event,Vacant Land,1,1,E,WINDWARD,AVE,90291,We are setting up a small public music festival styled event. We will,,ROCKSTAR STUDIOS,2022-02-12T00:00:00.000,2022-02-12T00:00:00.000,"{'latitude': '33.98712', 'longitude': '-118.47358', 'human_address': '{""address"": """", ""city"": """", ""state"": """", ""zip"": """"}'}",V14,Venice Beach Boardwalk,252.5,33.98712,-118.47358,LADBS Building and Safety Temporary Special Event (TSE) Permits,
214109000005800,Temporary Special Event,Commercial,32,32,E,17TH,AVE,90291,"30' marketing inflatable being held down by four, one thousand pound c",In a paid for parking lot.,SMILING FRIENDS 02/11/2022 TO 02/17/2022,2022-02-11T00:00:00.000,2022-02-15T00:00:00.000,"{'latitude': '33.98691', 'longitude': '-118.47205', 'human_address': '{""address"": """", ""city"": """", ""state"": """", ""zip"": """"}'}",V14,Venice Beach Boardwalk,218.4,33.98691,-118.47205,LADBS Building and Safety Temporary Special Event (TSE) Permits,
224109000000120,Temporary Special Event,Vacant Land,2700,2700,N,VERMONT,AVE,90027,"Inflatable screen. Dimensions: 46' W x 36' H x 6' D. total 4,000lbs ho","EVENT IS LOCATED IN LOT H, NORTH OF THE VENUE BY 100 YDS",BEST FRIEND GONE GIRL,2022-02-11T00:00:00.000,2022-02-12T00:00:00.000,"{'latitude': '34.11803', 'longitude': '-118.29221', 'human_address': '{""address"": """", ""city"": """", ""state"": """", ""zip"": """"}'}",V09,Griffith Observatory,755.1,34.11803,-118.29221,LADBS Building and Safety Temporary Special Event (TSE) Permits,
224109000000043,Temporary Special Event,Commercial,913,913,S,FIGUEROA,ST,90015,"Temporary Decking  Main Lay down Deck 0""-20"" high  5-32"" High VIP Deck",Inside parking lot,TAILGATE SUPERBOWL,2022-02-11T00:00:00.000,2022-02-13T00:00:00.000,"{'latitude': '34.04594', 'longitude': '-118.26329', 'human_address': '{""address"": """", ""city"": """", ""state"": """", ""zip"": """"}'}",V04,Peacock Theater,369.1,34.04594,-118.26329,LADBS Building and Safety Temporary Special Event (TSE) Permits,
224109000000042,Temporary Special Event,Commercial,913,913,S,FIGUEROA,ST,90015,Temporary Tent 70x50 located in parking lot for check in  A1 Party ren,parking lot,TAILGATE SUPER BOWL,2022-02-11T00:00:00.000,2022-02-13T00:00:00.000,"{'latitude': '34.04594', 'longitude': '-118.26329', 'human_address': '{""address"": """", ""city"": """", ""state"": """", ""zip"": """"}'}",V04,Peacock Theater,369.1,34.04594,-118.26329,LADBS Building and Safety Temporary Special Event (TSE) Permits,
224109000000064,Temporary Special Event,Commercial,649,649,W,JEFFERSON,BLVD,90007,"Concert/Festival in Expo Hall, West Lot & Royal Street.",Concert/Festival,SHAQ'S FUN HOUSE,2022-02-11T00:00:00.000,2022-02-12T00:00:00.000,"{'latitude': '34.02274', 'longitude': '-118.28142', 'human_address': '{""address"": """", ""city"": """", ""state"": """", ""zip"": """"}'}",V07,Galen Center (USC),233.6,34.02274,-118.28142,LADBS Building and Safety Temporary Special Event (TSE) Permits,
224109000000074,Temporary Special Event,Commercial,777,777,W,CHICK HEARN,CT,90015,"Temporary Decking  2-Competition Riser 8""-56"" 3 Levels  Riser LED 120""",Inside tent,TWITCH STREAMER BOWL,2022-02-09T00:00:00.000,2022-02-09T00:00:00.000,"{'latitude': '34.04406', 'longitude': '-118.26707', 'human_address': '{""address"": """", ""city"": """", ""state"": """", ""zip"": """"}'}",V04,Peacock Theater,51.4,34.04406,-118.26707,LADBS Building and Safety Temporary Special Event (TSE) Permits,
224109000000073,Temporary Special Event,Commercial,777,777,W,CHICK HEARN,CT,90015,Temporary Truss Structure  10' x 8' d X 12' H  Event: Panini VIP Playe,tHE tERRACE,PANINI VIP LOUNGE,2022-02-09T00:00:00.000,2022-02-12T00:00:00.000,"{'latitude': '34.04406', 'longitude': '-118.26707', 'human_address': '{""address"": """", ""city"": """", ""state"": """", ""zip"": """"}'}",V04,Peacock Theater,51.4,34.04406,-118.26707,LADBS Building and Safety Temporary Special Event (TSE) Permits,
224109000000081,Temporary Special Event,Commercial,777,777,W,CHICK HEARN,CT,90015,Temporary Rigging of truss to the beams for lighting Truss Structure b,Inside tent,TWITCH,2022-02-09T00:00:00.000,2022-02-09T00:00:00.000,"{'latitude': '34.04406', 'longitude': '-118.26707', 'human_address': '{""address"": """", ""city"": """", ""state"": """", ""zip"": """"}'}",V04,Peacock Theater,51.4,34.04406,-118.26707,LADBS Building and Safety Temporary Special Event (TSE) Permits,
224109000000108,Temporary Special Event,Commercial,777,777,W,CHICK HEARN,CT,90015,Temporary Tents  Bright Rentals  40x60 & 20x30  production and kitchen,Event Deck,TWITCH,2022-02-09T00:00:00.000,2022-02-09T00:00:00.000,"{'latitude': '34.04406', 'longitude': '-118.26707', 'human_address': '{""address"": """", ""city"": """", ""state"": """", ""zip"": """"}'}",V04,Peacock Theater,51.4,34.04406,-118.26707,LADBS Building and Safety Temporary Special Event (TSE) Permits,
224109000000100,Temporary Special Event,Commercial,3911,3911,S,FIGUEROA,ST,90037,"Temporary Structures  Stage decking 12' High Stage with 3  2-60""Static",Peristyle,NASCAR,2022-02-06T00:00:00.000,2022-02-06T00:00:00.000,"{'latitude': '34.01366', 'longitude': '-118.28294', 'human_address': '{""address"": """", ""city"": """", ""state"": """", ""zip"": """"}'}",V06,Exposition Park Stadium (BMO Stadium),180.4,34.01366,-118.28294,LADBS Building and Safety Temporary Special Event (TSE) Permits,
224109000000051,Temporary Special Event,Commercial,649,649,W,JEFFERSON,BLVD,90007,Concert,Concert in Expo Hall,POLO & PAN,2022-02-05T00:00:00.000,2022-02-05T00:00:00.000,"{'latitude': '34.02274', 'longitude': '-118.28142', 'human_address': '{""address"": """", ""city"": """", ""state"": """", ""zip"": """"}'}",V07,Galen Center (USC),233.6,34.02274,-118.28142,LADBS Building and Safety Temporary Special Event (TSE) Permits,
224109000000097,Temporary Special Event,Commercial,777,777,W,CHICK HEARN,CT,90015,Temporary Structure  50'x82 For NFL Experience  Town & Country,Plaza,NFL,2022-02-05T00:00:00.000,2022-02-09T00:00:00.000,"{'latitude': '34.04406', 'longitude': '-118.26707', 'human_address': '{""address"": """", ""city"": """", ""state"": """", ""zip"": """"}'}",V04,Peacock Theater,51.4,34.04406,-118.26707,LADBS Building and Safety Temporary Special Event (TSE) Permits,
224109000000036,Temporary Special Event,Commercial,1301,1301,S,FIGUEROA,ST,90015,Temporary structure on the roof of the LACC South Hall for the 2022 Su,"This event encompasses the entire LACC, including the roof the South Hall.",NFL SUPERBOWL EXPERIENCE,2022-02-05T00:00:00.000,2022-02-09T00:00:00.000,"{'latitude': '34.04058', 'longitude': '-118.26853', 'human_address': '{""address"": """", ""city"": """", ""state"": """", ""zip"": """"}'}",V03,LA Convention Center (Halls 1-3),190.2,34.04058,-118.26853,LADBS Building and Safety Temporary Special Event (TSE) Permits,
224109000000045,Temporary Special Event,Commercial,3911,3911,S,FIGUEROA,ST,90037,Town & Country   1-40x60 Catering tent TV compound,TV Compound,NASCAR,2022-02-05T00:00:00.000,2022-02-05T00:00:00.000,"{'latitude': '34.01366', 'longitude': '-118.28294', 'human_address': '{""address"": """", ""city"": """", ""state"": """", ""zip"": """"}'}",V06,Exposition Park Stadium (BMO Stadium),180.4,34.01366,-118.28294,LADBS Building and Safety Temporary Special Event (TSE) Permits,
224109000000082,Temporary Special Event,Commercial,777,777,W,CHICK HEARN,CT,90015,Temporary Stage  2' High  Truss over stage for rigging Speakers  21'-9,On Street,TOSTITOS,2022-02-05T00:00:00.000,2022-02-09T00:00:00.000,"{'latitude': '34.04406', 'longitude': '-118.26707', 'human_address': '{""address"": """", ""city"": """", ""state"": """", ""zip"": """"}'}",V04,Peacock Theater,51.4,34.04406,-118.26707,LADBS Building and Safety Temporary Special Event (TSE) Permits,
214109000002166,Temporary Special Event,Commercial,800,800,W,OLYMPIC,BLVD,90015,(1) 24' x 9 row ground level bleacher for Red Carpet (outdoor),"Xbox Plaza at LA Live
Bleacher (outdoor) for Red Carpet",NFL SUPERBOWL EXPERIENCE,2022-02-05T00:00:00.000,2022-02-09T00:00:00.000,"{'latitude': '34.04484', 'longitude': '-118.26453', 'human_address': '{""address"": """", ""city"": """", ""state"": """", ""zip"": """"}'}",V04,Peacock Theater,221.6,34.04484,-118.26453,LADBS Building and Safety Temporary Special Event (TSE) Permits,
224109000000050,Temporary Special Event,Commercial,3939,3939,S,FIGUEROA,ST,90037,Stage: 40' wide x 24' deep x 4' high two stairs and railings on sides,Christmas Tree Lane Park inside Nascar Clash Fan Fest,NASCAR CLASH FANFEST,2022-02-05T00:00:00.000,2022-02-06T00:00:00.000,"{'latitude': '34.01173', 'longitude': '-118.28296', 'human_address': '{""address"": """", ""city"": """", ""state"": """", ""zip"": """"}'}",V06,Exposition Park Stadium (BMO Stadium),192.4,34.01173,-118.28296,LADBS Building and Safety Temporary Special Event (TSE) Permits,
214109000004192,Temporary Special Event,Commercial,32,32,E,17TH,AVE,90291,"30' marketing inflatable being held down by four, one thousand pound c",Activation will be held within temporary parking lot.,SMILING FRIENDS 02/04/2022 TO 02/10/2022,2022-02-04T00:00:00.000,2022-02-08T00:00:00.000,"{'latitude': '33.98691', 'longitude': '-118.47205', 'human_address': '{""address"": """", ""city"": """", ""state"": """", ""zip"": """"}'}",V14,Venice Beach Boardwalk,218.4,33.98691,-118.47205,LADBS Building and Safety Temporary Special Event (TSE) Permits,
224109000000063,Temporary Special Event,Commercial,3911,3911,S,FIGUEROA,ST,90037,"Beer Unit Assembled: 38' Long 14' 9.5"" Wide Weight 11,000 lbs",Beer Stand will be set on the Christmas Tree Lane Park at the LA Coliseum.,NASCAR - BUSCH CLASH,2022-02-04T00:00:00.000,2022-02-06T00:00:00.000,"{'latitude': '34.01366', 'longitude': '-118.28294', 'human_address': '{""address"": """", ""city"": """", ""state"": """", ""zip"": """"}'}",V06,Exposition Park Stadium (BMO Stadium),180.4,34.01366,-118.28294,LADBS Building and Safety Temporary Special Event (TSE) Permits,
224109000000079,Temporary Special Event,Commercial,3911,3911,S,FIGUEROA,ST,90037,Installation of a flying camera system into the LAMC for the Nascar Cl,Flying camera system attached to four light poles surrounding the LAMC,SKYCAM @ LAMC NASCAR CLASH,2022-02-04T00:00:00.000,2022-02-08T00:00:00.000,"{'latitude': '34.01366', 'longitude': '-118.28294', 'human_address': '{""address"": """", ""city"": """", ""state"": """", ""zip"": """"}'}",V06,Exposition Park Stadium (BMO Stadium),180.4,34.01366,-118.28294,LADBS Building and Safety Temporary Special Event (TSE) Permits,
224109000000027,Temporary Special Event,Commercial,3939,3939,S,FIGUEROA,ST,90037,"Building a truss banner frame. Approximately 17' tall and 41'5"" long.","PLEASE SCHEDULE INSPECTION FOR 2/4/22
Event is located at Christmas Tree Park",NASCAR CLASH AT THE COLISEUM,2022-02-04T00:00:00.000,2022-02-06T00:00:00.000,"{'latitude': '34.01173', 'longitude': '-118.28296', 'human_address': '{""address"": """", ""city"": """", ""state"": """", ""zip"": """"}'}",V06,Exposition Park Stadium (BMO Stadium),192.4,34.01173,-118.28296,LADBS Building and Safety Temporary Special Event (TSE) Permits,
224109000000096,Temporary Special Event,Commercial,610,610,W,CHILDS,WAY,90089,Temporary Tents  for shade 3 15x30 & 1 10x10  Town & Country,Suryan Plaza,FMS,2022-02-04T00:00:00.000,2022-02-08T00:00:00.000,"{'latitude': '34.01886', 'longitude': '-118.28247', 'human_address': '{""address"": """", ""city"": """", ""state"": """", ""zip"": """"}'}",V07,Galen Center (USC),329.3,34.01886,-118.28247,LADBS Building and Safety Temporary Special Event (TSE) Permits,
224109000000020,Temporary Special Event,Commercial,777,777,W,CHICK HEARN,CT,90015,Temporary Truss arch entry 40'x25' High  Main Truss 36' x 220' x 16' H,Plaza,CALI BASH,2022-01-14T00:00:00.000,2022-01-16T00:00:00.000,"{'latitude': '34.04406', 'longitude': '-118.26707', 'human_address': '{""address"": """", ""city"": """", ""state"": """", ""zip"": """"}'}",V04,Peacock Theater,51.4,34.04406,-118.26707,LADBS Building and Safety Temporary Special Event (TSE) Permits,
224109000000013,Temporary Special Event,Commercial,3911,3911,S,FIGUEROA,ST,90037,TCUP For Event set up in the peristyle with chairs and small stage 2:3,Peristyle,MPISCC,2022-01-13T00:00:00.000,2022-01-13T00:00:00.000,"{'latitude': '34.01366', 'longitude': '-118.28294', 'human_address': '{""address"": """", ""city"": """", ""state"": """", ""zip"": """"}'}",V06,Exposition Park Stadium (BMO Stadium),180.4,34.01366,-118.28294,LADBS Building and Safety Temporary Special Event (TSE) Permits,
214109000005654,Temporary Special Event,Commercial,1828,1828,S,OAK,ST,90015,Special Event - No construction,Private New Year's Eve Event Party,NY EVE PARTY,2021-12-31T00:00:00.000,2021-12-31T00:00:00.000,"{'latitude': '34.03705', 'longitude': '-118.27728', 'human_address': '{""address"": """", ""city"": """", ""state"": """", ""zip"": """"}'}",V03,LA Convention Center (Halls 1-3),707.4,34.03705,-118.27728,LADBS Building and Safety Temporary Special Event (TSE) Permits,
214109000005949,Temporary Special Event,Commercial,777,777,W,CHICK HEARN,CT,90015,Temporary Tents for skating productions  2 18x27  2 10x27  Bright rent,plaza,LA LIVE RINK,2021-12-29T00:00:00.000,2022-01-02T00:00:00.000,"{'latitude': '34.04406', 'longitude': '-118.26707', 'human_address': '{""address"": """", ""city"": """", ""state"": """", ""zip"": """"}'}",V04,Peacock Theater,51.4,34.04406,-118.26707,LADBS Building and Safety Temporary Special Event (TSE) Permits,
214109000002134,Temporary Special Event,Commercial,1000,1000,W,VIN SCULLY,AVE,90012,Using existing infrastructure and adding market tents 10 x 10,Centerfield Plaza and Center field of Dodger Stadium,DODGER HOLIDAY FESTIVAL,2021-12-26T00:00:00.000,2021-12-30T00:00:00.000,,V01,Dodger Stadium,,,,LADBS Building and Safety Temporary Special Event (TSE) Permits,
214109000005941,Temporary Special Event,Commercial,3939,3939,S,FIGUEROA,ST,90037,Temporary Tents  82'x82 for hospitality,Over fiels,LAFC,2021-12-23T00:00:00.000,2021-12-27T00:00:00.000,"{'latitude': '34.01173', 'longitude': '-118.28296', 'human_address': '{""address"": """", ""city"": """", ""state"": """", ""zip"": """"}'}",V06,Exposition Park Stadium (BMO Stadium),192.4,34.01173,-118.28296,LADBS Building and Safety Temporary Special Event (TSE) Permits,
214109000002133,Temporary Special Event,Commercial,1000,1000,W,VIN SCULLY,AVE,90012,Using existing infrastructure and adding market tents 10 x 10,Centerfield Plaza and Center Field of Dodger Stadium,DODGER HOLIDAY FESTIVAL,2021-12-21T00:00:00.000,2021-12-25T00:00:00.000,,V01,Dodger Stadium,,,,LADBS Building and Safety Temporary Special Event (TSE) Permits,
214109000005906,Temporary Special Event,Commercial,3911,3911,S,FIGUEROA,ST,90037,Temporary Structures: 1 x Stageline Mobile SAM 575 stage in Christmas,"Banc of CA Stadium, USC Coliseum, Christmas Tree Lane, South Lawn, Lots 4, 5 & 6",ONCE UPON A TIME IN LA,2021-12-18T00:00:00.000,2021-12-18T00:00:00.000,"{'latitude': '34.01366', 'longitude': '-118.28294', 'human_address': '{""address"": """", ""city"": """", ""state"": """", ""zip"": """"}'}",V06,Exposition Park Stadium (BMO Stadium),180.4,34.01366,-118.28294,LADBS Building and Safety Temporary Special Event (TSE) Permits,
214109000005931,Temporary Special Event,Commercial,3939,3939,S,FIGUEROA,ST,90037,Temporary Tent 82'X82 for Hospitality,OVER FIELDS,LAFC,2021-12-18T00:00:00.000,2021-12-22T00:00:00.000,"{'latitude': '34.01173', 'longitude': '-118.28296', 'human_address': '{""address"": """", ""city"": """", ""state"": """", ""zip"": """"}'}",V06,Exposition Park Stadium (BMO Stadium),192.4,34.01173,-118.28296,LADBS Building and Safety Temporary Special Event (TSE) Permits,
214109000005933,Temporary Special Event,Commercial,3911,3911,S,FIGUEROA,ST,90037,Temporary Tents  1 66'x66' for book store  Shelter structures of Ameri,Gate 19,BOOK STORE,2021-12-18T00:00:00.000,2021-12-22T00:00:00.000,"{'latitude': '34.01366', 'longitude': '-118.28294', 'human_address': '{""address"": """", ""city"": """", ""state"": """", ""zip"": """"}'}",V06,Exposition Park Stadium (BMO Stadium),180.4,34.01366,-118.28294,LADBS Building and Safety Temporary Special Event (TSE) Permits,
214109000002132,Temporary Special Event,Commercial,1000,1000,W,VIN SCULLY,AVE,90012,Using existing infrastructure of Dodger Stadium and adding market tent,Centerfield Plaza and Center Field of Dodger Stadium,DODGER HOLIDAY FESTIVAL,2021-12-16T00:00:00.000,2021-12-20T00:00:00.000,,V01,Dodger Stadium,,,,LADBS Building and Safety Temporary Special Event (TSE) Permits,
214109000005911,Temporary Special Event,Commercial,777,777,W,CHICK HEARN,CT,90015,Temporary Tents for ice rink  2 18x27 & 2 10x27  Bright Rentals,Plaza,LA LIVE RINK,2021-12-14T00:00:00.000,2021-12-18T00:00:00.000,"{'latitude': '34.04406', 'longitude': '-118.26707', 'human_address': '{""address"": """", ""city"": """", ""state"": """", ""zip"": """"}'}",V04,Peacock Theater,51.4,34.04406,-118.26707,LADBS Building and Safety Temporary Special Event (TSE) Permits,
214109000002131,Temporary Special Event,Commercial,1000,1000,W,VIN SCULLY,AVE,90012,Using existing infrastructure of Dodger Stadium and adding market tent,Centerfield Plaza and Center Field of Dodger Stadium,DODGER HOLIDAY FESTIVAL,2021-12-11T00:00:00.000,2021-12-15T00:00:00.000,,V01,Dodger Stadium,,,,LADBS Building and Safety Temporary Special Event (TSE) Permits,
214109000005854,Temporary Special Event,Commercial,800,800,W,OLYMPIC,BLVD,90015,Temporary Tent  1-300x140 exiting use  Onsite Hunter Rich 213.393.1340,Event Deck,THE GAME SHOW AWARDS,2021-12-09T00:00:00.000,2021-12-09T00:00:00.000,"{'latitude': '34.04484', 'longitude': '-118.26453', 'human_address': '{""address"": """", ""city"": """", ""state"": """", ""zip"": """"}'}",V04,Peacock Theater,221.6,34.04484,-118.26453,LADBS Building and Safety Temporary Special Event (TSE) Permits,
214109000005880,Temporary Special Event,Commercial,3911,3911,S,FIGUEROA,ST,90037,Installation of a flying camera system into the LA Coliseum for the 20,,2021 KANYE CONCERT,2021-12-09T00:00:00.000,2021-12-12T00:00:00.000,"{'latitude': '34.01366', 'longitude': '-118.28294', 'human_address': '{""address"": """", ""city"": """", ""state"": """", ""zip"": """"}'}",V06,Exposition Park Stadium (BMO Stadium),180.4,34.01366,-118.28294,LADBS Building and Safety Temporary Special Event (TSE) Permits,
214109000005837,Temporary Special Event,Commercial,3911,3911,S,FIGUEROA,ST,90037,Temporary Tents Gate 6 & 7 40X60 2 10X20 get 2 10x20  Gate 4 20x40  Ga,Around the gates and peristyle,KW CONCERT,2021-12-09T00:00:00.000,2021-12-09T00:00:00.000,"{'latitude': '34.01366', 'longitude': '-118.28294', 'human_address': '{""address"": """", ""city"": """", ""state"": """", ""zip"": """"}'}",V06,Exposition Park Stadium (BMO Stadium),180.4,34.01366,-118.28294,LADBS Building and Safety Temporary Special Event (TSE) Permits,
214109000005856,Temporary Special Event,Commercial,800,800,W,OLYMPIC,BLVD,90015,Temporary Tents 2 -12x27 2 10x27 Temporary Tent  Bright Rentals,Inside Plaza,SKATE RINK,2021-12-09T00:00:00.000,2021-12-13T00:00:00.000,"{'latitude': '34.04484', 'longitude': '-118.26453', 'human_address': '{""address"": """", ""city"": """", ""state"": """", ""zip"": """"}'}",V04,Peacock Theater,221.6,34.04484,-118.26453,LADBS Building and Safety Temporary Special Event (TSE) Permits,
214109000002090,Temporary Special Event,Commercial,900,900,W,EXPOSITION,BLVD,90037,Temporary Tents  40x50  20x55 20x20  12:30pm  Bright rentals,Back of building,NATURAL HISTORY MUSEUM,2021-12-09T00:00:00.000,2021-12-09T00:00:00.000,"{'latitude': '34.01803', 'longitude': '-118.2884', 'human_address': '{""address"": """", ""city"": """", ""state"": """", ""zip"": """"}'}",V05,LA Memorial Coliseum,439.4,34.01803,-118.2884,LADBS Building and Safety Temporary Special Event (TSE) Permits,
214109000005753,Temporary Special Event,Commercial,3911,3911,S,FIGUEROA,ST,90037,Kayne and Drake are coming to LA to perform at LA Coliseum. We are bui,One day event at LA Coliseum. Inside the Stadium on the football field.,DONDA LA,2021-12-09T00:00:00.000,2021-12-09T00:00:00.000,"{'latitude': '34.01366', 'longitude': '-118.28294', 'human_address': '{""address"": """", ""city"": """", ""state"": """", ""zip"": """"}'}",V06,Exposition Park Stadium (BMO Stadium),180.4,34.01366,-118.28294,LADBS Building and Safety Temporary Special Event (TSE) Permits,
214109000005839,Temporary Special Event,Commercial,3911,3911,S,FIGUEROA,ST,90037,Temporary Structure.  66'X66' FOR BOOK STORE  Shelter Structures of Am,Gate 19,BOOK STORE,2021-12-08T00:00:00.000,2021-12-12T00:00:00.000,"{'latitude': '34.01366', 'longitude': '-118.28294', 'human_address': '{""address"": """", ""city"": """", ""state"": """", ""zip"": """"}'}",V06,Exposition Park Stadium (BMO Stadium),180.4,34.01366,-118.28294,LADBS Building and Safety Temporary Special Event (TSE) Permits,
214109000005809,Temporary Special Event,Commercial,1111,1111,S,FIGUEROA,ST,90015,"Basketball pop-a-shot on concourse. Build out for event on Saturday, D",BBHOF at STAPLES Center on 11/4. Will be ready at 11:00am for inspection.,BASKETBALL HALL OF FAME,2021-12-05T00:00:00.000,2021-12-05T00:00:00.000,"{'latitude': '34.04338', 'longitude': '-118.26581', 'human_address': '{""address"": """", ""city"": """", ""state"": """", ""zip"": """"}'}",V02,DTLA Arena (Crypto.com Arena),131.8,34.04338,-118.26581,LADBS Building and Safety Temporary Special Event (TSE) Permits,
214109000005678,Temporary Special Event,Commercial,735,735,S,FIGUEROA,ST,90017,Open space merchant market,7TH AT Figueroa; The Plaza,THE COME UP LA,2021-12-04T00:00:00.000,2021-12-04T00:00:00.000,"{'latitude': '34.04878', 'longitude': '-118.26079', 'human_address': '{""address"": """", ""city"": """", ""state"": """", ""zip"": """"}'}",V04,Peacock Theater,737.2,34.04878,-118.26079,LADBS Building and Safety Temporary Special Event (TSE) Permits,
214109000002184,Temporary Special Event,Commercial,1515,1515,S,ABBOT KINNEY,BLVD,90291,container placed on lot,Change use to allow container which will open up for retail sales of cosmetics.,DECIEM,2021-12-03T00:00:00.000,2021-12-05T00:00:00.000,"{'latitude': '33.9903', 'longitude': '-118.46415', 'human_address': '{""address"": """", ""city"": """", ""state"": """", ""zip"": """"}'}",V13,Venice Beach,615.2,33.9903,-118.46415,LADBS Building and Safety Temporary Special Event (TSE) Permits,
214109000005780,Temporary Special Event,Commercial,777,777,W,CHICK HEARN,CT,90015,Temporary Tents  2 18x27 & 2 10x27 for production  Town & Country,Plaza,LA LIVE ICE RINK,2021-11-30T00:00:00.000,2021-12-03T00:00:00.000,"{'latitude': '34.04406', 'longitude': '-118.26707', 'human_address': '{""address"": """", ""city"": """", ""state"": """", ""zip"": """"}'}",V04,Peacock Theater,51.4,34.04406,-118.26707,LADBS Building and Safety Temporary Special Event (TSE) Permits,
214109000005697,Temporary Special Event,Commercial,3911,3911,S,FIGUEROA,ST,90037,Temporary Tent  66' x 66 ' for Book store   Shelter Structures of Amer,Gate 19,BOOK STORE,2021-11-28T00:00:00.000,2021-12-02T00:00:00.000,"{'latitude': '34.01366', 'longitude': '-118.28294', 'human_address': '{""address"": """", ""city"": """", ""state"": """", ""zip"": """"}'}",V06,Exposition Park Stadium (BMO Stadium),180.4,34.01366,-118.28294,LADBS Building and Safety Temporary Special Event (TSE) Permits,
214109000005681,Temporary Special Event,Commercial,3911,3911,S,FIGUEROA,ST,90037,Temporary Tents  10x10 10x20 2 20x20 2 20x50' TCU 4:30pm-7:30pm  Town,XMAS TREE LANE,RALPH'S,2021-11-27T00:00:00.000,2021-11-27T00:00:00.000,"{'latitude': '34.01366', 'longitude': '-118.28294', 'human_address': '{""address"": """", ""city"": """", ""state"": """", ""zip"": """"}'}",V06,Exposition Park Stadium (BMO Stadium),180.4,34.01366,-118.28294,LADBS Building and Safety Temporary Special Event (TSE) Permits,
214109000005707,Temporary Special Event,Commercial,649,649,W,JEFFERSON,BLVD,90007,60' wide x 40' deep x 5' high rolling stage,actual inspection at 12:00 noon...due to holiday charging fee,THUNDERCAT  11/27/21,2021-11-27T00:00:00.000,2021-11-28T00:00:00.000,"{'latitude': '34.02274', 'longitude': '-118.28142', 'human_address': '{""address"": """", ""city"": """", ""state"": """", ""zip"": """"}'}",V07,Galen Center (USC),233.6,34.02274,-118.28142,LADBS Building and Safety Temporary Special Event (TSE) Permits,
214109000005695,Temporary Special Event,Commercial,3911,3911,S,FIGUEROA,ST,90037,Temporary Tents  2 10x20 1 20x30  tents for tail gating,South lawn,USC SOUTH LAWN,2021-11-27T00:00:00.000,2021-11-27T00:00:00.000,"{'latitude': '34.01366', 'longitude': '-118.28294', 'human_address': '{""address"": """", ""city"": """", ""state"": """", ""zip"": """"}'}",V06,Exposition Park Stadium (BMO Stadium),180.4,34.01366,-118.28294,LADBS Building and Safety Temporary Special Event (TSE) Permits,
214109000005682,Temporary Special Event,Commercial,3911,3911,S,FIGUEROA,ST,90037,Temporary Tent for camera shade  10x30 Town & Country,West End,CAMERA TENT,2021-11-27T00:00:00.000,2021-12-01T00:00:00.000,"{'latitude': '34.01366', 'longitude': '-118.28294', 'human_address': '{""address"": """", ""city"": """", ""state"": """", ""zip"": """"}'}",V06,Exposition Park Stadium (BMO Stadium),180.4,34.01366,-118.28294,LADBS Building and Safety Temporary Special Event (TSE) Permits,
214109000002170,Temporary Special Event,Commercial,1515,1515,S,ABBOT KINNEY,BLVD,90291,Please inspect at 11 AM on Saturday 11/27,Airstream opened up for display of cosmetics products.,LUSH COSMETICS,2021-11-27T00:00:00.000,2021-11-28T00:00:00.000,"{'latitude': '33.9903', 'longitude': '-118.46415', 'human_address': '{""address"": """", ""city"": """", ""state"": """", ""zip"": """"}'}",V13,Venice Beach,615.2,33.9903,-118.46415,LADBS Building and Safety Temporary Special Event (TSE) Permits,
214109000005684,Temporary Special Event,Commercial,3911,3911,S,FIGUEROA,ST,90037,Temporary Tent  Town & Country  15x30 Tunnel tent,Tunnel tent,TUNNEL TENT,2021-11-27T00:00:00.000,2021-12-01T00:00:00.000,"{'latitude': '34.01366', 'longitude': '-118.28294', 'human_address': '{""address"": """", ""city"": """", ""state"": """", ""zip"": """"}'}",V06,Exposition Park Stadium (BMO Stadium),180.4,34.01366,-118.28294,LADBS Building and Safety Temporary Special Event (TSE) Permits,
214109000005693,Temporary Special Event,Commercial,777,777,W,CHICK HEARN,CT,90015,Temporary Tents  2 10x27 & 2 18x27 for skating,Plaza,LALIVE SKATING,2021-11-25T00:00:00.000,2021-11-29T00:00:00.000,"{'latitude': '34.04406', 'longitude': '-118.26707', 'human_address': '{""address"": """", ""city"": """", ""state"": """", ""zip"": """"}'}",V04,Peacock Theater,51.4,34.04406,-118.26707,LADBS Building and Safety Temporary Special Event (TSE) Permits,
214109000005637,Temporary Special Event,Commercial,3911,3911,S,FIGUEROA,ST,90037,Temporary Tents  25x40 in the peristyle  20x30 on the field.  Signatur,Peristyle & Field.,USC PRODUCTION,2021-11-23T00:00:00.000,2021-11-27T00:00:00.000,"{'latitude': '34.01366', 'longitude': '-118.28294', 'human_address': '{""address"": """", ""city"": """", ""state"": """", ""zip"": """"}'}",V06,Exposition Park Stadium (BMO Stadium),180.4,34.01366,-118.28294,LADBS Building and Safety Temporary Special Event (TSE) Permits,
214109000005628,Temporary Special Event,Commercial,3911,3911,S,FIGUEROA,ST,90037,Temporary Tent  gate 19  Shelter Structures of America  66'x66' struct,Gate 19,BOOK STORE,2021-11-23T00:00:00.000,2021-11-27T00:00:00.000,"{'latitude': '34.01366', 'longitude': '-118.28294', 'human_address': '{""address"": """", ""city"": """", ""state"": """", ""zip"": """"}'}",V06,Exposition Park Stadium (BMO Stadium),180.4,34.01366,-118.28294,LADBS Building and Safety Temporary Special Event (TSE) Permits,
214109000002231,Temporary Special Event,Commercial,777,777,W,CHICK HEARN,CT,90015,"Temporary Decking  Main Stage 122' w x 70' d x 18"" high  Loading Ramp",Inside Microsoft theater,AMERICAN MUSIC AWARDS,2021-11-21T00:00:00.000,2021-11-21T00:00:00.000,"{'latitude': '34.04406', 'longitude': '-118.26707', 'human_address': '{""address"": """", ""city"": """", ""state"": """", ""zip"": """"}'}",V04,Peacock Theater,51.4,34.04406,-118.26707,LADBS Building and Safety Temporary Special Event (TSE) Permits,
214109000005641,Temporary Special Event,Commercial,777,777,W,CHICK HEARN,CT,90015,Existing Tent 300x142  AEG  ARI WALLER 213 257 5699,Event Deck,AMA,2021-11-21T00:00:00.000,2021-11-21T00:00:00.000,"{'latitude': '34.04406', 'longitude': '-118.26707', 'human_address': '{""address"": """", ""city"": """", ""state"": """", ""zip"": """"}'}",V04,Peacock Theater,51.4,34.04406,-118.26707,LADBS Building and Safety Temporary Special Event (TSE) Permits,
214109000005611,Temporary Special Event,Commercial,777,777,W,CHICK HEARN,CT,90015,Temporary Arrival tent  85x150 for red cart and check in  Bright Renta,Located in plaza,AMA,2021-11-21T00:00:00.000,2021-11-21T00:00:00.000,"{'latitude': '34.04406', 'longitude': '-118.26707', 'human_address': '{""address"": """", ""city"": """", ""state"": """", ""zip"": """"}'}",V04,Peacock Theater,51.4,34.04406,-118.26707,LADBS Building and Safety Temporary Special Event (TSE) Permits,
214109000004906,Temporary Special Event,Commercial,3939,3939,S,FIGUEROA,ST,90037,Temporary Tents  6 10x20 1 20x30 for tailgating 10am -1pm  Town & Coun,South lawn,TAILGATING,2021-11-20T00:00:00.000,2021-11-20T00:00:00.000,"{'latitude': '34.01173', 'longitude': '-118.28296', 'human_address': '{""address"": """", ""city"": """", ""state"": """", ""zip"": """"}'}",V06,Exposition Park Stadium (BMO Stadium),192.4,34.01173,-118.28296,LADBS Building and Safety Temporary Special Event (TSE) Permits,
214109000005625,Temporary Special Event,Commercial,3551,3551,S,TROUSDALE,PKWY,90089,Temporary Tents  3 20x30 1 10x15 1 8x42 1 8x12  TCUP 800 Guest ' Town,Founders Park,USC ASSOCIATES PICNIC,2021-11-20T00:00:00.000,2021-11-20T00:00:00.000,"{'latitude': '34.02066', 'longitude': '-118.28531', 'human_address': '{""address"": """", ""city"": """", ""state"": """", ""zip"": """"}'}",V07,Galen Center (USC),490.8,34.02066,-118.28531,LADBS Building and Safety Temporary Special Event (TSE) Permits,
214109000004904,Temporary Special Event,Commercial,3911,3911,S,FIGUEROA,ST,90037,Temporary Tents  10x10 10x20 2 20x20 2 20x50 10am -1pm  Town & Country,Xmass Tree lane,RALPHS,2021-11-20T00:00:00.000,2021-11-20T00:00:00.000,"{'latitude': '34.01366', 'longitude': '-118.28294', 'human_address': '{""address"": """", ""city"": """", ""state"": """", ""zip"": """"}'}",V06,Exposition Park Stadium (BMO Stadium),180.4,34.01366,-118.28294,LADBS Building and Safety Temporary Special Event (TSE) Permits,
214109000005635,Temporary Special Event,Commercial,3518,3518,S,TROUSDALE,PKWY,90089,Temporary Tents  20x30   300 Guest  TCUP 5pM-11M  Event 5pm-11pm,Founders Park,USC ESPORTS,2021-11-19T00:00:00.000,2021-11-19T00:00:00.000,"{'latitude': '34.02157', 'longitude': '-118.28415', 'human_address': '{""address"": """", ""city"": """", ""state"": """", ""zip"": """"}'}",V07,Galen Center (USC),387.7,34.02157,-118.28415,LADBS Building and Safety Temporary Special Event (TSE) Permits,
214109000002135,Temporary Special Event,Commercial,1301,1301,S,FIGUEROA,ST,90015,Exhibit booth at the LA Convention Center,Call Carisa Norton 213.248.1667 in advance to confirm this inspection.,LA AUTO SHOW 2021,2021-11-19T00:00:00.000,2021-11-23T00:00:00.000,"{'latitude': '34.04058', 'longitude': '-118.26853', 'human_address': '{""address"": """", ""city"": """", ""state"": """", ""zip"": """"}'}",V03,LA Convention Center (Halls 1-3),190.2,34.04058,-118.26853,LADBS Building and Safety Temporary Special Event (TSE) Permits,
214109000004497,Temporary Special Event,Commercial,3911,3911,S,FIGUEROA,ST,90037,Installation of a flying camera system into the LA Coliseum for a foot,,USC VS UCLA 2021,2021-11-19T00:00:00.000,2021-11-22T00:00:00.000,"{'latitude': '34.01366', 'longitude': '-118.28294', 'human_address': '{""address"": """", ""city"": """", ""state"": """", ""zip"": """"}'}",V06,Exposition Park Stadium (BMO Stadium),180.4,34.01366,-118.28294,LADBS Building and Safety Temporary Special Event (TSE) Permits,
214109000005617,Temporary Special Event,Commercial,3911,3911,S,FIGUEROA,ST,90037,Temporary Tent  66'x66' book store  Shelter structures of America,Gate 19,BOOK STORE,2021-11-18T00:00:00.000,2021-11-22T00:00:00.000,"{'latitude': '34.01366', 'longitude': '-118.28294', 'human_address': '{""address"": """", ""city"": """", ""state"": """", ""zip"": """"}'}",V06,Exposition Park Stadium (BMO Stadium),180.4,34.01366,-118.28294,LADBS Building and Safety Temporary Special Event (TSE) Permits,
214109000005615,Temporary Special Event,Commercial,3911,3911,S,FIGUEROA,ST,90037,Temporary Tent  10x30 for camera shade  Town & Country.,West end,CAMERA TENT,2021-11-18T00:00:00.000,2021-11-22T00:00:00.000,"{'latitude': '34.01366', 'longitude': '-118.28294', 'human_address': '{""address"": """", ""city"": """", ""state"": """", ""zip"": """"}'}",V06,Exposition Park Stadium (BMO Stadium),180.4,34.01366,-118.28294,LADBS Building and Safety Temporary Special Event (TSE) Permits,
214109000005613,Temporary Special Event,Commercial,3911,3911,S,FIGUEROA,ST,90037,Temporary tent for hospitality  82'x82,Over Fields,LAFC,2021-11-17T00:00:00.000,2021-11-21T00:00:00.000,"{'latitude': '34.01366', 'longitude': '-118.28294', 'human_address': '{""address"": """", ""city"": """", ""state"": """", ""zip"": """"}'}",V06,Exposition Park Stadium (BMO Stadium),180.4,34.01366,-118.28294,LADBS Building and Safety Temporary Special Event (TSE) Permits,
214109000002257,Temporary Special Event,Commercial,3911,3911,S,FIGUEROA,ST,90037,Temporary Structure Field Suite 30x147  Shelter Structures of America,On Field,USC SUITES,2021-11-13T00:00:00.000,2021-11-17T00:00:00.000,"{'latitude': '34.01366', 'longitude': '-118.28294', 'human_address': '{""address"": """", ""city"": """", ""state"": """", ""zip"": """"}'}",V06,Exposition Park Stadium (BMO Stadium),180.4,34.01366,-118.28294,LADBS Building and Safety Temporary Special Event (TSE) Permits,
214109000002255,Temporary Special Event,Commercial,3911,3911,S,FIGUEROA,ST,90037,Temporary Tent  66'x66 For USC book store Shelter Structures of Americ,Gate 19,BOOK STORE,2021-11-13T00:00:00.000,2021-11-17T00:00:00.000,"{'latitude': '34.01366', 'longitude': '-118.28294', 'human_address': '{""address"": """", ""city"": """", ""state"": """", ""zip"": """"}'}",V06,Exposition Park Stadium (BMO Stadium),180.4,34.01366,-118.28294,LADBS Building and Safety Temporary Special Event (TSE) Permits,
214109000002258,Temporary Special Event,Commercial,3911,3911,S,FIGUEROA,ST,90037,Temporary Tent  15X30 for Camera Shade  Town & Country,West End,CAMERA TENTS,2021-11-13T00:00:00.000,2021-11-17T00:00:00.000,"{'latitude': '34.01366', 'longitude': '-118.28294', 'human_address': '{""address"": """", ""city"": """", ""state"": """", ""zip"": """"}'}",V06,Exposition Park Stadium (BMO Stadium),180.4,34.01366,-118.28294,LADBS Building and Safety Temporary Special Event (TSE) Permits,
214109000002256,Temporary Special Event,Commercial,3911,3911,S,FIGUEROA,ST,90037,Temporary Tents 25x40 in the peristyle  20x30 on the field  Signature,Peristyle & Field,USC PRODUCTION,2021-11-13T00:00:00.000,2021-11-17T00:00:00.000,"{'latitude': '34.01366', 'longitude': '-118.28294', 'human_address': '{""address"": """", ""city"": """", ""state"": """", ""zip"": """"}'}",V06,Exposition Park Stadium (BMO Stadium),180.4,34.01366,-118.28294,LADBS Building and Safety Temporary Special Event (TSE) Permits,
214109000002253,Temporary Special Event,Commercial,3939,3939,S,FIGUEROA,ST,90037,Concert stage build,Please schedule inspection for Thursday 11/11 at 1:00pm.,RUFUS DU SOL,2021-11-12T00:00:00.000,2021-11-14T00:00:00.000,"{'latitude': '34.01173', 'longitude': '-118.28296', 'human_address': '{""address"": """", ""city"": """", ""state"": """", ""zip"": """"}'}",V06,Exposition Park Stadium (BMO Stadium),192.4,34.01173,-118.28296,LADBS Building and Safety Temporary Special Event (TSE) Permits,
214109000002252,Temporary Special Event,Commercial,3911,3911,S,FIGUEROA,ST,90037,Temporary Tunnel tent  15x30  Town & Country,Players Tunnel,TUNNEL TENT,2021-11-12T00:00:00.000,2021-11-16T00:00:00.000,"{'latitude': '34.01366', 'longitude': '-118.28294', 'human_address': '{""address"": """", ""city"": """", ""state"": """", ""zip"": """"}'}",V06,Exposition Park Stadium (BMO Stadium),180.4,34.01366,-118.28294,LADBS Building and Safety Temporary Special Event (TSE) Permits,
214109000002246,Temporary Special Event,Commercial,665,665,W,JEFFERSON,BLVD,90007,Temporary Stage in Expo Hall  40'x 60' x 5' High  Stage -Tech  On Site,Inside expo Hall,CHICANO BATMAN,2021-11-11T00:00:00.000,2021-11-12T00:00:00.000,"{'latitude': '34.02302', 'longitude': '-118.28206', 'human_address': '{""address"": """", ""city"": """", ""state"": """", ""zip"": """"}'}",V07,Galen Center (USC),294.1,34.02302,-118.28206,LADBS Building and Safety Temporary Special Event (TSE) Permits,
214109000002200,Temporary Special Event,Commercial,649,649,W,JEFFERSON,BLVD,90007,Concert with more than 3500 guests in attendance.,Chicano Batman Concert in Expo Hall,CHICANO BATMAN,2021-11-10T00:00:00.000,2021-11-12T00:00:00.000,"{'latitude': '34.02274', 'longitude': '-118.28142', 'human_address': '{""address"": """", ""city"": """", ""state"": """", ""zip"": """"}'}",V07,Galen Center (USC),233.6,34.02274,-118.28142,LADBS Building and Safety Temporary Special Event (TSE) Permits,
214109000002220,Temporary Special Event,Commercial,3911,3911,S,FIGUEROA,ST,90037,Temporary Tents  25x40 Peristyle  20x30 on field  Signature Party Rent,Field & Peristyle,USC PRODUCTION,2021-11-08T00:00:00.000,2021-11-12T00:00:00.000,"{'latitude': '34.01366', 'longitude': '-118.28294', 'human_address': '{""address"": """", ""city"": """", ""state"": """", ""zip"": """"}'}",V06,Exposition Park Stadium (BMO Stadium),180.4,34.01366,-118.28294,LADBS Building and Safety Temporary Special Event (TSE) Permits,
214109000002221,Temporary Special Event,Commercial,3911,3911,S,FIGUEROA,ST,90037,Temporary Tent  10x30 for camera shade  Town & Country Event Rentals,West End,CAMERA TENT,2021-11-08T00:00:00.000,2021-11-12T00:00:00.000,"{'latitude': '34.01366', 'longitude': '-118.28294', 'human_address': '{""address"": """", ""city"": """", ""state"": """", ""zip"": """"}'}",V06,Exposition Park Stadium (BMO Stadium),180.4,34.01366,-118.28294,LADBS Building and Safety Temporary Special Event (TSE) Permits,
214109000002193,Temporary Special Event,Commercial,649,649,W,JEFFERSON,BLVD,90007,Concert in Expo Hall with more than 3500 guests.,Concert,GORGON CITY,2021-11-05T00:00:00.000,2021-11-06T00:00:00.000,"{'latitude': '34.02274', 'longitude': '-118.28142', 'human_address': '{""address"": """", ""city"": """", ""state"": """", ""zip"": """"}'}",V07,Galen Center (USC),233.6,34.02274,-118.28142,LADBS Building and Safety Temporary Special Event (TSE) Permits,
214109000002185,Temporary Special Event,Apartment,3939,3939,S,FIGUEROA,ST,90037,Concert build,,KNOTFEST,2021-11-05T00:00:00.000,2021-11-05T00:00:00.000,"{'latitude': '34.01173', 'longitude': '-118.28296', 'human_address': '{""address"": """", ""city"": """", ""state"": """", ""zip"": """"}'}",V06,Exposition Park Stadium (BMO Stadium),192.4,34.01173,-118.28296,LADBS Building and Safety Temporary Special Event (TSE) Permits,
214109000002191,Temporary Special Event,Commercial,1050,1050,S,HILL,ST,90015,"Temporary Stages  Main Stage 36"" with 2- 1 ft risers Truss 11ft ground",Inside club,CALL OF DUTY,2021-11-03T00:00:00.000,2021-11-03T00:00:00.000,"{'latitude': '34.04038', 'longitude': '-118.25933', 'human_address': '{""address"": """", ""city"": """", ""state"": """", ""zip"": """"}'}",V02,DTLA Arena (Crypto.com Arena),785.7,34.04038,-118.25933,LADBS Building and Safety Temporary Special Event (TSE) Permits,
214109000002172,Temporary Special Event,Commercial,777,777,W,CHICK HEARN,CT,90015,Temporary Tents on street for arrivals 30x70 40x164 2 20x30  Town & Co,ON Street,RED NOTICE,2021-11-03T00:00:00.000,2021-11-03T00:00:00.000,"{'latitude': '34.04406', 'longitude': '-118.26707', 'human_address': '{""address"": """", ""city"": """", ""state"": """", ""zip"": """"}'}",V04,Peacock Theater,51.4,34.04406,-118.26707,LADBS Building and Safety Temporary Special Event (TSE) Permits,
214109000002178,Temporary Special Event,Commercial,3911,3911,S,FIGUEROA,ST,90037,Temporary Tents  Field 25x40 & 20x30 Peristyle Town & Country,Field & Peristyle,USC PRODUCTION TENTS,2021-11-03T00:00:00.000,2021-11-07T00:00:00.000,"{'latitude': '34.01366', 'longitude': '-118.28294', 'human_address': '{""address"": """", ""city"": """", ""state"": """", ""zip"": """"}'}",V06,Exposition Park Stadium (BMO Stadium),180.4,34.01366,-118.28294,LADBS Building and Safety Temporary Special Event (TSE) Permits,
214109000002152,Temporary Special Event,Commercial,777,777,W,CHICK HEARN,CT,90015,Temporary Tent  85x210 for rain cover in the plaza  Bright Rentals,Plaza,RED NOTICE,2021-11-03T00:00:00.000,2021-11-03T00:00:00.000,"{'latitude': '34.04406', 'longitude': '-118.26707', 'human_address': '{""address"": """", ""city"": """", ""state"": """", ""zip"": """"}'}",V04,Peacock Theater,51.4,34.04406,-118.26707,LADBS Building and Safety Temporary Special Event (TSE) Permits,
214109000002171,Temporary Special Event,Commercial,1050,1050,S,HILL,ST,90015,Temporary Tent for crew production located in the back of parking lot,North parking lot at Olympic Blvd,CALL OF DUTY,2021-11-02T00:00:00.000,2021-11-03T00:00:00.000,"{'latitude': '34.04038', 'longitude': '-118.25933', 'human_address': '{""address"": """", ""city"": """", ""state"": """", ""zip"": """"}'}",V02,DTLA Arena (Crypto.com Arena),785.7,34.04038,-118.25933,LADBS Building and Safety Temporary Special Event (TSE) Permits,
214109000002175,Temporary Special Event,Commercial,3911,3911,S,FIGUEROA,ST,90037,Temporary Tent  15x30 tent for entry  Town & Country,Players Tunnel,TUNNEL TENT,2021-11-02T00:00:00.000,2021-11-06T00:00:00.000,"{'latitude': '34.01366', 'longitude': '-118.28294', 'human_address': '{""address"": """", ""city"": """", ""state"": """", ""zip"": """"}'}",V06,Exposition Park Stadium (BMO Stadium),180.4,34.01366,-118.28294,LADBS Building and Safety Temporary Special Event (TSE) Permits,
214109000002174,Temporary Special Event,Commercial,3939,3939,S,FIGUEROA,ST,90037,Temporart Tent  LAFC Hospitality 82'x82,Over Field event deck,LAFC,2021-11-02T00:00:00.000,2021-11-06T00:00:00.000,"{'latitude': '34.01173', 'longitude': '-118.28296', 'human_address': '{""address"": """", ""city"": """", ""state"": """", ""zip"": """"}'}",V06,Exposition Park Stadium (BMO Stadium),192.4,34.01173,-118.28296,LADBS Building and Safety Temporary Special Event (TSE) Permits,
214109000002140,Temporary Special Event,Commercial,3911,3911,S,FIGUEROA,ST,90037,Temporary Tents  Town & Country Gat 11 10x60 Gate 1 20x30 Gate 28b 20x,Inside stadium,USC PRODUCTION,2021-10-30T00:00:00.000,2021-10-30T00:00:00.000,"{'latitude': '34.01366', 'longitude': '-118.28294', 'human_address': '{""address"": """", ""city"": """", ""state"": """", ""zip"": """"}'}",V06,Exposition Park Stadium (BMO Stadium),180.4,34.01366,-118.28294,LADBS Building and Safety Temporary Special Event (TSE) Permits,
214109000002126,Temporary Special Event,Commercial,635,635,W,CHILDS,WAY,90089,Temporary Tents  15x20 & 18x32 Frame tents  TCUP 70 Guest 9am -5pm,Doheny Library,GREIF HOMECOMING,2021-10-30T00:00:00.000,2021-10-30T00:00:00.000,"{'latitude': '34.01944', 'longitude': '-118.28293', 'human_address': '{""address"": """", ""city"": """", ""state"": """", ""zip"": """"}'}",V07,Galen Center (USC),321.0,34.01944,-118.28293,LADBS Building and Safety Temporary Special Event (TSE) Permits,
214109000002168,Temporary Special Event,Commercial,3939,3939,S,FIGUEROA,ST,90037,Concert stage build,,NIGHTMARE BEFORE CHRISTMAS,2021-10-30T00:00:00.000,2021-10-31T00:00:00.000,"{'latitude': '34.01173', 'longitude': '-118.28296', 'human_address': '{""address"": """", ""city"": """", ""state"": """", ""zip"": """"}'}",V06,Exposition Park Stadium (BMO Stadium),192.4,34.01173,-118.28296,LADBS Building and Safety Temporary Special Event (TSE) Permits,
214109000002127,Temporary Special Event,Commercial,649,649,W,JEFFERSON,BLVD,90007,Concert taking place in Expo Hall,Shrine Expo Hall,KAYTRANADA/CUCO,2021-10-30T00:00:00.000,2021-11-01T00:00:00.000,"{'latitude': '34.02274', 'longitude': '-118.28142', 'human_address': '{""address"": """", ""city"": """", ""state"": """", ""zip"": """"}'}",V07,Galen Center (USC),233.6,34.02274,-118.28142,LADBS Building and Safety Temporary Special Event (TSE) Permits,
214109000002139,Temporary Special Event,Commercial,3911,3911,S,FIGUEROA,ST,90037,Temporary Tents  Town & Country Event 10x10 10x20 2 20x20 2 20x50  TCU,Xmas Tree lane,USC/ ARZONA,2021-10-30T00:00:00.000,2021-10-30T00:00:00.000,"{'latitude': '34.01366', 'longitude': '-118.28294', 'human_address': '{""address"": """", ""city"": """", ""state"": """", ""zip"": """"}'}",V06,Exposition Park Stadium (BMO Stadium),180.4,34.01366,-118.28294,LADBS Building and Safety Temporary Special Event (TSE) Permits,
214109000002146,Temporary Special Event,Commercial,3939,3939,S,FIGUEROA,ST,90037,Temporary Tent  82'x82  Hospitality Tent,Event Deck,LAFC,2021-10-28T00:00:00.000,2021-11-01T00:00:00.000,"{'latitude': '34.01173', 'longitude': '-118.28296', 'human_address': '{""address"": """", ""city"": """", ""state"": """", ""zip"": """"}'}",V06,Exposition Park Stadium (BMO Stadium),192.4,34.01173,-118.28296,LADBS Building and Safety Temporary Special Event (TSE) Permits,
214109000002149,Temporary Special Event,Commercial,3939,3939,S,FIGUEROA,ST,90037,Temporary Tent  66'x66' get 19  Shelter Structures of America,Gate 19,BOOK STORE,2021-10-28T00:00:00.000,2021-11-01T00:00:00.000,"{'latitude': '34.01173', 'longitude': '-118.28296', 'human_address': '{""address"": """", ""city"": """", ""state"": """", ""zip"": """"}'}",V06,Exposition Park Stadium (BMO Stadium),192.4,34.01173,-118.28296,LADBS Building and Safety Temporary Special Event (TSE) Permits,
214109000002143,Temporary Special Event,Commercial,3911,3911,S,FIGUEROA,ST,90037,Temporary Tent  10x30 located in the wets end of stadium for camera co,West end,CAMERA TENTS,2021-10-28T00:00:00.000,2021-10-31T00:00:00.000,"{'latitude': '34.01366', 'longitude': '-118.28294', 'human_address': '{""address"": """", ""city"": """", ""state"": """", ""zip"": """"}'}",V06,Exposition Park Stadium (BMO Stadium),180.4,34.01366,-118.28294,LADBS Building and Safety Temporary Special Event (TSE) Permits,
214109000002123,Temporary Special Event,Commercial,3911,3911,S,FIGUEROA,ST,90037,Temporary tent 15x30 located in the Players  tunnel  Town & Country,Players Tunnel,TUNNEL TENT,2021-10-27T00:00:00.000,2021-10-31T00:00:00.000,"{'latitude': '34.01366', 'longitude': '-118.28294', 'human_address': '{""address"": """", ""city"": """", ""state"": """", ""zip"": """"}'}",V06,Exposition Park Stadium (BMO Stadium),180.4,34.01366,-118.28294,LADBS Building and Safety Temporary Special Event (TSE) Permits,
214109000002101,Temporary Special Event,Commercial,777,777,W,CHICK HEARN,CT,90015,Existing tent 300x140 for Reception & Screening  ARI Waller 213.257.56,Event Deck,FUNNIMATION,2021-10-26T00:00:00.000,2021-10-30T00:00:00.000,"{'latitude': '34.04406', 'longitude': '-118.26707', 'human_address': '{""address"": """", ""city"": """", ""state"": """", ""zip"": """"}'}",V04,Peacock Theater,51.4,34.04406,-118.26707,LADBS Building and Safety Temporary Special Event (TSE) Permits,
214109000002115,Temporary Special Event,Commercial,777,777,W,CHICK HEARN,CT,90015,1540 Production Dennis Jones.  (714) 412-8487 Truss structure  entry,Inside event deck tent,FUMINATION,2021-10-26T00:00:00.000,2021-10-26T00:00:00.000,"{'latitude': '34.04406', 'longitude': '-118.26707', 'human_address': '{""address"": """", ""city"": """", ""state"": """", ""zip"": """"}'}",V04,Peacock Theater,51.4,34.04406,-118.26707,LADBS Building and Safety Temporary Special Event (TSE) Permits,
214109000002092,Temporary Special Event,Commercial,3911,3911,S,FIGUEROA,ST,90037,Temporary Tents  1- 25x40 in the peristyle  1 -20x30 on the field  Sig,Peristyle & Field,USC PRODUCTION,2021-10-23T00:00:00.000,2021-10-27T00:00:00.000,"{'latitude': '34.01366', 'longitude': '-118.28294', 'human_address': '{""address"": """", ""city"": """", ""state"": """", ""zip"": """"}'}",V06,Exposition Park Stadium (BMO Stadium),180.4,34.01366,-118.28294,LADBS Building and Safety Temporary Special Event (TSE) Permits,
214109000002088,Temporary Special Event,Commercial,3911,3911,S,FIGUEROA,ST,90037,Temporary Tent  66'x66 for book store gate 19  Shelter Structures of A,Gate 19th,BOOK STORE,2021-10-23T00:00:00.000,2021-10-27T00:00:00.000,"{'latitude': '34.01366', 'longitude': '-118.28294', 'human_address': '{""address"": """", ""city"": """", ""state"": """", ""zip"": """"}'}",V06,Exposition Park Stadium (BMO Stadium),180.4,34.01366,-118.28294,LADBS Building and Safety Temporary Special Event (TSE) Permits,
214109000002072,Temporary Special Event,Commercial,3939,3939,S,FIGUEROA,ST,90037,Temporary Tent  30' Dia in event space  30x30 & 10X30  Tent back stage,Peristyle,PREMIERE LEAGUE,2021-10-23T00:00:00.000,2021-10-24T00:00:00.000,"{'latitude': '34.01173', 'longitude': '-118.28296', 'human_address': '{""address"": """", ""city"": """", ""state"": """", ""zip"": """"}'}",V06,Exposition Park Stadium (BMO Stadium),192.4,34.01173,-118.28296,LADBS Building and Safety Temporary Special Event (TSE) Permits,
214109000002086,Temporary Special Event,Commercial,3911,3911,S,FIGUEROA,ST,90037,Temporary Tent  10x30 for camera Shade  Town & Country Event,WEST END OF Stadium,CAMERA TENTS,2021-10-23T00:00:00.000,2021-10-27T00:00:00.000,"{'latitude': '34.01366', 'longitude': '-118.28294', 'human_address': '{""address"": """", ""city"": """", ""state"": """", ""zip"": """"}'}",V06,Exposition Park Stadium (BMO Stadium),180.4,34.01366,-118.28294,LADBS Building and Safety Temporary Special Event (TSE) Permits,
214109000002089,Temporary Special Event,Commercial,3939,3939,S,FIGUEROA,ST,90037,Temporary Tent  83'x82 for l banc of Cal stadium events,Over la fields,LAFC,2021-10-23T00:00:00.000,2021-10-27T00:00:00.000,"{'latitude': '34.01173', 'longitude': '-118.28296', 'human_address': '{""address"": """", ""city"": """", ""state"": """", ""zip"": """"}'}",V06,Exposition Park Stadium (BMO Stadium),192.4,34.01173,-118.28296,LADBS Building and Safety Temporary Special Event (TSE) Permits,
214109000002087,Temporary Special Event,Commercial,3911,3911,S,FIGUEROA,ST,90037,Temporary Tent   30' x 147'  suite  Shelter Structures of America,On Field,USC SUITES,2021-10-23T00:00:00.000,2021-10-27T00:00:00.000,"{'latitude': '34.01366', 'longitude': '-118.28294', 'human_address': '{""address"": """", ""city"": """", ""state"": """", ""zip"": """"}'}",V06,Exposition Park Stadium (BMO Stadium),180.4,34.01366,-118.28294,LADBS Building and Safety Temporary Special Event (TSE) Permits,
214109000002100,Temporary Special Event,Commercial,3911,3911,S,FIGUEROA,ST,90037,Temporary Tent 'In players tunnel 15x30 Town & Country,Players Tunnel,TUNNEL TENT,2021-10-22T00:00:00.000,2021-10-22T00:00:00.000,"{'latitude': '34.01366', 'longitude': '-118.28294', 'human_address': '{""address"": """", ""city"": """", ""state"": """", ""zip"": """"}'}",V06,Exposition Park Stadium (BMO Stadium),180.4,34.01366,-118.28294,LADBS Building and Safety Temporary Special Event (TSE) Permits,
214109000002078,Temporary Special Event,Commercial,665,665,W,JEFFERSON,BLVD,90007,Concert / Tenting 20x60 Bar Tent 10x20 Merch Tent,,MACHINE GUN KELLY,2021-10-20T00:00:00.000,2021-10-20T00:00:00.000,"{'latitude': '34.02302', 'longitude': '-118.28206', 'human_address': '{""address"": """", ""city"": """", ""state"": """", ""zip"": """"}'}",V07,Galen Center (USC),294.1,34.02302,-118.28206,LADBS Building and Safety Temporary Special Event (TSE) Permits,
214109000002080,Temporary Special Event,Commercial,777,777,W,CHICK HEARN,CT,90015,"Temporary Structures Main Stage 24'x24'x3'-6"" High  Truss Structure  o",LA Live Plaza,INSIDE THE NBA,2021-10-20T00:00:00.000,2021-10-20T00:00:00.000,"{'latitude': '34.04406', 'longitude': '-118.26707', 'human_address': '{""address"": """", ""city"": """", ""state"": """", ""zip"": """"}'}",V04,Peacock Theater,51.4,34.04406,-118.26707,LADBS Building and Safety Temporary Special Event (TSE) Permits,
214109000002064,Temporary Special Event,Commercial,3911,3911,S,FIGUEROA,ST,90037,Temporary Structure  Entry Arch  12'x9' High  4-18' High Truss sticks,Peristyle,SCHOOL OF ARCHITECTURE,2021-10-19T00:00:00.000,2021-10-23T00:00:00.000,"{'latitude': '34.01366', 'longitude': '-118.28294', 'human_address': '{""address"": """", ""city"": """", ""state"": """", ""zip"": """"}'}",V06,Exposition Park Stadium (BMO Stadium),180.4,34.01366,-118.28294,LADBS Building and Safety Temporary Special Event (TSE) Permits,
214109000002075,Temporary Special Event,Commercial,3911,3911,S,FIGUEROA,ST,90037,Temporary Suites Structures  30'x147  Shelter Structures of America,On Field,USC SUITES,2021-10-18T00:00:00.000,2021-10-22T00:00:00.000,"{'latitude': '34.01366', 'longitude': '-118.28294', 'human_address': '{""address"": """", ""city"": """", ""state"": """", ""zip"": """"}'}",V06,Exposition Park Stadium (BMO Stadium),180.4,34.01366,-118.28294,LADBS Building and Safety Temporary Special Event (TSE) Permits,
214109000002073,Temporary Special Event,Commercial,3911,3911,S,FIGUEROA,ST,90037,Temporary Tents  25'x40  IN THE PERISTYLE  20X30 ON THE FIELD  Signatu,Field & Peristyle,USC PRODUCTION,2021-10-18T00:00:00.000,2021-10-22T00:00:00.000,"{'latitude': '34.01366', 'longitude': '-118.28294', 'human_address': '{""address"": """", ""city"": """", ""state"": """", ""zip"": """"}'}",V06,Exposition Park Stadium (BMO Stadium),180.4,34.01366,-118.28294,LADBS Building and Safety Temporary Special Event (TSE) Permits,
214109000002054,Temporary Special Event,Commercial,3939,3939,S,FIGUEROA,ST,90037,Temporary Tent  10x30 for camera shade  Town & Country event rentals,West end,CAMERA TENT,2021-10-17T00:00:00.000,2021-10-21T00:00:00.000,"{'latitude': '34.01173', 'longitude': '-118.28296', 'human_address': '{""address"": """", ""city"": """", ""state"": """", ""zip"": """"}'}",V06,Exposition Park Stadium (BMO Stadium),192.4,34.01173,-118.28296,LADBS Building and Safety Temporary Special Event (TSE) Permits,
214109000002045,Temporary Special Event,Commercial,700,700,W,32ND,ST,90007,Concerts,,SG LEWIS,2021-10-15T00:00:00.000,2021-10-15T00:00:00.000,"{'latitude': '34.0242', 'longitude': '-118.28089', 'human_address': '{""address"": """", ""city"": """", ""state"": """", ""zip"": """"}'}",V07,Galen Center (USC),365.2,34.0242,-118.28089,LADBS Building and Safety Temporary Special Event (TSE) Permits,
214109000002039,Temporary Special Event,Commercial,3939,3939,S,FIGUEROA,ST,90037,Temporary Tents  25x40 in the peristyle  20x30 on the field  Signature,Field & Peristyle,USC PRODUCTION,2021-10-13T00:00:00.000,2021-10-17T00:00:00.000,"{'latitude': '34.01173', 'longitude': '-118.28296', 'human_address': '{""address"": """", ""city"": """", ""state"": """", ""zip"": """"}'}",V06,Exposition Park Stadium (BMO Stadium),192.4,34.01173,-118.28296,LADBS Building and Safety Temporary Special Event (TSE) Permits,
214109000002041,Temporary Special Event,Commercial,3911,3911,S,FIGUEROA,ST,90037,Temporary Structure for Events  82'x82  BROCK SEVERS .C: 310.422.0292,Event Deck,LAFC,2021-10-13T00:00:00.000,2021-10-17T00:00:00.000,"{'latitude': '34.01366', 'longitude': '-118.28294', 'human_address': '{""address"": """", ""city"": """", ""state"": """", ""zip"": """"}'}",V06,Exposition Park Stadium (BMO Stadium),180.4,34.01366,-118.28294,LADBS Building and Safety Temporary Special Event (TSE) Permits,
214109000002005,Temporary Special Event,Commercial,3939,3939,S,FIGUEROA,ST,90037,Temporary Tent  10x10 3-10x15 10x15 10x60 20x20 20x30 20x40 30x50  Tow,Inside stadium,PRODUCTION TENTS,2021-10-09T00:00:00.000,2021-10-09T00:00:00.000,"{'latitude': '34.01173', 'longitude': '-118.28296', 'human_address': '{""address"": """", ""city"": """", ""state"": """", ""zip"": """"}'}",V06,Exposition Park Stadium (BMO Stadium),192.4,34.01173,-118.28296,LADBS Building and Safety Temporary Special Event (TSE) Permits,
214109000002004,Temporary Special Event,Commercial,3939,3939,S,FIGUEROA,ST,90037,Temporary Tent  south lawn  event  3- 10x20  1 20x30  Town & Country E,South lawn,SOUTH LAWN,2021-10-09T00:00:00.000,2021-10-09T00:00:00.000,"{'latitude': '34.01173', 'longitude': '-118.28296', 'human_address': '{""address"": """", ""city"": """", ""state"": """", ""zip"": """"}'}",V06,Exposition Park Stadium (BMO Stadium),192.4,34.01173,-118.28296,LADBS Building and Safety Temporary Special Event (TSE) Permits,
214109000002003,Temporary Special Event,Commercial,3939,3939,S,FIGUEROA,ST,90037,Temporary Truss 13' HIGH  Temporary Tent 15x45  2pm-5pm  1160 Guest,Out side of Peristyle,ATHLETIC TAILGATE,2021-10-09T00:00:00.000,2021-10-09T00:00:00.000,"{'latitude': '34.01173', 'longitude': '-118.28296', 'human_address': '{""address"": """", ""city"": """", ""state"": """", ""zip"": """"}'}",V06,Exposition Park Stadium (BMO Stadium),192.4,34.01173,-118.28296,LADBS Building and Safety Temporary Special Event (TSE) Permits,
214109000002022,Temporary Special Event,Commercial,667,667,W,28TH,ST,90007,Temporary Tent  30x50  200 Guest 10/09  inspect 12noon,Back Lot,PARENTS DAY,2021-10-09T00:00:00.000,2021-10-09T00:00:00.000,"{'latitude': '34.02709', 'longitude': '-118.27933', 'human_address': '{""address"": """", ""city"": """", ""state"": """", ""zip"": """"}'}",V07,Galen Center (USC),680.0,34.02709,-118.27933,LADBS Building and Safety Temporary Special Event (TSE) Permits,
214109000002002,Temporary Special Event,Commercial,3939,3939,S,FIGUEROA,ST,90037,Temporary Tents 10x10 10x20 2-20x20 2 20x50  1pm-5PM,In side of Xmas Tree lane,RALPHS,2021-10-09T00:00:00.000,2021-10-09T00:00:00.000,"{'latitude': '34.01173', 'longitude': '-118.28296', 'human_address': '{""address"": """", ""city"": """", ""state"": """", ""zip"": """"}'}",V06,Exposition Park Stadium (BMO Stadium),192.4,34.01173,-118.28296,LADBS Building and Safety Temporary Special Event (TSE) Permits,
214109000002009,Temporary Special Event,Commercial,3939,3939,S,FIGUEROA,ST,90037,Temporary Tent for Field suites  147'x30'  Shelter Structure ofamerica,Field,USC SUITES,2021-10-08T00:00:00.000,2021-10-12T00:00:00.000,"{'latitude': '34.01173', 'longitude': '-118.28296', 'human_address': '{""address"": """", ""city"": """", ""state"": """", ""zip"": """"}'}",V06,Exposition Park Stadium (BMO Stadium),192.4,34.01173,-118.28296,LADBS Building and Safety Temporary Special Event (TSE) Permits,
214109000001999,Temporary Special Event,Commercial,3939,3939,S,FIGUEROA,ST,90037,Temporary Tent  66' x 66' Book Store  Shelter Structures of America,Gate 19,BOOK STORE,2021-10-08T00:00:00.000,2021-10-12T00:00:00.000,"{'latitude': '34.01173', 'longitude': '-118.28296', 'human_address': '{""address"": """", ""city"": """", ""state"": """", ""zip"": """"}'}",V06,Exposition Park Stadium (BMO Stadium),192.4,34.01173,-118.28296,LADBS Building and Safety Temporary Special Event (TSE) Permits,
214109000002000,Temporary Special Event,Commercial,3939,3939,S,FIGUEROA,ST,90037,Temporary Tent  20x30 On The Field  25x40 in the peristyle  Signature,Peristyle & Field,USC PRODUCTION,2021-10-08T00:00:00.000,2021-10-12T00:00:00.000,"{'latitude': '34.01173', 'longitude': '-118.28296', 'human_address': '{""address"": """", ""city"": """", ""state"": """", ""zip"": """"}'}",V06,Exposition Park Stadium (BMO Stadium),192.4,34.01173,-118.28296,LADBS Building and Safety Temporary Special Event (TSE) Permits,
214109000002020,Temporary Special Event,Commercial,665,665,W,JEFFERSON,BLVD,90007,Temporary Stages 60' x 40' x 3' High with 20 'x 26' x 5' Riser  Vip Ri,Expo Hall,BLACK COFFEE,2021-10-08T00:00:00.000,2021-10-08T00:00:00.000,"{'latitude': '34.02302', 'longitude': '-118.28206', 'human_address': '{""address"": """", ""city"": """", ""state"": """", ""zip"": """"}'}",V07,Galen Center (USC),294.1,34.02302,-118.28206,LADBS Building and Safety Temporary Special Event (TSE) Permits,
214109000002031,Temporary Special Event,Commercial,700,700,W,32ND,ST,90007,Concert,,BLACK COFFEE,2021-10-08T00:00:00.000,2021-10-08T00:00:00.000,"{'latitude': '34.0242', 'longitude': '-118.28089', 'human_address': '{""address"": """", ""city"": """", ""state"": """", ""zip"": """"}'}",V07,Galen Center (USC),365.2,34.0242,-118.28089,LADBS Building and Safety Temporary Special Event (TSE) Permits,
214109000001989,Temporary Special Event,Commercial,3939,3939,S,FIGUEROA,ST,90037,Temporary Tent for Hospitality  82'X82',Over Fields,LAFC,2021-10-04T00:00:00.000,2021-10-08T00:00:00.000,"{'latitude': '34.01173', 'longitude': '-118.28296', 'human_address': '{""address"": """", ""city"": """", ""state"": """", ""zip"": """"}'}",V06,Exposition Park Stadium (BMO Stadium),192.4,34.01173,-118.28296,LADBS Building and Safety Temporary Special Event (TSE) Permits,
214109000001917,Temporary Special Event,Commercial,3939,3939,S,FIGUEROA,ST,90037,Temporary Tent  66' x 66' For book store Shelter Structures of America,Gate 19,BOOK STORE,2021-10-03T00:00:00.000,2021-10-07T00:00:00.000,"{'latitude': '34.01173', 'longitude': '-118.28296', 'human_address': '{""address"": """", ""city"": """", ""state"": """", ""zip"": """"}'}",V06,Exposition Park Stadium (BMO Stadium),192.4,34.01173,-118.28296,LADBS Building and Safety Temporary Special Event (TSE) Permits,
214109000001915,Temporary Special Event,Commercial,3939,3939,S,FIGUEROA,ST,90037,Temporary Tents  25x40 Located near the peristyle  20x30 tent located,Peristyle & Field,USC PRODUCTION,2021-10-03T00:00:00.000,2021-10-07T00:00:00.000,"{'latitude': '34.01173', 'longitude': '-118.28296', 'human_address': '{""address"": """", ""city"": """", ""state"": """", ""zip"": """"}'}",V06,Exposition Park Stadium (BMO Stadium),192.4,34.01173,-118.28296,LADBS Building and Safety Temporary Special Event (TSE) Permits,
214109000001914,Temporary Special Event,Commercial,3939,3939,S,FIGUEROA,ST,90037,Temporary Tent 10x30 for camera shade,West end,CAMERATENT,2021-10-02T00:00:00.000,2021-10-06T00:00:00.000,"{'latitude': '34.01173', 'longitude': '-118.28296', 'human_address': '{""address"": """", ""city"": """", ""state"": """", ""zip"": """"}'}",V06,Exposition Park Stadium (BMO Stadium),192.4,34.01173,-118.28296,LADBS Building and Safety Temporary Special Event (TSE) Permits,
214109000001909,Temporary Special Event,Commercial,3939,3939,S,FIGUEROA,ST,90037,Temporary Tent Structure on event deck  82' x 82' for LAFC events,Over LA Fields,LAFC EVENT DEK,2021-09-30T00:00:00.000,2021-10-04T00:00:00.000,"{'latitude': '34.01173', 'longitude': '-118.28296', 'human_address': '{""address"": """", ""city"": """", ""state"": """", ""zip"": """"}'}",V06,Exposition Park Stadium (BMO Stadium),192.4,34.01173,-118.28296,LADBS Building and Safety Temporary Special Event (TSE) Permits,
214109000001903,Temporary Special Event,Commercial,3939,3939,S,FIGUEROA,ST,90037,Temporary Tents  25x40 outside of Peristyle for kitchen  20x30 on the,Field & Peristyle,USC PRODUCTION,2021-09-29T00:00:00.000,2021-10-02T00:00:00.000,"{'latitude': '34.01173', 'longitude': '-118.28296', 'human_address': '{""address"": """", ""city"": """", ""state"": """", ""zip"": """"}'}",V06,Exposition Park Stadium (BMO Stadium),192.4,34.01173,-118.28296,LADBS Building and Safety Temporary Special Event (TSE) Permits,
214109000001902,Temporary Special Event,Commercial,3939,3939,S,FIGUEROA,ST,90037,Temporary tent 30'x147 for field suites  Shelter Structures of America,Field,FIELD SUITES,2021-09-29T00:00:00.000,2021-10-02T00:00:00.000,"{'latitude': '34.01173', 'longitude': '-118.28296', 'human_address': '{""address"": """", ""city"": """", ""state"": """", ""zip"": """"}'}",V06,Exposition Park Stadium (BMO Stadium),192.4,34.01173,-118.28296,LADBS Building and Safety Temporary Special Event (TSE) Permits,
214109000001901,Temporary Special Event,Commercial,3939,3939,S,FIGUEROA,ST,90037,Temporary Tent 66'x66' for book store  Shelter Structure of America,Gate 19,BOOK STORE,2021-09-29T00:00:00.000,2021-10-02T00:00:00.000,"{'latitude': '34.01173', 'longitude': '-118.28296', 'human_address': '{""address"": """", ""city"": """", ""state"": """", ""zip"": """"}'}",V06,Exposition Park Stadium (BMO Stadium),192.4,34.01173,-118.28296,LADBS Building and Safety Temporary Special Event (TSE) Permits,
214109000001887,Temporary Special Event,Commercial,3939,3939,S,FIGUEROA,ST,90037,Temporary Tent  10x30 for Camera cover,WEST END,CAMERA TENT,2021-09-27T00:00:00.000,2021-09-30T00:00:00.000,"{'latitude': '34.01173', 'longitude': '-118.28296', 'human_address': '{""address"": """", ""city"": """", ""state"": """", ""zip"": """"}'}",V06,Exposition Park Stadium (BMO Stadium),192.4,34.01173,-118.28296,LADBS Building and Safety Temporary Special Event (TSE) Permits,
214109000001884,Temporary Special Event,Commercial,3939,3939,S,FIGUEROA,ST,90037,Temporary Tents  Ralphs and TCUP  10X10 10X20 2 20X20 2 20X50  3:30M-7,XMASS TREE LANE,RALPHS,2021-09-25T00:00:00.000,2021-09-25T00:00:00.000,"{'latitude': '34.01173', 'longitude': '-118.28296', 'human_address': '{""address"": """", ""city"": """", ""state"": """", ""zip"": """"}'}",V06,Exposition Park Stadium (BMO Stadium),192.4,34.01173,-118.28296,LADBS Building and Safety Temporary Special Event (TSE) Permits,
214109000001880,Temporary Special Event,Commercial,3551,3551,S,TROUSDALE,PKWY,90089,Temporary Tents & Tcup  400 Guest 4:30pm-7:30pm  2 20x30  1 1015  1 8x,Founders Park,USC ASSOCIATES,2021-09-25T00:00:00.000,2021-09-25T00:00:00.000,"{'latitude': '34.02066', 'longitude': '-118.28531', 'human_address': '{""address"": """", ""city"": """", ""state"": """", ""zip"": """"}'}",V07,Galen Center (USC),490.8,34.02066,-118.28531,LADBS Building and Safety Temporary Special Event (TSE) Permits,
214109000001898,Temporary Special Event,Commercial,2700,2700,N,VERMONT,AVE,90027,Global Citizen Concert Series,Greek Theatre,2021 GLOBAL CITIZEN,2021-09-25T00:00:00.000,2021-09-25T00:00:00.000,"{'latitude': '34.11803', 'longitude': '-118.29221', 'human_address': '{""address"": """", ""city"": """", ""state"": """", ""zip"": """"}'}",V09,Griffith Observatory,755.1,34.11803,-118.29221,LADBS Building and Safety Temporary Special Event (TSE) Permits,
214109000001896,Temporary Special Event,Commercial,3939,3939,S,FIGUEROA,ST,90037,temporary 82'x82' Structure sitting on the event deck for LAFC EVENTS,Over LA FIELDS,LAFC,2021-09-25T00:00:00.000,2021-09-29T00:00:00.000,"{'latitude': '34.01173', 'longitude': '-118.28296', 'human_address': '{""address"": """", ""city"": """", ""state"": """", ""zip"": """"}'}",V06,Exposition Park Stadium (BMO Stadium),192.4,34.01173,-118.28296,LADBS Building and Safety Temporary Special Event (TSE) Permits,
214109000001894,Temporary Special Event,Commercial,665,665,W,JEFFERSON,BLVD,90007,Temporary Stage  60'x40'x5' high  On site Jody Bennett 323 395 9259  E,Expo Hall,BOOM BOX,2021-09-25T00:00:00.000,2021-09-25T00:00:00.000,"{'latitude': '34.02302', 'longitude': '-118.28206', 'human_address': '{""address"": """", ""city"": """", ""state"": """", ""zip"": """"}'}",V07,Galen Center (USC),294.1,34.02302,-118.28206,LADBS Building and Safety Temporary Special Event (TSE) Permits,
214109000001872,Temporary Special Event,1 or 2 Family Dwelling,660,660,W,28TH,ST,90007,All our structures will be less than 30 inches off the ground.,,SNUZE,2021-09-24T00:00:00.000,2021-09-24T00:00:00.000,"{'latitude': '34.0268', 'longitude': '-118.27924', 'human_address': '{""address"": """", ""city"": """", ""state"": """", ""zip"": """"}'}",V07,Galen Center (USC),648.7,34.0268,-118.27924,LADBS Building and Safety Temporary Special Event (TSE) Permits,
214109000001874,Temporary Special Event,Commercial,3939,3939,S,FIGUEROA,ST,90037,Temporary Tents  25x40 outside of the peristyle 20x30 located on the f,Peristyle & Field,USC FOOTBALL,2021-09-24T00:00:00.000,2021-09-28T00:00:00.000,"{'latitude': '34.01173', 'longitude': '-118.28296', 'human_address': '{""address"": """", ""city"": """", ""state"": """", ""zip"": """"}'}",V06,Exposition Park Stadium (BMO Stadium),192.4,34.01173,-118.28296,LADBS Building and Safety Temporary Special Event (TSE) Permits,
214109000001875,Temporary Special Event,Commercial,737,737,S,FLOWER,ST,90017,"LAFD approved layout as before, same as pervious approved events. Open",Same layout and event as pervious approved events.,DTLA NIGHT MARKET,2021-09-24T00:00:00.000,2021-09-26T00:00:00.000,"{'latitude': '34.04797', 'longitude': '-118.25978', 'human_address': '{""address"": """", ""city"": """", ""state"": """", ""zip"": """"}'}",V04,Peacock Theater,761.1,34.04797,-118.25978,LADBS Building and Safety Temporary Special Event (TSE) Permits,
214109000001871,Temporary Special Event,Commercial,3939,3939,S,FIGUEROA,ST,90037,Temporary Tent  30' x 147 ' for Usc Suites,On Field,USC FIELD SUITES,2021-09-24T00:00:00.000,2021-09-28T00:00:00.000,"{'latitude': '34.01173', 'longitude': '-118.28296', 'human_address': '{""address"": """", ""city"": """", ""state"": """", ""zip"": """"}'}",V06,Exposition Park Stadium (BMO Stadium),192.4,34.01173,-118.28296,LADBS Building and Safety Temporary Special Event (TSE) Permits,
214109000001864,Temporary Special Event,Commercial,2700,2700,N,VERMONT,AVE,90027,Temporary Tent  40'x60' for sponsor event 80 guest  Town & Country eve,Motorcycle lot,THE GREEK,2021-09-21T00:00:00.000,2021-09-22T00:00:00.000,"{'latitude': '34.11803', 'longitude': '-118.29221', 'human_address': '{""address"": """", ""city"": """", ""state"": """", ""zip"": """"}'}",V09,Griffith Observatory,755.1,34.11803,-118.29221,LADBS Building and Safety Temporary Special Event (TSE) Permits,
214109000001738,Temporary Special Event,Commercial,777,777,W,CHICK HEARN,CT,90015,Temporary Tent  25x90 15x20 10x10  On the street  Bright Rentals,On street,EMMY'S,2021-09-19T00:00:00.000,2021-09-19T00:00:00.000,"{'latitude': '34.04406', 'longitude': '-118.26707', 'human_address': '{""address"": """", ""city"": """", ""state"": """", ""zip"": """"}'}",V04,Peacock Theater,51.4,34.04406,-118.26707,LADBS Building and Safety Temporary Special Event (TSE) Permits,
214109000001857,Temporary Special Event,Commercial,3939,3939,S,FIGUEROA,ST,90037,Temporary Tent   66'x66' located at gate 19 for the Book Store  Shelte,Gate 19,USC BOOK STORE,2021-09-19T00:00:00.000,2021-09-23T00:00:00.000,"{'latitude': '34.01173', 'longitude': '-118.28296', 'human_address': '{""address"": """", ""city"": """", ""state"": """", ""zip"": """"}'}",V06,Exposition Park Stadium (BMO Stadium),192.4,34.01173,-118.28296,LADBS Building and Safety Temporary Special Event (TSE) Permits,
214109000001854,Temporary Special Event,Commercial,3939,3939,S,FIGUEROA,ST,90037,Temporary Tent  20x30 On the field  25x30 on the peristyle  Signature,Peristyle & Field,USC PRODUCTION,2021-09-19T00:00:00.000,2021-09-23T00:00:00.000,"{'latitude': '34.01173', 'longitude': '-118.28296', 'human_address': '{""address"": """", ""city"": """", ""state"": """", ""zip"": """"}'}",V06,Exposition Park Stadium (BMO Stadium),192.4,34.01173,-118.28296,LADBS Building and Safety Temporary Special Event (TSE) Permits,
214109000001862,Temporary Special Event,Commercial,1515,1515,S,ABBOT KINNEY,BLVD,90291,carve out  16'x16' area facing sidewalk for product display  please co,private property,NUECO 2,2021-09-19T00:00:00.000,2021-09-19T00:00:00.000,"{'latitude': '33.9903', 'longitude': '-118.46415', 'human_address': '{""address"": """", ""city"": """", ""state"": """", ""zip"": """"}'}",V13,Venice Beach,615.2,33.9903,-118.46415,LADBS Building and Safety Temporary Special Event (TSE) Permits,
214109000001850,Temporary Special Event,Commercial,777,777,W,CHICK HEARN,CT,90015,"Temporary ADA ramp Connect to 30"" high stage  ADA Ramp 25'-4"" long x 1",Event Deck,EMMY'S,2021-09-19T00:00:00.000,2021-09-19T00:00:00.000,"{'latitude': '34.04406', 'longitude': '-118.26707', 'human_address': '{""address"": """", ""city"": """", ""state"": """", ""zip"": """"}'}",V04,Peacock Theater,51.4,34.04406,-118.26707,LADBS Building and Safety Temporary Special Event (TSE) Permits,
214109000001853,Temporary Special Event,Commercial,3939,3939,S,FIGUEROA,ST,90037,Temporary Tent  10x30 to cover camera  Town & Country Event,West End,CAMERA TENT,2021-09-17T00:00:00.000,2021-09-21T00:00:00.000,"{'latitude': '34.01173', 'longitude': '-118.28296', 'human_address': '{""address"": """", ""city"": """", ""state"": """", ""zip"": """"}'}",V06,Exposition Park Stadium (BMO Stadium),192.4,34.01173,-118.28296,LADBS Building and Safety Temporary Special Event (TSE) Permits,
214109000001683,Temporary Special Event,Commercial,777,777,W,CHICK HEARN,CT,90015,Temporary Truss for Emmy event  Extension of Permit 21410-90000-01445,Inside Event Tent,EMMY'S,2021-09-16T00:00:00.000,2021-09-20T00:00:00.000,"{'latitude': '34.04406', 'longitude': '-118.26707', 'human_address': '{""address"": """", ""city"": """", ""state"": """", ""zip"": """"}'}",V04,Peacock Theater,51.4,34.04406,-118.26707,LADBS Building and Safety Temporary Special Event (TSE) Permits,
214109000001676,Temporary Special Event,Commercial,3911,3911,S,FIGUEROA,ST,90037,Temporary Structure  30' x147' for USC game day activity  Shelter Stru,ON the Field,USC SUITES,2021-09-14T00:00:00.000,2021-09-18T00:00:00.000,"{'latitude': '34.01366', 'longitude': '-118.28294', 'human_address': '{""address"": """", ""city"": """", ""state"": """", ""zip"": """"}'}",V06,Exposition Park Stadium (BMO Stadium),180.4,34.01366,-118.28294,LADBS Building and Safety Temporary Special Event (TSE) Permits,
214109000001677,Temporary Special Event,Commercial,3911,3911,S,FIGUEROA,ST,90037,Temporary tent located at gate 19th  1-66'x66' Shelter Structures  of,Gate 19,BOOK STORE,2021-09-14T00:00:00.000,2021-09-18T00:00:00.000,"{'latitude': '34.01366', 'longitude': '-118.28294', 'human_address': '{""address"": """", ""city"": """", ""state"": """", ""zip"": """"}'}",V06,Exposition Park Stadium (BMO Stadium),180.4,34.01366,-118.28294,LADBS Building and Safety Temporary Special Event (TSE) Permits,
214109000001675,Temporary Special Event,Commercial,3911,3911,S,FIGUEROA,ST,90037,Temporary Tents  Field 20x30 & Peristyle 25x40  Signature Party Rental,Field & Peristyle,USC FOOTBALL,2021-09-14T00:00:00.000,2021-09-18T00:00:00.000,"{'latitude': '34.01366', 'longitude': '-118.28294', 'human_address': '{""address"": """", ""city"": """", ""state"": """", ""zip"": """"}'}",V06,Exposition Park Stadium (BMO Stadium),180.4,34.01366,-118.28294,LADBS Building and Safety Temporary Special Event (TSE) Permits,
214109000001445,Temporary Special Event,Commercial,777,777,W,CHICK HEARN,CT,90015,Temporary Truss  Black Wall 74' X13'X 31' HIGH  SL        108' X 28' X,Event Deck,EMMY'S,2021-09-11T00:00:00.000,2021-09-15T00:00:00.000,"{'latitude': '34.04406', 'longitude': '-118.26707', 'human_address': '{""address"": """", ""city"": """", ""state"": """", ""zip"": """"}'}",V04,Peacock Theater,51.4,34.04406,-118.26707,LADBS Building and Safety Temporary Special Event (TSE) Permits,
214109000001560,Temporary Special Event,Commercial,3939,3939,S,FIGUEROA,ST,90037,Temporary Tents  3 10x20 1 20x30  4:30pm-& 7:30pm TCUP,South Lawn,USC SOUTH LAWN,2021-09-11T00:00:00.000,2021-09-11T00:00:00.000,"{'latitude': '34.01173', 'longitude': '-118.28296', 'human_address': '{""address"": """", ""city"": """", ""state"": """", ""zip"": """"}'}",V06,Exposition Park Stadium (BMO Stadium),192.4,34.01173,-118.28296,LADBS Building and Safety Temporary Special Event (TSE) Permits,
214109000001559,Temporary Special Event,Commercial,3939,3939,S,FIGUEROA,ST,90037,Temporary Tent  10x10 10x20 2 20x20 2 20x50 3:30pm-7:30pm,X Mas Tree Lane,RALPHS,2021-09-11T00:00:00.000,2021-09-11T00:00:00.000,"{'latitude': '34.01173', 'longitude': '-118.28296', 'human_address': '{""address"": """", ""city"": """", ""state"": """", ""zip"": """"}'}",V06,Exposition Park Stadium (BMO Stadium),192.4,34.01173,-118.28296,LADBS Building and Safety Temporary Special Event (TSE) Permits,
214109000001553,Temporary Special Event,Commercial,700,700,W,EXPOSITION PARK,DR,90007,Temporary Tents  2 20x30 1-15x30 1 15x15 1-10x15 2-10x35 1-20x45 1-15x,Expo Park West,USC ASSOCIATES,2021-09-11T00:00:00.000,2021-09-11T00:00:00.000,"{'latitude': '34.01561', 'longitude': '-118.28665', 'human_address': '{""address"": """", ""city"": """", ""state"": """", ""zip"": """"}'}",V05,LA Memorial Coliseum,203.6,34.01561,-118.28665,LADBS Building and Safety Temporary Special Event (TSE) Permits,
214109000001467,Temporary Special Event,Commercial,777,777,W,CHICK HEARN,CT,90015,temporary tents upper on the event deck  40' x 90' for production   Br,Event Deck,EMMY'S,2021-09-11T00:00:00.000,2021-09-15T00:00:00.000,"{'latitude': '34.04406', 'longitude': '-118.26707', 'human_address': '{""address"": """", ""city"": """", ""state"": """", ""zip"": """"}'}",V04,Peacock Theater,51.4,34.04406,-118.26707,LADBS Building and Safety Temporary Special Event (TSE) Permits,
214109000001267,Temporary Special Event,Commercial,777,777,W,CHICK HEARN,CT,90015,Event Deck tent  aeg 300x140  Ari Waller 213 257 5699,Event Deck,CREATIVE EMMYS,2021-09-11T00:00:00.000,2021-09-15T00:00:00.000,"{'latitude': '34.04406', 'longitude': '-118.26707', 'human_address': '{""address"": """", ""city"": """", ""state"": """", ""zip"": """"}'}",V04,Peacock Theater,51.4,34.04406,-118.26707,LADBS Building and Safety Temporary Special Event (TSE) Permits,
214109000001414,Temporary Special Event,Apartment,700,700,W,32ND,ST,90007,Concert,Concert,DUKE DUMONT,2021-09-10T00:00:00.000,2021-09-12T00:00:00.000,"{'latitude': '34.0242', 'longitude': '-118.28089', 'human_address': '{""address"": """", ""city"": """", ""state"": """", ""zip"": """"}'}",V07,Galen Center (USC),365.2,34.0242,-118.28089,LADBS Building and Safety Temporary Special Event (TSE) Permits,
214109000001565,Temporary Special Event,Commercial,3939,3939,S,FIGUEROA,ST,90037,Stage build for concert,,KYGO,2021-09-10T00:00:00.000,2021-09-10T00:00:00.000,"{'latitude': '34.01173', 'longitude': '-118.28296', 'human_address': '{""address"": """", ""city"": """", ""state"": """", ""zip"": """"}'}",V06,Exposition Park Stadium (BMO Stadium),192.4,34.01173,-118.28296,LADBS Building and Safety Temporary Special Event (TSE) Permits,
214109000001412,Temporary Special Event,Commercial,737,737,S,FLOWER,ST,90017,Same layout as pervious permitted event.,Requesting temp change permit for flea market with the same layout as pervious,DTLA NIGHT MARKET,2021-09-10T00:00:00.000,2021-09-12T00:00:00.000,"{'latitude': '34.04797', 'longitude': '-118.25978', 'human_address': '{""address"": """", ""city"": """", ""state"": """", ""zip"": """"}'}",V04,Peacock Theater,761.1,34.04797,-118.25978,LADBS Building and Safety Temporary Special Event (TSE) Permits,
214109000001555,Temporary Special Event,Commercial,3939,3939,S,FIGUEROA,ST,90037,Temporary Tent  20x30 tent on the field  25'x40 in the peristyle  Sign,On Field & Peristyle,USC,2021-09-10T00:00:00.000,2021-09-14T00:00:00.000,"{'latitude': '34.01173', 'longitude': '-118.28296', 'human_address': '{""address"": """", ""city"": """", ""state"": """", ""zip"": """"}'}",V06,Exposition Park Stadium (BMO Stadium),192.4,34.01173,-118.28296,LADBS Building and Safety Temporary Special Event (TSE) Permits,
214109000001533,Temporary Special Event,Commercial,3939,3939,S,FIGUEROA,ST,90037,Temporary Truss,Event Deck,WEINSTEIN,2021-09-10T00:00:00.000,2021-09-10T00:00:00.000,"{'latitude': '34.01173', 'longitude': '-118.28296', 'human_address': '{""address"": """", ""city"": """", ""state"": """", ""zip"": """"}'}",V06,Exposition Park Stadium (BMO Stadium),192.4,34.01173,-118.28296,LADBS Building and Safety Temporary Special Event (TSE) Permits,
214109000001552,Temporary Special Event,Commercial,665,665,W,JEFFERSON,BLVD,90007,Temporary Stage  60' x 40' x 5' for performance  Jodi Bennett 323 395,Shrine  Hall,DUKE DUMONT,2021-09-10T00:00:00.000,2021-09-10T00:00:00.000,"{'latitude': '34.02302', 'longitude': '-118.28206', 'human_address': '{""address"": """", ""city"": """", ""state"": """", ""zip"": """"}'}",V07,Galen Center (USC),294.1,34.02302,-118.28206,LADBS Building and Safety Temporary Special Event (TSE) Permits,
214109000001468,Temporary Special Event,Commercial,3939,3939,S,FIGUEROA,ST,90037,Temporary tent for field suites  30'x147'  Shelter Structures of Ameri,Field Suites,USC FIELD SUITES,2021-09-09T00:00:00.000,2021-09-13T00:00:00.000,"{'latitude': '34.01173', 'longitude': '-118.28296', 'human_address': '{""address"": """", ""city"": """", ""state"": """", ""zip"": """"}'}",V06,Exposition Park Stadium (BMO Stadium),192.4,34.01173,-118.28296,LADBS Building and Safety Temporary Special Event (TSE) Permits,
214109000001263,Temporary Special Event,Commercial,3400,3400,S,FIGUEROA,ST,90007,Platforms 12ft x 12ft and 8ft x 8ft x 5ft high,Galen Center Arena,EYE TOURING INC,2021-09-07T00:00:00.000,2021-09-11T00:00:00.000,"{'latitude': '34.02167', 'longitude': '-118.2799', 'human_address': '{""address"": """", ""city"": """", ""state"": """", ""zip"": """"}'}",V07,Galen Center (USC),75.1,34.02167,-118.2799,LADBS Building and Safety Temporary Special Event (TSE) Permits,
214109000001246,Temporary Special Event,Commercial,3911,3911,S,FIGUEROA,ST,90037,1 10x10 1 10x20 2 20x20 2 20x50 Tents located in X Mass tree lane for,X MASS TREE LANE,RALPHS TAIL GATE,2021-09-04T00:00:00.000,2021-09-04T00:00:00.000,"{'latitude': '34.01366', 'longitude': '-118.28294', 'human_address': '{""address"": """", ""city"": """", ""state"": """", ""zip"": """"}'}",V06,Exposition Park Stadium (BMO Stadium),180.4,34.01366,-118.28294,LADBS Building and Safety Temporary Special Event (TSE) Permits,
214109000001244,Temporary Special Event,Commercial,3911,3911,S,FIGUEROA,ST,90037,Temporary tent  15x30 gate tunnel tent,Gate 45,MEDIA TUNNEL TENT,2021-09-04T00:00:00.000,2021-09-04T00:00:00.000,"{'latitude': '34.01366', 'longitude': '-118.28294', 'human_address': '{""address"": """", ""city"": """", ""state"": """", ""zip"": """"}'}",V06,Exposition Park Stadium (BMO Stadium),180.4,34.01366,-118.28294,LADBS Building and Safety Temporary Special Event (TSE) Permits,
214109000000478,Temporary Special Event,Commercial,3911,3911,S,FIGUEROA,ST,90037,Temporary bleacher in the end zone of the LA Coliseum for football gam,The temporary bleacher will be in the east end zone of the Coliseum stadium.,FOOTBALL GAME,2021-09-04T00:00:00.000,2021-09-04T00:00:00.000,"{'latitude': '34.01366', 'longitude': '-118.28294', 'human_address': '{""address"": """", ""city"": """", ""state"": """", ""zip"": """"}'}",V06,Exposition Park Stadium (BMO Stadium),180.4,34.01366,-118.28294,LADBS Building and Safety Temporary Special Event (TSE) Permits,
214109000000819,Temporary Special Event,Commercial,3911,3911,S,FIGUEROA,ST,90037,Temporary Tents for USC Suites  30' x 147' for USC game Shelter Struct,On Field,USC FIELD SUITES,2021-09-04T00:00:00.000,2021-09-08T00:00:00.000,"{'latitude': '34.01366', 'longitude': '-118.28294', 'human_address': '{""address"": """", ""city"": """", ""state"": """", ""zip"": """"}'}",V06,Exposition Park Stadium (BMO Stadium),180.4,34.01366,-118.28294,LADBS Building and Safety Temporary Special Event (TSE) Permits,
214109000001242,Temporary Special Event,Commercial,3911,3911,S,FIGUEROA,ST,90037,Temporary Tents & TCUP  11:30am-2:30pm  3-10x20 & 20x30 tents  T&C Eve,South lawn,SOUTH LAWN TAILGATE,2021-09-04T00:00:00.000,2021-09-04T00:00:00.000,"{'latitude': '34.01366', 'longitude': '-118.28294', 'human_address': '{""address"": """", ""city"": """", ""state"": """", ""zip"": """"}'}",V06,Exposition Park Stadium (BMO Stadium),180.4,34.01366,-118.28294,LADBS Building and Safety Temporary Special Event (TSE) Permits,
214109000001243,Temporary Special Event,Commercial,3911,3911,S,FIGUEROA,ST,90037,Temporary Tents  Gate 28 3-10x15  Gate 7 10x15  Gate 11- 10x60  Gate 1,Interior of Stadium,PRODUCTION TENTS,2021-09-04T00:00:00.000,2021-09-04T00:00:00.000,"{'latitude': '34.01366', 'longitude': '-118.28294', 'human_address': '{""address"": """", ""city"": """", ""state"": """", ""zip"": """"}'}",V06,Exposition Park Stadium (BMO Stadium),180.4,34.01366,-118.28294,LADBS Building and Safety Temporary Special Event (TSE) Permits,
214109000001239,Temporary Special Event,Commercial,3518,3518,S,TROUSDALE,PKWY,90089,Temporary Tent  40x40 Canopy  T&C Event Rentals,South Area,STUDENT SHADE,2021-09-02T00:00:00.000,2021-09-06T00:00:00.000,"{'latitude': '34.02157', 'longitude': '-118.28415', 'human_address': '{""address"": """", ""city"": """", ""state"": """", ""zip"": """"}'}",V07,Galen Center (USC),387.7,34.02157,-118.28415,LADBS Building and Safety Temporary Special Event (TSE) Permits,
214109000001240,Temporary Special Event,Commercial,3518,3518,S,TROUSDALE,PKWY,90089,30x40 Temporary Canopy for student shade  T&C Event Rentals,North 37,STUDENT SHADE,2021-09-02T00:00:00.000,2021-09-06T00:00:00.000,"{'latitude': '34.02157', 'longitude': '-118.28415', 'human_address': '{""address"": """", ""city"": """", ""state"": """", ""zip"": """"}'}",V07,Galen Center (USC),387.7,34.02157,-118.28415,LADBS Building and Safety Temporary Special Event (TSE) Permits,
214109000000410,Temporary Special Event,Commercial,700,700,W,EXPOSITION PARK,DR,90007,"Please inspect tomorrow at 3pm, July 31 at Exposition Park",This inspection is for tomorrow July 31 at 3pm exposition park,ROOT & YAM FOOD FEST,2021-09-01T00:00:00.000,2021-09-01T00:00:00.000,"{'latitude': '34.01561', 'longitude': '-118.28665', 'human_address': '{""address"": """", ""city"": """", ""state"": """", ""zip"": """"}'}",V05,LA Memorial Coliseum,203.6,34.01561,-118.28665,LADBS Building and Safety Temporary Special Event (TSE) Permits,
214109000000812,Temporary Special Event,Commercial,3616,3616,S,TROUSDALE,PKWY,90089,Temporary Tent for Shade 12x32 Canopy  T&C Event Rentals,Trousdale Lawn,FMS FALL,2021-08-30T00:00:00.000,2021-09-03T00:00:00.000,"{'latitude': '34.01983', 'longitude': '-118.28534', 'human_address': '{""address"": """", ""city"": """", ""state"": """", ""zip"": """"}'}",V07,Galen Center (USC),509.1,34.01983,-118.28534,LADBS Building and Safety Temporary Special Event (TSE) Permits,
214109000000801,Temporary Special Event,Commercial,3630,3630,W,WATT,WAY,90089,Temporary Tent 20x50 for shade  Town & Country,Alumni Plaza,FMS FALL STUDY,2021-08-30T00:00:00.000,2021-09-03T00:00:00.000,"{'latitude': '34.02062', 'longitude': '-118.28738', 'human_address': '{""address"": """", ""city"": """", ""state"": """", ""zip"": """"}'}",V07,Galen Center (USC),681.5,34.02062,-118.28738,LADBS Building and Safety Temporary Special Event (TSE) Permits,
214109000000817,Temporary Special Event,Commercial,3911,3911,S,FIGUEROA,ST,90037,Temporary Tent  10x30  T&C,West End of Stadium,CAMERA TENTS,2021-08-30T00:00:00.000,2021-09-03T00:00:00.000,"{'latitude': '34.01366', 'longitude': '-118.28294', 'human_address': '{""address"": """", ""city"": """", ""state"": """", ""zip"": """"}'}",V06,Exposition Park Stadium (BMO Stadium),180.4,34.01366,-118.28294,LADBS Building and Safety Temporary Special Event (TSE) Permits,
214109000000785,Temporary Special Event,Commercial,3939,3939,S,FIGUEROA,ST,90037,Temporary Rigging for MLS All Star Game  Aug 25th 2021  Rigging Skycam,Inside stadium,MLS ALL STAR GAME,2021-08-26T00:00:00.000,2021-08-26T00:00:00.000,"{'latitude': '34.01173', 'longitude': '-118.28296', 'human_address': '{""address"": """", ""city"": """", ""state"": """", ""zip"": """"}'}",V06,Exposition Park Stadium (BMO Stadium),192.4,34.01173,-118.28296,LADBS Building and Safety Temporary Special Event (TSE) Permits,
214109000000786,Temporary Special Event,Commercial,3939,3939,S,FIGUEROA,ST,90037,Installation of a flying camera system into the Banc of California Sta,,2021 MLS ALL-STAR GAME,2021-08-26T00:00:00.000,2021-08-27T00:00:00.000,"{'latitude': '34.01173', 'longitude': '-118.28296', 'human_address': '{""address"": """", ""city"": """", ""state"": """", ""zip"": """"}'}",V06,Exposition Park Stadium (BMO Stadium),192.4,34.01173,-118.28296,LADBS Building and Safety Temporary Special Event (TSE) Permits,
214109000000782,Temporary Special Event,Commercial,3911,3911,S,FIGUEROA,ST,90037,Temporary Tents for camera cover  10x30  Town & Country,West end of Stadium,USC FOOTBALL,2021-08-25T00:00:00.000,2021-08-29T00:00:00.000,"{'latitude': '34.01366', 'longitude': '-118.28294', 'human_address': '{""address"": """", ""city"": """", ""state"": """", ""zip"": """"}'}",V06,Exposition Park Stadium (BMO Stadium),180.4,34.01366,-118.28294,LADBS Building and Safety Temporary Special Event (TSE) Permits,
214109000000461,Temporary Special Event,Commercial,700,700,W,EXPOSITION PARK,DR,90007,We are erecting a truss structure with shades overhead. The shades cov,footprint is located in Plaza's A-D between CA Science Center and CA AA Museum,"MLS COCA COLA BEATS, CLEATS & EATS",2021-08-24T00:00:00.000,2021-08-25T00:00:00.000,"{'latitude': '34.01561', 'longitude': '-118.28665', 'human_address': '{""address"": """", ""city"": """", ""state"": """", ""zip"": """"}'}",V05,LA Memorial Coliseum,203.6,34.01561,-118.28665,LADBS Building and Safety Temporary Special Event (TSE) Permits,
214109000000442,Temporary Special Event,Apartment,3911,3911,S,FIGUEROA,ST,90037,Building of the Coliseum's Stage Line SL 260 stage.,Stage on the Peristyle.,MLS FAN FEST,2021-08-24T00:00:00.000,2021-08-24T00:00:00.000,"{'latitude': '34.01366', 'longitude': '-118.28294', 'human_address': '{""address"": """", ""city"": """", ""state"": """", ""zip"": """"}'}",V06,Exposition Park Stadium (BMO Stadium),180.4,34.01366,-118.28294,LADBS Building and Safety Temporary Special Event (TSE) Permits,
214109000000495,Temporary Special Event,Commercial,3911,3911,S,FIGUEROA,ST,90037,Tcup for 1000-1200 Guest for MLS  Concert event 7pm-11pm Kevin Tremble,Outside of Entry,MLS,2021-08-24T00:00:00.000,2021-08-24T00:00:00.000,"{'latitude': '34.01366', 'longitude': '-118.28294', 'human_address': '{""address"": """", ""city"": """", ""state"": """", ""zip"": """"}'}",V06,Exposition Park Stadium (BMO Stadium),180.4,34.01366,-118.28294,LADBS Building and Safety Temporary Special Event (TSE) Permits,
214109000000476,Temporary Special Event,Vacant Land,400,400,W,WASHINGTON,BLVD,90015,Tent 40x100 weighted by stakes tent 30x30 weighted by water ballast,North Quad Lawn,OPEN HOUSE,2021-08-21T00:00:00.000,2021-08-22T00:00:00.000,"{'latitude': '34.0331', 'longitude': '-118.26995', 'human_address': '{""address"": """", ""city"": """", ""state"": """", ""zip"": """"}'}",V03,LA Convention Center (Halls 1-3),734.6,34.0331,-118.26995,LADBS Building and Safety Temporary Special Event (TSE) Permits,
214109000000475,Temporary Special Event,Apartment,3551,3551,S,TROUSDALE,PKWY,90089,Stage and tenting for Welcome Back Concert,"McCarthy Quad. Please conduct inspection at 2PM, 6AM was picked for off hour fee",WELCOME BACK CONCERT,2021-08-21T00:00:00.000,2021-08-21T00:00:00.000,"{'latitude': '34.02066', 'longitude': '-118.28531', 'human_address': '{""address"": """", ""city"": """", ""state"": """", ""zip"": """"}'}",V07,Galen Center (USC),490.8,34.02066,-118.28531,LADBS Building and Safety Temporary Special Event (TSE) Permits,
214109000000455,Temporary Special Event,Commercial,3630,3630,W,WATT,WAY,90089,Stage and chairs in front of media wall,,USC ANNENBERG WELCOME WEEK,2021-08-19T00:00:00.000,2021-08-20T00:00:00.000,"{'latitude': '34.02062', 'longitude': '-118.28738', 'human_address': '{""address"": """", ""city"": """", ""state"": """", ""zip"": """"}'}",V07,Galen Center (USC),681.5,34.02062,-118.28738,LADBS Building and Safety Temporary Special Event (TSE) Permits,
214109000000437,Temporary Special Event,Commercial,3939,3939,S,FIGUEROA,ST,90037,"Stage build, rigging",Stadium field,GUNS N ROSES,2021-08-19T00:00:00.000,2021-08-19T00:00:00.000,"{'latitude': '34.01173', 'longitude': '-118.28296', 'human_address': '{""address"": """", ""city"": """", ""state"": """", ""zip"": """"}'}",V06,Exposition Park Stadium (BMO Stadium),192.4,34.01173,-118.28296,LADBS Building and Safety Temporary Special Event (TSE) Permits,
214109000000435,Temporary Special Event,Commercial,3400,3400,S,FIGUEROA,ST,90007,Call Of Duty Event Stage  68ft Wide x 36ft Deep x 4ft High,USC Galen Center Arena,CALL OF DUTY CDL,2021-08-18T00:00:00.000,2021-08-22T00:00:00.000,"{'latitude': '34.02167', 'longitude': '-118.2799', 'human_address': '{""address"": """", ""city"": """", ""state"": """", ""zip"": """"}'}",V07,Galen Center (USC),75.1,34.02167,-118.2799,LADBS Building and Safety Temporary Special Event (TSE) Permits,
214109000000467,Temporary Special Event,Commercial,700,700,W,CHILDS,WAY,90089,Temporary Tent 20x50 shade tent for Student check in Bright rentala,Hubbard Hall,SHADE TENT,2021-08-16T00:00:00.000,2021-08-20T00:00:00.000,"{'latitude': '34.01978', 'longitude': '-118.28463', 'human_address': '{""address"": """", ""city"": """", ""state"": """", ""zip"": """"}'}",V07,Galen Center (USC),447.8,34.01978,-118.28463,LADBS Building and Safety Temporary Special Event (TSE) Permits,
214109000000444,Temporary Special Event,Commercial,3911,3911,S,FIGUEROA,ST,90037,Building a 40' x 60' x 4' H Frame stage for a music video shoot.,Stage is located on concrete pad on the field of the Coliseum.,AMAZON FILMING,2021-08-16T00:00:00.000,2021-08-16T00:00:00.000,"{'latitude': '34.01366', 'longitude': '-118.28294', 'human_address': '{""address"": """", ""city"": """", ""state"": """", ""zip"": """"}'}",V06,Exposition Park Stadium (BMO Stadium),180.4,34.01366,-118.28294,LADBS Building and Safety Temporary Special Event (TSE) Permits,
214109000000440,Temporary Special Event,Commercial,3911,3911,S,FIGUEROA,ST,90037,Temporary 10x10 tents for festival Town & Country  8/13 6pm,Peristyle area,UP ROAR HIP HOP,2021-08-13T00:00:00.000,2021-08-13T00:00:00.000,"{'latitude': '34.01366', 'longitude': '-118.28294', 'human_address': '{""address"": """", ""city"": """", ""state"": """", ""zip"": """"}'}",V06,Exposition Park Stadium (BMO Stadium),180.4,34.01366,-118.28294,LADBS Building and Safety Temporary Special Event (TSE) Permits,
214109000000417,Temporary Special Event,Commercial,700,700,W,EXPOSITION PARK,DR,90007,"TCUp for Concert 1:30pm-10 pm , Tents Pico Rents  10x10 20x40 20x20 10",Expo Park,DIRTY BIRDS,2021-08-08T00:00:00.000,2021-08-08T00:00:00.000,"{'latitude': '34.01561', 'longitude': '-118.28665', 'human_address': '{""address"": """", ""city"": """", ""state"": """", ""zip"": """"}'}",V05,LA Memorial Coliseum,203.6,34.01561,-118.28665,LADBS Building and Safety Temporary Special Event (TSE) Permits,
214109000000379,Temporary Special Event,Commercial,1515,1515,S,ABBOT KINNEY,BLVD,90291,panel trucks parked on lot will open up to display images and product,panel trucks will open up to display brands and other images. product give-aways,AFTERPAY,2021-08-06T00:00:00.000,2021-08-08T00:00:00.000,"{'latitude': '33.9903', 'longitude': '-118.46415', 'human_address': '{""address"": """", ""city"": """", ""state"": """", ""zip"": """"}'}",V13,Venice Beach,615.2,33.9903,-118.46415,LADBS Building and Safety Temporary Special Event (TSE) Permits,
214109000000412,Temporary Special Event,Commercial,3911,3911,S,FIGUEROA,ST,90037,DJ Performance  8/01 11:30 - 5:00pm Stage 16  x 24  x 5  high with DJ,On Field,STEVE AOKI PERFORMANCE,2021-08-01T00:00:00.000,2021-08-01T00:00:00.000,"{'latitude': '34.01366', 'longitude': '-118.28294', 'human_address': '{""address"": """", ""city"": """", ""state"": """", ""zip"": """"}'}",V06,Exposition Park Stadium (BMO Stadium),180.4,34.01366,-118.28294,LADBS Building and Safety Temporary Special Event (TSE) Permits,
214109000000397,Temporary Special Event,Commercial,3911,3911,S,FIGUEROA,ST,90037,Building the Coliseum's Stage Line 260 stage. Please come for inspecti,Peristyle of Coliseum. Please come between 10am - 3pm.,HOT IMPORT NIGHTS,2021-07-31T00:00:00.000,2021-07-31T00:00:00.000,"{'latitude': '34.01366', 'longitude': '-118.28294', 'human_address': '{""address"": """", ""city"": """", ""state"": """", ""zip"": """"}'}",V06,Exposition Park Stadium (BMO Stadium),180.4,34.01366,-118.28294,LADBS Building and Safety Temporary Special Event (TSE) Permits,
214109000000393,Temporary Special Event,Vacant Land,2700,2700,N,VERMONT,AVE,90027,"Inflatable screen. Dimensions: 46' W x 36' H x 6' D. total 4,000lbs ho",LOCATED IN LOT H 100 YARDS NORTH OF THE VENUE,SUSPIRIA,2021-07-30T00:00:00.000,2021-07-31T00:00:00.000,"{'latitude': '34.11803', 'longitude': '-118.29221', 'human_address': '{""address"": """", ""city"": """", ""state"": """", ""zip"": """"}'}",V09,Griffith Observatory,755.1,34.11803,-118.29221,LADBS Building and Safety Temporary Special Event (TSE) Permits,
214109000000298,Temporary Special Event,Commercial,3939,3939,S,FIGUEROA,ST,90037,Temporary Tents for Soccer Game  1 20x40 1 30x30 1 10x30  Administrati,Gate 4 and south lawn administration offices,MEXICO VS NIGERIA,2021-07-03T00:00:00.000,2021-07-03T00:00:00.000,"{'latitude': '34.01173', 'longitude': '-118.28296', 'human_address': '{""address"": """", ""city"": """", ""state"": """", ""zip"": """"}'}",V06,Exposition Park Stadium (BMO Stadium),192.4,34.01173,-118.28296,LADBS Building and Safety Temporary Special Event (TSE) Permits,
214109000000301,Temporary Special Event,Commercial,1111,1111,S,FIGUEROA,ST,90015,Installation of flying camera system into Staples Center (Ref Permit 0,Install of flying camera system into Staples Center (Ref Permit 09016-10k-18234),SKYCAM @ STAPLES CENTER JUNE 2021,2021-06-30T00:00:00.000,2021-07-04T00:00:00.000,"{'latitude': '34.04338', 'longitude': '-118.26581', 'human_address': '{""address"": """", ""city"": """", ""state"": """", ""zip"": """"}'}",V02,DTLA Arena (Crypto.com Arena),131.8,34.04338,-118.26581,LADBS Building and Safety Temporary Special Event (TSE) Permits,
214109000000281,Temporary Special Event,Commercial,3939,3939,S,FIGUEROA,ST,90037,"Truss structure for large video wall. Staging great than 30""",The event is inside Banc of California Stadium on the field.,AMAZON MOVIE PREMIERE,2021-06-30T00:00:00.000,2021-06-30T00:00:00.000,"{'latitude': '34.01173', 'longitude': '-118.28296', 'human_address': '{""address"": """", ""city"": """", ""state"": """", ""zip"": """"}'}",V06,Exposition Park Stadium (BMO Stadium),192.4,34.01173,-118.28296,LADBS Building and Safety Temporary Special Event (TSE) Permits,
214109000000291,Temporary Special Event,Commercial,777,777,W,CHICK HEARN,CT,90015,Temporary Tent for awards green room  30x65 located on the tent deck,event deck,BET AWARDS,2021-06-27T00:00:00.000,2021-06-27T00:00:00.000,"{'latitude': '34.04406', 'longitude': '-118.26707', 'human_address': '{""address"": """", ""city"": """", ""state"": """", ""zip"": """"}'}",V04,Peacock Theater,51.4,34.04406,-118.26707,LADBS Building and Safety Temporary Special Event (TSE) Permits,
214109000000272,Temporary Special Event,Commercial,777,777,W,CHICK HEARN,CT,90015,Temporary Tents on the red carpet  40x40  20x30 10x20  Bright Rentals,On the street red carpet area,BET,2021-06-27T00:00:00.000,2021-06-27T00:00:00.000,"{'latitude': '34.04406', 'longitude': '-118.26707', 'human_address': '{""address"": """", ""city"": """", ""state"": """", ""zip"": """"}'}",V04,Peacock Theater,51.4,34.04406,-118.26707,LADBS Building and Safety Temporary Special Event (TSE) Permits,
214109000000286,Temporary Special Event,Vacant Land,2700,2700,N,VERMONT,AVE,90027,"Inflatable screen. Dimensions: 46' W x 36' H x 6' D. total 4,000lbs ho","LOCATED IN LOT H, 100 YDS NORTH OF THE VENUE",PRETTY PREDATOR,2021-06-25T00:00:00.000,2021-06-26T00:00:00.000,"{'latitude': '34.11803', 'longitude': '-118.29221', 'human_address': '{""address"": """", ""city"": """", ""state"": """", ""zip"": """"}'}",V09,Griffith Observatory,755.1,34.11803,-118.29221,LADBS Building and Safety Temporary Special Event (TSE) Permits,
214109000000274,Temporary Special Event,Vacant Land,700,700,W,EXPOSITION PARK,DR,90007,CINEMATIC PROJECTION ONTO AN INFLATABLE SCREEN. ANCHORS WILL BE PROVID,THE SITE IS THE LAWN SOUTH OF THE NATURAL HISTORY MUSEUM MAIN ENTRANCE.,SOUNDS OF SUMMER/LA TIMES FOOD BOWL,2021-06-25T00:00:00.000,2021-06-26T00:00:00.000,"{'latitude': '34.01561', 'longitude': '-118.28665', 'human_address': '{""address"": """", ""city"": """", ""state"": """", ""zip"": """"}'}",V05,LA Memorial Coliseum,203.6,34.01561,-118.28665,LADBS Building and Safety Temporary Special Event (TSE) Permits,
214109000000254,Temporary Special Event,Commercial,777,777,W,CHICK HEARN,CT,90015,Existing Tent on event deck  300x140 for BET Awards Production   On Si,Event Deck,BET AWARDS,2021-06-24T00:00:00.000,2021-06-28T00:00:00.000,"{'latitude': '34.04406', 'longitude': '-118.26707', 'human_address': '{""address"": """", ""city"": """", ""state"": """", ""zip"": """"}'}",V04,Peacock Theater,51.4,34.04406,-118.26707,LADBS Building and Safety Temporary Special Event (TSE) Permits,
214109000000275,Temporary Special Event,Commercial,1111,1111,S,FIGUEROA,ST,90015,Installation of flying camera system into Staples Center (Ref Permit 0,Installation of Flying Camera System into the Staples Center,SKYCAM @ STAPLES CENTER JUNE 2021,2021-06-23T00:00:00.000,2021-06-27T00:00:00.000,"{'latitude': '34.04338', 'longitude': '-118.26581', 'human_address': '{""address"": """", ""city"": """", ""state"": """", ""zip"": """"}'}",V02,DTLA Arena (Crypto.com Arena),131.8,34.04338,-118.26581,LADBS Building and Safety Temporary Special Event (TSE) Permits,
214109000000258,Temporary Special Event,Commercial,3911,3911,S,FIGUEROA,ST,90037,"2-Temporary Truss with LED Screen  25'-6"" x 17'-6""1/4 High with LED Sc",Coliseum Entry.,AGT,2021-06-22T00:00:00.000,2021-06-22T00:00:00.000,"{'latitude': '34.01366', 'longitude': '-118.28294', 'human_address': '{""address"": """", ""city"": """", ""state"": """", ""zip"": """"}'}",V06,Exposition Park Stadium (BMO Stadium),180.4,34.01366,-118.28294,LADBS Building and Safety Temporary Special Event (TSE) Permits,
214109000000245,Temporary Special Event,Commercial,1111,1111,S,FIGUEROA,ST,90015,Installation of flying camera system into Staples Center (Ref Permit 0,Install of multiple truss towers to support a flying camera system at Staples,SKYCAM @ STAPLES CENTER JUNE 2021,2021-06-11T00:00:00.000,2021-06-15T00:00:00.000,"{'latitude': '34.04338', 'longitude': '-118.26581', 'human_address': '{""address"": """", ""city"": """", ""state"": """", ""zip"": """"}'}",V02,DTLA Arena (Crypto.com Arena),131.8,34.04338,-118.26581,LADBS Building and Safety Temporary Special Event (TSE) Permits,
214109000000235,Temporary Special Event,Commercial,2700,2700,N,VERMONT,AVE,90027,Temporary Structure  Inflatable Screen for Dave Viewing 7:30pm-10pm  4,Dirt Lot near Lot H,DAVE,2021-06-10T00:00:00.000,2021-06-10T00:00:00.000,"{'latitude': '34.11803', 'longitude': '-118.29221', 'human_address': '{""address"": """", ""city"": """", ""state"": """", ""zip"": """"}'}",V09,Griffith Observatory,755.1,34.11803,-118.29221,LADBS Building and Safety Temporary Special Event (TSE) Permits,
214109000000184,Temporary Special Event,Commercial,3911,3911,S,FIGUEROA,ST,90037,Concourse 6 10x20 between Gate 13& 19  Floor of the coliseum  6 20x20,Concourse and on the floor,OUTLOUD,2021-06-04T00:00:00.000,2021-06-06T00:00:00.000,"{'latitude': '34.01366', 'longitude': '-118.28294', 'human_address': '{""address"": """", ""city"": """", ""state"": """", ""zip"": """"}'}",V06,Exposition Park Stadium (BMO Stadium),180.4,34.01366,-118.28294,LADBS Building and Safety Temporary Special Event (TSE) Permits,
214109000000185,Temporary Special Event,Commercial,3911,3911,S,FIGUEROA,ST,90037,"Temporary Mobile SL320 Stage  Once Open 72'-4"" W X 26'-1"" H with Roof",Floor of the  coliseum,OUTLOUD,2021-06-04T00:00:00.000,2021-06-06T00:00:00.000,"{'latitude': '34.01366', 'longitude': '-118.28294', 'human_address': '{""address"": """", ""city"": """", ""state"": """", ""zip"": """"}'}",V06,Exposition Park Stadium (BMO Stadium),180.4,34.01366,-118.28294,LADBS Building and Safety Temporary Special Event (TSE) Permits,
214109000000216,Temporary Special Event,Commercial,1111,1111,S,FIGUEROA,ST,90015,Temporary Tent for Lakers & Clippers VIP  1-25X70 Located at the SW VI,SW Entrance,LAKERS& CLIPPERS,2021-05-27T00:00:00.000,2021-05-31T00:00:00.000,"{'latitude': '34.04338', 'longitude': '-118.26581', 'human_address': '{""address"": """", ""city"": """", ""state"": """", ""zip"": """"}'}",V02,DTLA Arena (Crypto.com Arena),131.8,34.04338,-118.26581,LADBS Building and Safety Temporary Special Event (TSE) Permits,
214109000000212,Temporary Special Event,Commercial,1111,1111,S,FIGUEROA,ST,90015,Installation of flying camera system into Staples Center (Ref Permit 0,Installation of truss towers into Staples Center to support flying camera system,SKYCAM @ STAPLES CENTER MAY 2021,2021-05-27T00:00:00.000,2021-05-31T00:00:00.000,"{'latitude': '34.04338', 'longitude': '-118.26581', 'human_address': '{""address"": """", ""city"": """", ""state"": """", ""zip"": """"}'}",V02,DTLA Arena (Crypto.com Arena),131.8,34.04338,-118.26581,LADBS Building and Safety Temporary Special Event (TSE) Permits,
214109000000156,Temporary Special Event,Commercial,3911,3911,S,FIGUEROA,ST,90037,Temporary Tent for CO VID Testing at gate 18  40x60  Town & County,Gate 18,CO VID TESTING,2021-05-25T00:00:00.000,2021-05-26T00:00:00.000,"{'latitude': '34.01366', 'longitude': '-118.28294', 'human_address': '{""address"": """", ""city"": """", ""state"": """", ""zip"": """"}'}",V06,Exposition Park Stadium (BMO Stadium),180.4,34.01366,-118.28294,LADBS Building and Safety Temporary Special Event (TSE) Permits,
214109000000177,Temporary Special Event,Commercial,777,777,W,CHICK HEARN,CT,90015,"Temporary Light Tower on check hearn street and sidewalk  29'-7 1/2"" w",Street and sidewalk outside staples center,BILL BOARD LIVE AWARDS,2021-05-23T00:00:00.000,2021-05-23T00:00:00.000,"{'latitude': '34.04406', 'longitude': '-118.26707', 'human_address': '{""address"": """", ""city"": """", ""state"": """", ""zip"": """"}'}",V04,Peacock Theater,51.4,34.04406,-118.26707,LADBS Building and Safety Temporary Special Event (TSE) Permits,
214109000000205,Temporary Special Event,Commercial,777,777,W,CHICK HEARN,CT,90015,Temporary Tent 30x90 for control room on event deck  Town & Country,Event Deck,BILL BOARD LIVE,2021-05-23T00:00:00.000,2021-05-23T00:00:00.000,"{'latitude': '34.04406', 'longitude': '-118.26707', 'human_address': '{""address"": """", ""city"": """", ""state"": """", ""zip"": """"}'}",V04,Peacock Theater,51.4,34.04406,-118.26707,LADBS Building and Safety Temporary Special Event (TSE) Permits,
214109000000176,Temporary Special Event,Commercial,777,777,W,CHICK HEARN,CT,90015,Temporary Stage extension off Main inside Microsoft theater  Stage 112,Inside Microsoft theater,BILLBOARD AWARDS,2021-05-23T00:00:00.000,2021-05-23T00:00:00.000,"{'latitude': '34.04406', 'longitude': '-118.26707', 'human_address': '{""address"": """", ""city"": """", ""state"": """", ""zip"": """"}'}",V04,Peacock Theater,51.4,34.04406,-118.26707,LADBS Building and Safety Temporary Special Event (TSE) Permits,
214109000000198,Temporary Special Event,Vacant Land,2700,2700,N,VERMONT,AVE,90027,"Inflatable screen. Dimensions: 46' W x 36' H x 6' D. total 4,000lbs ho",IN LOT H 100 YARDS NORTH OF THE GREEK VENUE,BEST IN BODYGUARD,2021-05-21T00:00:00.000,2021-05-22T00:00:00.000,"{'latitude': '34.11803', 'longitude': '-118.29221', 'human_address': '{""address"": """", ""city"": """", ""state"": """", ""zip"": """"}'}",V09,Griffith Observatory,755.1,34.11803,-118.29221,LADBS Building and Safety Temporary Special Event (TSE) Permits,
214109000000181,Temporary Special Event,Commercial,3911,3911,S,FIGUEROA,ST,90037,Temporary Tents  30x30 behide stage  10x15 & 10x30 to of the tunnel ne,Behide stage and near gate 11,USC COMMENCEMENT,2021-05-19T00:00:00.000,2021-05-20T00:00:00.000,"{'latitude': '34.01366', 'longitude': '-118.28294', 'human_address': '{""address"": """", ""city"": """", ""state"": """", ""zip"": """"}'}",V06,Exposition Park Stadium (BMO Stadium),180.4,34.01366,-118.28294,LADBS Building and Safety Temporary Special Event (TSE) Permits,
214109000000183,Temporary Special Event,Vacant Land,2700,2700,N,VERMONT,AVE,90027,"Inflatable screen. Dimensions: 46' W x 36' H x 6' D. total 4,000lbs ho",IN LOT H 100 YARDS NORTH OF THE GREEK VENUE,PSYCHO / PRINCESS FROG,2021-05-14T00:00:00.000,2021-05-15T00:00:00.000,"{'latitude': '34.11803', 'longitude': '-118.29221', 'human_address': '{""address"": """", ""city"": """", ""state"": """", ""zip"": """"}'}",V09,Griffith Observatory,755.1,34.11803,-118.29221,LADBS Building and Safety Temporary Special Event (TSE) Permits,
214109000000162,Temporary Special Event,Commercial,3911,3911,S,FIGUEROA,ST,90037,"Temporary Truss Structure with roof cover and stage  90'6"" Wide x 48'-",On the field enter though Gate 16 Bill Robertson Way,USC COMMENCEMENT,2021-05-14T00:00:00.000,2021-05-18T00:00:00.000,"{'latitude': '34.01366', 'longitude': '-118.28294', 'human_address': '{""address"": """", ""city"": """", ""state"": """", ""zip"": """"}'}",V06,Exposition Park Stadium (BMO Stadium),180.4,34.01366,-118.28294,LADBS Building and Safety Temporary Special Event (TSE) Permits,
214109000000157,Temporary Special Event,Commercial,777,777,W,CHICK HEARN,CT,90015,Temporary Tents for game days Testing screening and securirty  2 30x40,Plaza & street,STAPLES CENTER,2021-05-05T00:00:00.000,2021-05-09T00:00:00.000,"{'latitude': '34.04406', 'longitude': '-118.26707', 'human_address': '{""address"": """", ""city"": """", ""state"": """", ""zip"": """"}'}",V04,Peacock Theater,51.4,34.04406,-118.26707,LADBS Building and Safety Temporary Special Event (TSE) Permits,
214109000000149,Temporary Special Event,Commercial,777,777,W,CHICK HEARN,CT,90015,Temporary Tents for Screening - break room and security  2 30x40 1 20x,Street & plaza,STAPLES FAN SCREENING,2021-04-30T00:00:00.000,2021-05-04T00:00:00.000,"{'latitude': '34.04406', 'longitude': '-118.26707', 'human_address': '{""address"": """", ""city"": """", ""state"": """", ""zip"": """"}'}",V04,Peacock Theater,51.4,34.04406,-118.26707,LADBS Building and Safety Temporary Special Event (TSE) Permits,
214109000000146,Temporary Special Event,Commercial,3400,3400,S,FIGUEROA,ST,90007,Commercial shoot for Samsung,Commercial shoot for Samsung,USC COMMERCIAL 4/28/21,2021-04-28T00:00:00.000,2021-04-28T00:00:00.000,"{'latitude': '34.02167', 'longitude': '-118.2799', 'human_address': '{""address"": """", ""city"": """", ""state"": """", ""zip"": """"}'}",V07,Galen Center (USC),75.1,34.02167,-118.2799,LADBS Building and Safety Temporary Special Event (TSE) Permits,
214109000000136,Temporary Special Event,Commercial,777,777,W,CHICK HEARN,CT,90015,"Temporary Tents for Concessions 2 -30X40 . 1 20X60 , 2-10X10  Bright R",On Street,STALES CENTER,2021-04-25T00:00:00.000,2021-04-29T00:00:00.000,"{'latitude': '34.04406', 'longitude': '-118.26707', 'human_address': '{""address"": """", ""city"": """", ""state"": """", ""zip"": """"}'}",V04,Peacock Theater,51.4,34.04406,-118.26707,LADBS Building and Safety Temporary Special Event (TSE) Permits,
214101000000104,Temporary Special Event,Commercial,2700,2700,N,VERMONT,AVE,90027,Temp stage truss.  Temp flat walls on stage with scaffold structure an,Greek Theatre,RIOT GAMES,2021-04-10T00:00:00.000,2021-04-11T00:00:00.000,"{'latitude': '34.11803', 'longitude': '-118.29221', 'human_address': '{""address"": """", ""city"": """", ""state"": """", ""zip"": """"}'}",V09,Griffith Observatory,755.1,34.11803,-118.29221,LADBS Building and Safety Temporary Special Event (TSE) Permits,
214109000000078,Temporary Special Event,Vacant Land,2700,2700,N,VERMONT,AVE,90027,"Inflatable screen. Dimensions: 46' W x 36' H x 6' D. total 4,000lbs ho","LOCATED IN LOT H, 100 YARDS NORTH OF THE VENUE.",NEVERENDING STORY,2021-03-26T00:00:00.000,2021-03-27T00:00:00.000,"{'latitude': '34.11803', 'longitude': '-118.29221', 'human_address': '{""address"": """", ""city"": """", ""state"": """", ""zip"": """"}'}",V09,Griffith Observatory,755.1,34.11803,-118.29221,LADBS Building and Safety Temporary Special Event (TSE) Permits,
214109000000075,Temporary Special Event,Commercial,1111,1111,S,FIGUEROA,ST,90015,"Temporary Tents for Clippers , Kings , Lakers Break area  24x24 15x20",Plaza,STAPLES CENTER,2021-03-22T00:00:00.000,2021-03-26T00:00:00.000,"{'latitude': '34.04338', 'longitude': '-118.26581', 'human_address': '{""address"": """", ""city"": """", ""state"": """", ""zip"": """"}'}",V02,DTLA Arena (Crypto.com Arena),131.8,34.04338,-118.26581,LADBS Building and Safety Temporary Special Event (TSE) Permits,
214109000000074,Temporary Special Event,Vacant Land,2700,2700,N,VERMONT,AVE,90027,"Inflatable screen. Dimensions: 46' W x 36' H x 6' D. total 4,000lbs ho",EVENT IS LOCATED IN LOT H JUST NORTH OF THE THEATRE.,TOY STORY CHICAGO,2021-03-19T00:00:00.000,2021-03-20T00:00:00.000,"{'latitude': '34.11803', 'longitude': '-118.29221', 'human_address': '{""address"": """", ""city"": """", ""state"": """", ""zip"": """"}'}",V09,Griffith Observatory,755.1,34.11803,-118.29221,LADBS Building and Safety Temporary Special Event (TSE) Permits,
214109000000070,Temporary Special Event,Commercial,1111,1111,S,FIGUEROA,ST,90015,"Temporary Tents for break area for  Clippers , Kings, Lakers   24x24 1",Plaza,STAPLES CENTER,2021-03-17T00:00:00.000,2021-03-21T00:00:00.000,"{'latitude': '34.04338', 'longitude': '-118.26581', 'human_address': '{""address"": """", ""city"": """", ""state"": """", ""zip"": """"}'}",V02,DTLA Arena (Crypto.com Arena),131.8,34.04338,-118.26581,LADBS Building and Safety Temporary Special Event (TSE) Permits,
214109000000058,Temporary Special Event,Vacant Land,2700,2700,N,VERMONT,AVE,90027,"Inflatable screen. Dimensions: 46' W x 36' H x 6' D. total 4,000lbs ho","LOCATED IN GRASS LOT H, NORTH ON VERMONT OF THE GREEK VENUE BY 100 YARDS.","SPEED, LITTLE RASCALS, ROMY AND MICHELLE",2021-03-12T00:00:00.000,2021-03-13T00:00:00.000,"{'latitude': '34.11803', 'longitude': '-118.29221', 'human_address': '{""address"": """", ""city"": """", ""state"": """", ""zip"": """"}'}",V09,Griffith Observatory,755.1,34.11803,-118.29221,LADBS Building and Safety Temporary Special Event (TSE) Permits,
214109000000063,Temporary Special Event,Commercial,1111,1111,S,FIGUEROA,ST,90015,"Temporary Tents for break & luncheon  24x24 15x20 20x30 20x55 15x35 2,",Plaza,STAPLES CENTER,2021-03-12T00:00:00.000,2021-03-16T00:00:00.000,"{'latitude': '34.04338', 'longitude': '-118.26581', 'human_address': '{""address"": """", ""city"": """", ""state"": """", ""zip"": """"}'}",V02,DTLA Arena (Crypto.com Arena),131.8,34.04338,-118.26581,LADBS Building and Safety Temporary Special Event (TSE) Permits,
214109000000053,Temporary Special Event,Commercial,1111,1111,S,FIGUEROA,ST,90015,Temporary Tents  24'x24' 15x20 20x30  20x55 15x35  2 -20x35 15x60  For,Plaza,STAPLES CENTER BREAK AREA,2021-03-09T00:00:00.000,2021-03-13T00:00:00.000,"{'latitude': '34.04338', 'longitude': '-118.26581', 'human_address': '{""address"": """", ""city"": """", ""state"": """", ""zip"": """"}'}",V02,DTLA Arena (Crypto.com Arena),131.8,34.04338,-118.26581,LADBS Building and Safety Temporary Special Event (TSE) Permits,
214109000000048,Temporary Special Event,Vacant Land,2700,2700,N,VERMONT,AVE,90027,"Inflatable screen. Dimensions: 46' W x 36' H x 6' D. total 4,000lbs ho","EVENT IS HELD IN LOT H, NORTH OF THE VENUE BY 100YDS",PEE WEE DRIVE IN,2021-03-05T00:00:00.000,2021-03-06T00:00:00.000,"{'latitude': '34.11803', 'longitude': '-118.29221', 'human_address': '{""address"": """", ""city"": """", ""state"": """", ""zip"": """"}'}",V09,Griffith Observatory,755.1,34.11803,-118.29221,LADBS Building and Safety Temporary Special Event (TSE) Permits,
214109000000044,Temporary Special Event,Public Way,700,700,W,EXPOSITION PARK,DR,90007,INSTALLATION OF 45'x30' INFLATABL SCREEN WITH 4 ANCHOR POINTS (2 STAKE,APPROX 600' WEST OF FIGUEROA/39TH INTERSECTION IN CHRISTMAS TREE LANE ON GRASS.,WUTI AT THE DRIVE-IN,2021-02-27T00:00:00.000,2021-02-27T00:00:00.000,"{'latitude': '34.01561', 'longitude': '-118.28665', 'human_address': '{""address"": """", ""city"": """", ""state"": """", ""zip"": """"}'}",V05,LA Memorial Coliseum,203.6,34.01561,-118.28665,LADBS Building and Safety Temporary Special Event (TSE) Permits,
214109000000041,Temporary Special Event,Commercial,1111,1111,S,FIGUEROA,ST,90015,Temporary Tents for players Break room  1-24'x24'1- 15'x20 1-20x30 1-,Courtyard,STAPLES CENTER,2021-02-25T00:00:00.000,2021-03-01T00:00:00.000,"{'latitude': '34.04338', 'longitude': '-118.26581', 'human_address': '{""address"": """", ""city"": """", ""state"": """", ""zip"": """"}'}",V02,DTLA Arena (Crypto.com Arena),131.8,34.04338,-118.26581,LADBS Building and Safety Temporary Special Event (TSE) Permits,
214109000000037,Temporary Special Event,Commercial,1111,1111,S,FIGUEROA,ST,90015,Temporary Tents for lakers and clippers and kings Break area & Luncheo,Plaza,STALPES CENTER,2021-02-20T00:00:00.000,2021-02-24T00:00:00.000,"{'latitude': '34.04338', 'longitude': '-118.26581', 'human_address': '{""address"": """", ""city"": """", ""state"": """", ""zip"": """"}'}",V02,DTLA Arena (Crypto.com Arena),131.8,34.04338,-118.26581,LADBS Building and Safety Temporary Special Event (TSE) Permits,
214109000000034,Temporary Special Event,Commercial,700,700,W,EXPOSITION PARK,DR,90007,"CONSTRUCTION OF ""GOAL POST"" TRUSSING FOR DRIVE-IN MOVIE  SCREEN (40  x","""CHRISTMAS TREE LANE"" AT ENTRANCE OF EXPOSITION PARK WHERE EXPOSITION PARK DR",WUTI AT THE DRIVE-IN,2021-02-19T00:00:00.000,2021-02-21T00:00:00.000,"{'latitude': '34.01561', 'longitude': '-118.28665', 'human_address': '{""address"": """", ""city"": """", ""state"": """", ""zip"": """"}'}",V05,LA Memorial Coliseum,203.6,34.01561,-118.28665,LADBS Building and Safety Temporary Special Event (TSE) Permits,
214109000000029,Temporary Special Event,Commercial,1111,1111,S,FIGUEROA,ST,90015,Tents for Lakers and Clippers and Kings  for dining tents for team  24,Plaza,STAPLES BREAK TENTS,2021-02-10T00:00:00.000,2021-02-14T00:00:00.000,"{'latitude': '34.04338', 'longitude': '-118.26581', 'human_address': '{""address"": """", ""city"": """", ""state"": """", ""zip"": """"}'}",V02,DTLA Arena (Crypto.com Arena),131.8,34.04338,-118.26581,LADBS Building and Safety Temporary Special Event (TSE) Permits,
214109000000021,Temporary Special Event,Commercial,1111,1111,S,FIGUEROA,ST,90015,Temporary Tents for Lakers Kings & Clippers for team dining  24x24 15x,Plaza,STAPLES CENTER - DINING,2021-02-04T00:00:00.000,2021-02-08T00:00:00.000,"{'latitude': '34.04338', 'longitude': '-118.26581', 'human_address': '{""address"": """", ""city"": """", ""state"": """", ""zip"": """"}'}",V02,DTLA Arena (Crypto.com Arena),131.8,34.04338,-118.26581,LADBS Building and Safety Temporary Special Event (TSE) Permits,
214109000000013,Temporary Special Event,Commercial,630,630,W,CHILDS,WAY,90089,Temporary Tents  20x30 20x35 10x20 10 x10 for CO vid 19 testing  9am -,Argue Plaza,USC CO-VID 19 TESTING,2021-01-26T00:00:00.000,2021-01-30T00:00:00.000,"{'latitude': '34.01908', 'longitude': '-118.28297', 'human_address': '{""address"": """", ""city"": """", ""state"": """", ""zip"": """"}'}",V07,Galen Center (USC),347.1,34.01908,-118.28297,LADBS Building and Safety Temporary Special Event (TSE) Permits,
204109000000716,Temporary Special Event,Commercial,3939,3939,S,FIGUEROA,ST,90037,"Blood drive, drawing blood from healthy donors to provide blood to loc",NorthWest Plaza/Green Lot,BLOOD DRIVE EVENT,2021-01-17T00:00:00.000,2021-01-17T00:00:00.000,"{'latitude': '34.01173', 'longitude': '-118.28296', 'human_address': '{""address"": """", ""city"": """", ""state"": """", ""zip"": """"}'}",V06,Exposition Park Stadium (BMO Stadium),192.4,34.01173,-118.28296,LADBS Building and Safety Temporary Special Event (TSE) Permits,
214109000000005,Temporary Special Event,Commercial,3939,3939,S,FIGUEROA,ST,90037,Blood Drive Event,Northwest Plaza/GreenLot,BLOOD DRIVE,2021-01-17T00:00:00.000,2021-01-17T00:00:00.000,"{'latitude': '34.01173', 'longitude': '-118.28296', 'human_address': '{""address"": """", ""city"": """", ""state"": """", ""zip"": """"}'}",V06,Exposition Park Stadium (BMO Stadium),192.4,34.01173,-118.28296,LADBS Building and Safety Temporary Special Event (TSE) Permits,
204109000000714,Temporary Special Event,Commercial,1111,1111,S,FIGUEROA,ST,90015,Temporary Tents to cover Lakers  break area due to rain  30x30 10x20 2,"Plaza of staples center
Star Plaza",LAKERS,2020-12-28T00:00:00.000,2020-12-28T00:00:00.000,"{'latitude': '34.04338', 'longitude': '-118.26581', 'human_address': '{""address"": """", ""city"": """", ""state"": """", ""zip"": """"}'}",V02,DTLA Arena (Crypto.com Arena),131.8,34.04338,-118.26581,LADBS Building and Safety Temporary Special Event (TSE) Permits,
204109000000701,Temporary Special Event,Commercial,3911,3911,S,FIGUEROA,ST,90037,"Temporary Tent  1- 10 x30  tent camera platform   on 8"" scaffolding  T",West end of the stadium,USC PLATFROM,2020-12-18T00:00:00.000,2020-12-22T00:00:00.000,"{'latitude': '34.01366', 'longitude': '-118.28294', 'human_address': '{""address"": """", ""city"": """", ""state"": """", ""zip"": """"}'}",V06,Exposition Park Stadium (BMO Stadium),180.4,34.01366,-118.28294,LADBS Building and Safety Temporary Special Event (TSE) Permits,
204109000000695,Temporary Special Event,Commercial,2700,2700,N,VERMONT,AVE,90027,Temporary Drive-in 5pm-9pm 200 Cars 415 Guest  Inflatable screen 46'w,Parking Lot,I'M YOUR WOMEN,2020-12-11T00:00:00.000,2020-12-11T00:00:00.000,"{'latitude': '34.11803', 'longitude': '-118.29221', 'human_address': '{""address"": """", ""city"": """", ""state"": """", ""zip"": """"}'}",V09,Griffith Observatory,755.1,34.11803,-118.29221,LADBS Building and Safety Temporary Special Event (TSE) Permits,
204109000000683,Temporary Special Event,Commercial,3911,3911,S,FIGUEROA,ST,90037,Temporary Tent for production and officials area 30x68 tent  Shelter S,Field Tent,USC INFIELD TENT,2020-12-06T00:00:00.000,2020-12-10T00:00:00.000,"{'latitude': '34.01366', 'longitude': '-118.28294', 'human_address': '{""address"": """", ""city"": """", ""state"": """", ""zip"": """"}'}",V06,Exposition Park Stadium (BMO Stadium),180.4,34.01366,-118.28294,LADBS Building and Safety Temporary Special Event (TSE) Permits,
204109000000681,Temporary Special Event,Commercial,3911,3911,S,FIGUEROA,ST,90037,Temporary Tent for media in Players tunnel  15x30 Town & Country,Media Tunnel tent,MEDIA TENT,2020-12-06T00:00:00.000,2020-12-10T00:00:00.000,"{'latitude': '34.01366', 'longitude': '-118.28294', 'human_address': '{""address"": """", ""city"": """", ""state"": """", ""zip"": """"}'}",V06,Exposition Park Stadium (BMO Stadium),180.4,34.01366,-118.28294,LADBS Building and Safety Temporary Special Event (TSE) Permits,
204109000000676,Temporary Special Event,Commercial,3911,3911,S,FIGUEROA,ST,90037,Temporary Canopy  15x30 over metal detector  Town & Country  Gate 7  o,Gate 7,USC GAME,2020-11-28T00:00:00.000,2020-11-30T00:00:00.000,"{'latitude': '34.01366', 'longitude': '-118.28294', 'human_address': '{""address"": """", ""city"": """", ""state"": """", ""zip"": """"}'}",V06,Exposition Park Stadium (BMO Stadium),180.4,34.01366,-118.28294,LADBS Building and Safety Temporary Special Event (TSE) Permits,
204109000000658,Temporary Special Event,Commercial,1318,1318,S,FIGUEROA,ST,90015,Drive In Movie setup includes 1 inflatable screen and 2 porta pottys,Parking Lot,OUTSIDE CINEMAS,2020-11-20T00:00:00.000,2020-11-22T00:00:00.000,"{'latitude': '34.03999', 'longitude': '-118.26822', 'human_address': '{""address"": """", ""city"": """", ""state"": """", ""zip"": """"}'}",V03,LA Convention Center (Halls 1-3),194.3,34.03999,-118.26822,LADBS Building and Safety Temporary Special Event (TSE) Permits,
204109000000662,Temporary Special Event,Commercial,777,777,W,CHICK HEARN,CT,90015,Temporary Tents  40x80 crew fee & 10x20 viewing  tent of the productio,Event Deck,AMA,2020-11-19T00:00:00.000,2020-11-19T00:00:00.000,"{'latitude': '34.04406', 'longitude': '-118.26707', 'human_address': '{""address"": """", ""city"": """", ""state"": """", ""zip"": """"}'}",V04,Peacock Theater,51.4,34.04406,-118.26707,LADBS Building and Safety Temporary Special Event (TSE) Permits,
204109000000629,Temporary Special Event,Commercial,777,777,W,CHICK HEARN,CT,90015,Temporary Truss Structure for Drive-in  60' w x 20' d x 57' high with,Event Deck,LEXUS CULINARY DRIVE IN,2020-11-13T00:00:00.000,2020-11-15T00:00:00.000,"{'latitude': '34.04406', 'longitude': '-118.26707', 'human_address': '{""address"": """", ""city"": """", ""state"": """", ""zip"": """"}'}",V04,Peacock Theater,51.4,34.04406,-118.26707,LADBS Building and Safety Temporary Special Event (TSE) Permits,
204109000000622,Temporary Special Event,Commercial,3911,3911,S,FIGUEROA,ST,90037,Temporary Structure for Game day use  30'x68' Tent Structure  Shelter,On Field,USC PRODUCTION,2020-11-07T00:00:00.000,2020-11-11T00:00:00.000,"{'latitude': '34.01366', 'longitude': '-118.28294', 'human_address': '{""address"": """", ""city"": """", ""state"": """", ""zip"": """"}'}",V06,Exposition Park Stadium (BMO Stadium),180.4,34.01366,-118.28294,LADBS Building and Safety Temporary Special Event (TSE) Permits,
204109000000620,Temporary Special Event,Commercial,3911,3911,S,FIGUEROA,ST,90037,2 Temporary Tent cover for cameras 2 10x30  Town & Country,West end of Stadium,USC CAMERA TENT,2020-11-07T00:00:00.000,2020-11-11T00:00:00.000,"{'latitude': '34.01366', 'longitude': '-118.28294', 'human_address': '{""address"": """", ""city"": """", ""state"": """", ""zip"": """"}'}",V06,Exposition Park Stadium (BMO Stadium),180.4,34.01366,-118.28294,LADBS Building and Safety Temporary Special Event (TSE) Permits,
204109000000636,Temporary Special Event,Commercial,3911,3911,S,FIGUEROA,ST,90037,Installation of a flying camera system into the LA Coliseum for a foot,Truss towers attached to four light standards surrounding the LA Coliseum,USC VS ARIZ ST 2020,2020-11-06T00:00:00.000,2020-11-10T00:00:00.000,"{'latitude': '34.01366', 'longitude': '-118.28294', 'human_address': '{""address"": """", ""city"": """", ""state"": """", ""zip"": """"}'}",V06,Exposition Park Stadium (BMO Stadium),180.4,34.01366,-118.28294,LADBS Building and Safety Temporary Special Event (TSE) Permits,
204109000000637,Temporary Special Event,Commercial,3911,3911,S,FIGUEROA,ST,90037,Installation of a flying camera system into the LA Coliseum for a foot,Truss towers attached to four light standards surrounding the LA Coliseum,USC VS ARIZ ST 2020,2020-11-06T00:00:00.000,2020-11-10T00:00:00.000,"{'latitude': '34.01366', 'longitude': '-118.28294', 'human_address': '{""address"": """", ""city"": """", ""state"": """", ""zip"": """"}'}",V06,Exposition Park Stadium (BMO Stadium),180.4,34.01366,-118.28294,LADBS Building and Safety Temporary Special Event (TSE) Permits,
204109000000628,Temporary Special Event,Commercial,5333,5333,W,ZOO,DR,90027,TCU For 200 Cars & 700 Guest inside the cars -for election night  Temp,Parking lot,ELECTION NIGHT,2020-11-03T00:00:00.000,2020-11-03T00:00:00.000,"{'latitude': '34.14867', 'longitude': '-118.28623', 'human_address': '{""address"": """", ""city"": """", ""state"": """", ""zip"": """"}'}",V08,LA Zoo,99.7,34.14867,-118.28623,LADBS Building and Safety Temporary Special Event (TSE) Permits,
204109000000617,Temporary Special Event,Commercial,,,,,,,TCUP For  300 Cars & 1000 Guest for Drive -thru and drive -in 5pm-11pm,"5333 Zoo Dr
inside parking lot",LA ZOO,2020-10-29T00:00:00.000,2020-11-01T00:00:00.000,,V08,LA Zoo,,,,LADBS Building and Safety Temporary Special Event (TSE) Permits,
204109000000609,Temporary Special Event,Commercial,5333,5333,W,ZOO,DR,90027,TCUP For 300 cars & 1000 Guest  Temporary Inflatable Structure  60' wi,parking lot,LA ZOO,2020-10-24T00:00:00.000,2020-10-28T00:00:00.000,"{'latitude': '34.14867', 'longitude': '-118.28623', 'human_address': '{""address"": """", ""city"": """", ""state"": """", ""zip"": """"}'}",V08,LA Zoo,99.7,34.14867,-118.28623,LADBS Building and Safety Temporary Special Event (TSE) Permits,
204109000000608,Temporary Special Event,Commercial,1318,1318,S,FIGUEROA,ST,90015,Drive In Movie Pop Up,,OC,2020-10-24T00:00:00.000,2020-10-25T00:00:00.000,"{'latitude': '34.03999', 'longitude': '-118.26822', 'human_address': '{""address"": """", ""city"": """", ""state"": """", ""zip"": """"}'}",V03,LA Convention Center (Halls 1-3),194.3,34.03999,-118.26822,LADBS Building and Safety Temporary Special Event (TSE) Permits,
204109000000550,Temporary Special Event,Vacant Land,939,939,S,FIGUEROA,ST,90015,We will be installing a truss screen structure on the morning of 9/25,,LA TIMES FOOD BOWL  41'W X23'H SCREEN,2020-09-25T00:00:00.000,2020-09-29T00:00:00.000,"{'latitude': '34.04538', 'longitude': '-118.26389', 'human_address': '{""address"": """", ""city"": """", ""state"": """", ""zip"": """"}'}",V04,Peacock Theater,294.1,34.04538,-118.26389,LADBS Building and Safety Temporary Special Event (TSE) Permits,
204109000000548,Temporary Special Event,Commercial,777,777,W,CHICK HEARN,CT,90015,"Temporary Tents  6 10x10 , 2 20x30 on Temporary",Event Deck,EMMY'S,2020-09-20T00:00:00.000,2020-09-20T00:00:00.000,"{'latitude': '34.04406', 'longitude': '-118.26707', 'human_address': '{""address"": """", ""city"": """", ""state"": """", ""zip"": """"}'}",V04,Peacock Theater,51.4,34.04406,-118.26707,LADBS Building and Safety Temporary Special Event (TSE) Permits,
204109000000511,Temporary Special Event,Commercial,1318,1318,S,FIGUEROA,ST,90015,Temporary Special Events Permit needed for Outdoor Movie setup. Event,LOCATION IS A PARKING LOT. SETUP WILL BEGIN AT 3:00 PM DOORS OPEN @ 5:30 PM,OUTSIDE CINEMAS,2020-09-03T00:00:00.000,2020-09-07T00:00:00.000,"{'latitude': '34.03999', 'longitude': '-118.26822', 'human_address': '{""address"": """", ""city"": """", ""state"": """", ""zip"": """"}'}",V03,LA Convention Center (Halls 1-3),194.3,34.03999,-118.26822,LADBS Building and Safety Temporary Special Event (TSE) Permits,
204109000000507,Temporary Special Event,Commercial,824,824,S,FRANCISCO,ST,90017,"It is a drive in gala with people remaining in cars with 6"" separation",It is on the rooftop parking lot.,DRIVE IN GALA,2020-08-29T00:00:00.000,2020-08-29T00:00:00.000,"{'latitude': '34.04795', 'longitude': '-118.26326', 'human_address': '{""address"": """", ""city"": """", ""state"": """", ""zip"": """"}'}",V04,Peacock Theater,509.5,34.04795,-118.26326,LADBS Building and Safety Temporary Special Event (TSE) Permits,
204109000000509,Temporary Special Event,Commercial,649,649,W,JEFFERSON,BLVD,90007,Work Space,,PARK PICTURES VIDEO,2020-08-18T00:00:00.000,2020-08-18T00:00:00.000,"{'latitude': '34.02274', 'longitude': '-118.28142', 'human_address': '{""address"": """", ""city"": """", ""state"": """", ""zip"": """"}'}",V07,Galen Center (USC),233.6,34.02274,-118.28142,LADBS Building and Safety Temporary Special Event (TSE) Permits,
204109000000424,Temporary Special Event,Commercial,3939,3939,S,FIGUEROA,ST,90037,Temporary Tent  82'x82,OVER FIELDS,LAFC,2020-05-06T00:00:00.000,2020-05-10T00:00:00.000,"{'latitude': '34.01173', 'longitude': '-118.28296', 'human_address': '{""address"": """", ""city"": """", ""state"": """", ""zip"": """"}'}",V06,Exposition Park Stadium (BMO Stadium),192.4,34.01173,-118.28296,LADBS Building and Safety Temporary Special Event (TSE) Permits,
204109000000417,Temporary Special Event,Commercial,3939,3939,S,FIGUEROA,ST,90037,Tents LAFC & Legends  82'x82 tent,Over Fields,LAFC- LEGENDS,2020-04-29T00:00:00.000,2020-05-03T00:00:00.000,"{'latitude': '34.01173', 'longitude': '-118.28296', 'human_address': '{""address"": """", ""city"": """", ""state"": """", ""zip"": """"}'}",V06,Exposition Park Stadium (BMO Stadium),192.4,34.01173,-118.28296,LADBS Building and Safety Temporary Special Event (TSE) Permits,
204109000000401,Temporary Special Event,Commercial,3939,3939,S,FIGUEROA,ST,90037,LAFC EXISTING  TENT  OVER FIELDS 82X 82,Over fields,LAFC,2020-04-03T00:00:00.000,2020-04-07T00:00:00.000,"{'latitude': '34.01173', 'longitude': '-118.28296', 'human_address': '{""address"": """", ""city"": """", ""state"": """", ""zip"": """"}'}",V06,Exposition Park Stadium (BMO Stadium),192.4,34.01173,-118.28296,LADBS Building and Safety Temporary Special Event (TSE) Permits,
204109000000399,Temporary Special Event,Commercial,400,400,W,WASHINGTON,BLVD,90015,Erecting two canopies with dimensions of 40' X 100' X 8' each on our N,Grass lawn in the North Quad,EVENT CANOPIES,2020-03-26T00:00:00.000,2020-03-30T00:00:00.000,"{'latitude': '34.0331', 'longitude': '-118.26995', 'human_address': '{""address"": """", ""city"": """", ""state"": """", ""zip"": """"}'}",V03,LA Convention Center (Halls 1-3),734.6,34.0331,-118.26995,LADBS Building and Safety Temporary Special Event (TSE) Permits,
204109000000395,Temporary Special Event,Commercial,665,665,W,JEFFERSON,BLVD,90007,Temporary Staging   40' x 60' x 5' high    Jodi Bennet 323 395 9259  4,Expo Hall,CHRIS LAKE,2020-03-13T00:00:00.000,2020-03-14T00:00:00.000,"{'latitude': '34.02302', 'longitude': '-118.28206', 'human_address': '{""address"": """", ""city"": """", ""state"": """", ""zip"": """"}'}",V07,Galen Center (USC),294.1,34.02302,-118.28206,LADBS Building and Safety Temporary Special Event (TSE) Permits,
204109000000354,Temporary Special Event,Commercial,3939,3939,S,FIGUEROA,ST,90037,Tents- 82'x82' reception tent,Over Fields,LAFC,2020-03-07T00:00:00.000,2020-03-11T00:00:00.000,"{'latitude': '34.01173', 'longitude': '-118.28296', 'human_address': '{""address"": """", ""city"": """", ""state"": """", ""zip"": """"}'}",V06,Exposition Park Stadium (BMO Stadium),192.4,34.01173,-118.28296,LADBS Building and Safety Temporary Special Event (TSE) Permits,
204109000000356,Temporary Special Event,1 or 2 Family Dwelling,720,720,W,28TH,ST,90007,Tents : Pico Rents  40x80 tent for 250 Guest,Back of house,LAMBDA CHI ALPHA,2020-03-06T00:00:00.000,2020-03-06T00:00:00.000,"{'latitude': '34.02733', 'longitude': '-118.28043', 'human_address': '{""address"": """", ""city"": """", ""state"": """", ""zip"": """"}'}",V07,Galen Center (USC),705.0,34.02733,-118.28043,LADBS Building and Safety Temporary Special Event (TSE) Permits,
204109000000342,Temporary Special Event,Commercial,920,920,W,WEST 37TH,PL,90089,Tents A1 Party  50x65 & 20x30  200 Guest  9am -5pm,Lawn Area,USC,2020-03-05T00:00:00.000,2020-03-05T00:00:00.000,"{'latitude': '34.01922', 'longitude': '-118.28985', 'human_address': '{""address"": """", ""city"": """", ""state"": """", ""zip"": """"}'}",V05,LA Memorial Coliseum,597.0,34.01922,-118.28985,LADBS Building and Safety Temporary Special Event (TSE) Permits,
204109000000339,Temporary Special Event,Commercial,919,919,S,GRAND,AVE,90015,Tents Provided  Bright rentals  20x70 tent & 10x15  3/05 11:45AM - 1:3,Plaza,FIDM,2020-03-05T00:00:00.000,2020-03-05T00:00:00.000,"{'latitude': '34.04413', 'longitude': '-118.25988', 'human_address': '{""address"": """", ""city"": """", ""state"": """", ""zip"": """"}'}",V04,Peacock Theater,648.1,34.04413,-118.25988,LADBS Building and Safety Temporary Special Event (TSE) Permits,
204109000000294,Temporary Special Event,Commercial,1111,1111,S,FIGUEROA,ST,90015,artist will fly across the audience from main stage to b stage during,send inspector name to park by venue and for building access,KISS CONCERT,2020-03-04T00:00:00.000,2020-03-04T00:00:00.000,"{'latitude': '34.04338', 'longitude': '-118.26581', 'human_address': '{""address"": """", ""city"": """", ""state"": """", ""zip"": """"}'}",V02,DTLA Arena (Crypto.com Arena),131.8,34.04338,-118.26581,LADBS Building and Safety Temporary Special Event (TSE) Permits,
204109000000343,Temporary Special Event,Commercial,800,800,W,OLYMPIC,BLVD,90015,Tents - Choura Events  40x50 & 9x50  for events,On the target terrace,TARGET EVENTS,2020-03-04T00:00:00.000,2020-03-08T00:00:00.000,"{'latitude': '34.04484', 'longitude': '-118.26453', 'human_address': '{""address"": """", ""city"": """", ""state"": """", ""zip"": """"}'}",V04,Peacock Theater,221.6,34.04484,-118.26453,LADBS Building and Safety Temporary Special Event (TSE) Permits,
204109000000310,Temporary Special Event,Commercial,800,800,W,OLYMPIC,BLVD,90015,Tents Provided by Choura  1 40x50 1 9x50 for events.,Roof terrace,LA LIVE,2020-02-27T00:00:00.000,2020-03-02T00:00:00.000,"{'latitude': '34.04484', 'longitude': '-118.26453', 'human_address': '{""address"": """", ""city"": """", ""state"": """", ""zip"": """"}'}",V04,Peacock Theater,221.6,34.04484,-118.26453,LADBS Building and Safety Temporary Special Event (TSE) Permits,
204109000000308,Temporary Special Event,Commercial,3939,3939,S,FIGUEROA,ST,90037,LAFC TENT FOR EVENTS AT BANC OF CAL STADIUM,OVER FIELDS,LAFC,2020-02-26T00:00:00.000,2020-03-01T00:00:00.000,"{'latitude': '34.01173', 'longitude': '-118.28296', 'human_address': '{""address"": """", ""city"": """", ""state"": """", ""zip"": """"}'}",V06,Exposition Park Stadium (BMO Stadium),192.4,34.01173,-118.28296,LADBS Building and Safety Temporary Special Event (TSE) Permits,
204109000000267,Temporary Special Event,Commercial,777,777,W,CHICK HEARN,CT,90015,Tents Provided by Bright Rentals  2 20x40 kitchen tents,ON STREET,XBOX PLAZA,2020-02-25T00:00:00.000,2020-02-25T00:00:00.000,"{'latitude': '34.04406', 'longitude': '-118.26707', 'human_address': '{""address"": """", ""city"": """", ""state"": """", ""zip"": """"}'}",V04,Peacock Theater,51.4,34.04406,-118.26707,LADBS Building and Safety Temporary Special Event (TSE) Permits,
204109000000278,Temporary Special Event,Commercial,3501,3501,S,WATT,WAY,90089,TCUP For dinner set up in the sand off Figueroa  100 Guest 4pm-8pm,Beach sand,BEACH VOLLEY BALL,2020-02-21T00:00:00.000,2020-02-21T00:00:00.000,"{'latitude': '34.02243', 'longitude': '-118.28658', 'human_address': '{""address"": """", ""city"": """", ""state"": """", ""zip"": """"}'}",V07,Galen Center (USC),626.9,34.02243,-118.28658,LADBS Building and Safety Temporary Special Event (TSE) Permits,
204109000000260,Temporary Special Event,Commercial,665,665,W,JEFFERSON,BLVD,90007,Temporary Stage  inside Expo Hall  60' x 40' x. 5' Stage,Expo Hall,MATOMA,2020-02-21T00:00:00.000,2020-02-21T00:00:00.000,"{'latitude': '34.02302', 'longitude': '-118.28206', 'human_address': '{""address"": """", ""city"": """", ""state"": """", ""zip"": """"}'}",V07,Galen Center (USC),294.1,34.02302,-118.28206,LADBS Building and Safety Temporary Special Event (TSE) Permits,
204109000000246,Temporary Special Event,Commercial,3939,3939,S,FIGUEROA,ST,90037,Tents  LAFC 82' X 82',Above Fields,LAFC,2020-02-16T00:00:00.000,2020-02-20T00:00:00.000,"{'latitude': '34.01173', 'longitude': '-118.28296', 'human_address': '{""address"": """", ""city"": """", ""state"": """", ""zip"": """"}'}",V06,Exposition Park Stadium (BMO Stadium),192.4,34.01173,-118.28296,LADBS Building and Safety Temporary Special Event (TSE) Permits,
204109000000252,Temporary Special Event,1 or 2 Family Dwelling,720,720,W,28TH,ST,90007,Multiple wooden constructed bleachers or risers of sorts spread throug,,LAMBDA V-DAY 2020,2020-02-15T00:00:00.000,2020-02-15T00:00:00.000,"{'latitude': '34.02733', 'longitude': '-118.28043', 'human_address': '{""address"": """", ""city"": """", ""state"": """", ""zip"": """"}'}",V07,Galen Center (USC),705.0,34.02733,-118.28043,LADBS Building and Safety Temporary Special Event (TSE) Permits,
204109000000187,Temporary Special Event,Commercial,1301,1301,S,FIGUEROA,ST,90015,Mobile pre-fab rock wall 8'Wx9'Dx26'H,"West Hall AB
Please call 213-248-1667 upon arrival",LA TRAVEL SHOW 2020,2020-02-15T00:00:00.000,2020-02-16T00:00:00.000,"{'latitude': '34.04058', 'longitude': '-118.26853', 'human_address': '{""address"": """", ""city"": """", ""state"": """", ""zip"": """"}'}",V03,LA Convention Center (Halls 1-3),190.2,34.04058,-118.26853,LADBS Building and Safety Temporary Special Event (TSE) Permits,
204109000000235,Temporary Special Event,Commercial,1250,1250,N,CAPRI,DR,90272,Temporary  Decking  & Stages Platforms Scaffold  Walter Cline  Tents P,Greens,2020 GENESIS,2020-02-15T00:00:00.000,2020-02-16T00:00:00.000,"{'latitude': '34.05121', 'longitude': '-118.50122', 'human_address': '{""address"": """", ""city"": """", ""state"": """", ""zip"": """"}'}",V10,Riviera Country Club,494.0,34.05121,-118.50122,LADBS Building and Safety Temporary Special Event (TSE) Permits,
204109000000213,Temporary Special Event,Commercial,665,665,W,JEFFERSON,BLVD,90007,"Stage 40'x 60' x 5"" High.   Ekali 2/14 & Dom 2/15   Jodi 323 395 9259",in expo hall,SHIRNE EXPO,2020-02-14T00:00:00.000,2020-02-15T00:00:00.000,"{'latitude': '34.02302', 'longitude': '-118.28206', 'human_address': '{""address"": """", ""city"": """", ""state"": """", ""zip"": """"}'}",V07,Galen Center (USC),294.1,34.02302,-118.28206,LADBS Building and Safety Temporary Special Event (TSE) Permits,
204109000000230,Temporary Special Event,Commercial,700,700,W,32ND,ST,90007,Concert,,EKALI & SONNY X DOM,2020-02-14T00:00:00.000,2020-02-16T00:00:00.000,"{'latitude': '34.0242', 'longitude': '-118.28089', 'human_address': '{""address"": """", ""city"": """", ""state"": """", ""zip"": """"}'}",V07,Galen Center (USC),365.2,34.0242,-118.28089,LADBS Building and Safety Temporary Special Event (TSE) Permits,
204109000000208,Temporary Special Event,Commercial,3939,3939,S,FIGUEROA,ST,90037,Tents 82'x82 fir LAFC,Over fields,LAFC,2020-02-11T00:00:00.000,2020-02-15T00:00:00.000,"{'latitude': '34.01173', 'longitude': '-118.28296', 'human_address': '{""address"": """", ""city"": """", ""state"": """", ""zip"": """"}'}",V06,Exposition Park Stadium (BMO Stadium),192.4,34.01173,-118.28296,LADBS Building and Safety Temporary Special Event (TSE) Permits,
204109000000108,Temporary Special Event,Commercial,1250,1250,N,CAPRI,DR,90272,Decking  18th Green 17th Green 14th Green  10th Fairway 1st & 2nd Hole,Courses.,2020 GENESIS,2020-02-10T00:00:00.000,2020-02-14T00:00:00.000,"{'latitude': '34.05121', 'longitude': '-118.50122', 'human_address': '{""address"": """", ""city"": """", ""state"": """", ""zip"": """"}'}",V10,Riviera Country Club,494.0,34.05121,-118.50122,LADBS Building and Safety Temporary Special Event (TSE) Permits,
204109000000050,Temporary Special Event,Commercial,1250,1250,N,CAPRI,DR,90272,Pre - Inspection  on all decking  18th green          14th Fairway  17,on Grounds,GENEIS INVT,2020-02-10T00:00:00.000,2020-02-14T00:00:00.000,"{'latitude': '34.05121', 'longitude': '-118.50122', 'human_address': '{""address"": """", ""city"": """", ""state"": """", ""zip"": """"}'}",V10,Riviera Country Club,494.0,34.05121,-118.50122,LADBS Building and Safety Temporary Special Event (TSE) Permits,
204109000000201,Temporary Special Event,Commercial,4700,4700,W,WESTERN HERITAGE,WAY,90027,Tents Town & Country  30x80 30x40 15x30 3 15x15  11am -2pm 300 Guest,inside grounds,AUTRY LUNCHEON,2020-02-08T00:00:00.000,2020-02-08T00:00:00.000,"{'latitude': '34.14865', 'longitude': '-118.28197', 'human_address': '{""address"": """", ""city"": """", ""state"": """", ""zip"": """"}'}",V08,LA Zoo,344.3,34.14865,-118.28197,LADBS Building and Safety Temporary Special Event (TSE) Permits,
204109000000178,Temporary Special Event,1 or 2 Family Dwelling,707,707,W,28TH,ST,90007,"Small platforms that are 36"" off the ground",,CHI PHI TROPIC,2020-02-08T00:00:00.000,2020-02-08T00:00:00.000,"{'latitude': '34.0273', 'longitude': '-118.27979', 'human_address': '{""address"": """", ""city"": """", ""state"": """", ""zip"": """"}'}",V07,Galen Center (USC),700.8,34.0273,-118.27979,LADBS Building and Safety Temporary Special Event (TSE) Permits,
204109000000170,Temporary Special Event,Commercial,700,700,W,32ND,ST,90007,Concert,,JAUZ,2020-02-07T00:00:00.000,2020-02-08T00:00:00.000,"{'latitude': '34.0242', 'longitude': '-118.28089', 'human_address': '{""address"": """", ""city"": """", ""state"": """", ""zip"": """"}'}",V07,Galen Center (USC),365.2,34.0242,-118.28089,LADBS Building and Safety Temporary Special Event (TSE) Permits,
204109000000172,Temporary Special Event,Commercial,3939,3939,S,FIGUEROA,ST,90037,Tents  LAFC 82'X82' For events,Over fields,LAFC,2020-02-06T00:00:00.000,2020-02-10T00:00:00.000,"{'latitude': '34.01173', 'longitude': '-118.28296', 'human_address': '{""address"": """", ""city"": """", ""state"": """", ""zip"": """"}'}",V06,Exposition Park Stadium (BMO Stadium),192.4,34.01173,-118.28296,LADBS Building and Safety Temporary Special Event (TSE) Permits,
204109000000140,Temporary Special Event,Commercial,3939,3939,S,FIGUEROA,ST,90037,82'X82 TENT FOR LAFC EVENTS,Over Fields,LAFC,2020-02-01T00:00:00.000,2020-02-05T00:00:00.000,"{'latitude': '34.01173', 'longitude': '-118.28296', 'human_address': '{""address"": """", ""city"": """", ""state"": """", ""zip"": """"}'}",V06,Exposition Park Stadium (BMO Stadium),192.4,34.01173,-118.28296,LADBS Building and Safety Temporary Special Event (TSE) Permits,
204109000000139,Temporary Special Event,Commercial,665,665,W,JEFFERSON,BLVD,90007,Stage - 60' x 40'x 5' High  for 2 shoes 1/31  2/01  4 Wall Production,Expo Hall,SLANDER,2020-01-31T00:00:00.000,2020-02-02T00:00:00.000,"{'latitude': '34.02302', 'longitude': '-118.28206', 'human_address': '{""address"": """", ""city"": """", ""state"": """", ""zip"": """"}'}",V07,Galen Center (USC),294.1,34.02302,-118.28206,LADBS Building and Safety Temporary Special Event (TSE) Permits,
204109000000131,Temporary Special Event,Commercial,777,777,W,CHICK HEARN,CT,90015,Tents provided by Bright rentals  Gus Galanis  20x90 8x12 15x20 8x22,outside Marriott,RICKBRIDGE CAPITAL,2020-01-28T00:00:00.000,2020-01-28T00:00:00.000,"{'latitude': '34.04406', 'longitude': '-118.26707', 'human_address': '{""address"": """", ""city"": """", ""state"": """", ""zip"": """"}'}",V04,Peacock Theater,51.4,34.04406,-118.26707,LADBS Building and Safety Temporary Special Event (TSE) Permits,
204109000000087,Temporary Special Event,Commercial,944,944,S,GEORGIA,ST,90015,2 PCS OF 20' X 20' CANOPY.,,KATE DAVIS,2020-01-27T00:00:00.000,2020-01-29T00:00:00.000,"{'latitude': '34.04624', 'longitude': '-118.26642', 'human_address': '{""address"": """", ""city"": """", ""state"": """", ""zip"": """"}'}",V04,Peacock Theater,198.5,34.04624,-118.26642,LADBS Building and Safety Temporary Special Event (TSE) Permits,
204109000000055,Temporary Special Event,Commercial,,,,,,,Main stage: 16x24 Truss Arches Tenting,Dodger Stadium Lot P,DODGERS FANFEST,2020-01-25T00:00:00.000,2020-01-25T00:00:00.000,,V01,Dodger Stadium,,,,LADBS Building and Safety Temporary Special Event (TSE) Permits,
204109000000090,Temporary Special Event,Commercial,800,800,W,OLYMPIC,BLVD,90015,Tents Choura  1 40x50 1 9x50 tents for 3 day event.,Roof top,LALIVE TARGET TERRACE,2020-01-23T00:00:00.000,2020-01-26T00:00:00.000,"{'latitude': '34.04484', 'longitude': '-118.26453', 'human_address': '{""address"": """", ""city"": """", ""state"": """", ""zip"": """"}'}",V04,Peacock Theater,221.6,34.04484,-118.26453,LADBS Building and Safety Temporary Special Event (TSE) Permits,
204109000000069,Temporary Special Event,Commercial,1111,1111,S,FIGUEROA,ST,90015,Hanging Camera Jib Arm,Staples Center,62ND GRAMMY AWARDS,2020-01-22T00:00:00.000,2020-01-26T00:00:00.000,"{'latitude': '34.04338', 'longitude': '-118.26581', 'human_address': '{""address"": """", ""city"": """", ""state"": """", ""zip"": """"}'}",V02,DTLA Arena (Crypto.com Arena),131.8,34.04338,-118.26581,LADBS Building and Safety Temporary Special Event (TSE) Permits,
204109000000065,Temporary Special Event,Commercial,655,655,W,JEFFERSON,BLVD,90007,Tents Bright Rentals Mark Shimiuz   58x298 30x60 30x35 10x50 2 10x15,Royal St,SAG,2020-01-19T00:00:00.000,2020-01-19T00:00:00.000,"{'latitude': '34.02292', 'longitude': '-118.28182', 'human_address': '{""address"": """", ""city"": """", ""state"": """", ""zip"": """"}'}",V07,Galen Center (USC),271.5,34.02292,-118.28182,LADBS Building and Safety Temporary Special Event (TSE) Permits,
204109000000073,Temporary Special Event,Commercial,665,665,W,JEFFERSON,BLVD,90007,Tents Town & Country  2 30x40 tent on the carpet kitchen,On Royal,SAG,2020-01-19T00:00:00.000,2020-01-19T00:00:00.000,"{'latitude': '34.02302', 'longitude': '-118.28206', 'human_address': '{""address"": """", ""city"": """", ""state"": """", ""zip"": """"}'}",V07,Galen Center (USC),294.1,34.02302,-118.28206,LADBS Building and Safety Temporary Special Event (TSE) Permits,
204109000000052,Temporary Special Event,Commercial,3939,3939,S,FIGUEROA,ST,90037,Existing  82'X82 TENT,Over Fields,LAFC,2020-01-17T00:00:00.000,2020-01-21T00:00:00.000,"{'latitude': '34.01173', 'longitude': '-118.28296', 'human_address': '{""address"": """", ""city"": """", ""state"": """", ""zip"": """"}'}",V06,Exposition Park Stadium (BMO Stadium),192.4,34.01173,-118.28296,LADBS Building and Safety Temporary Special Event (TSE) Permits,
204109000000045,Temporary Special Event,Commercial,653,653,W,28TH,ST,90007,Tents  Town & Country  15x45 tent in rear of house for Recruitment,Back of house,KAPPA ALPHA,2020-01-15T00:00:00.000,2020-01-19T00:00:00.000,"{'latitude': '34.02696', 'longitude': '-118.27903', 'human_address': '{""address"": """", ""city"": """", ""state"": """", ""zip"": """"}'}",V07,Galen Center (USC),668.7,34.02696,-118.27903,LADBS Building and Safety Temporary Special Event (TSE) Permits,
194109000002051,Temporary Special Event,Commercial,1111,1111,S,FIGUEROA,ST,90015,Lakers Lasers,,LAKERS LASERS,2020-01-13T00:00:00.000,2020-01-17T00:00:00.000,"{'latitude': '34.04338', 'longitude': '-118.26581', 'human_address': '{""address"": """", ""city"": """", ""state"": """", ""zip"": """"}'}",V02,DTLA Arena (Crypto.com Arena),131.8,34.04338,-118.26581,LADBS Building and Safety Temporary Special Event (TSE) Permits,
204109000000027,Temporary Special Event,Commercial,777,777,W,CHICK HEARN,CT,90015,Games & Creation  Temporary Stage 24' x 42' x 4 ' High  Truss structur,On Chick hearn crt,CALIBASH,2020-01-11T00:00:00.000,2020-01-12T00:00:00.000,"{'latitude': '34.04406', 'longitude': '-118.26707', 'human_address': '{""address"": """", ""city"": """", ""state"": """", ""zip"": """"}'}",V04,Peacock Theater,51.4,34.04406,-118.26707,LADBS Building and Safety Temporary Special Event (TSE) Permits,
204109000000015,Temporary Special Event,Commercial,777,777,W,CHICK HEARN,CT,90015,Tents  18x27 & 10x27 for skates and check in,Ice rink,HOLIDAY RINK,2020-01-10T00:00:00.000,2020-01-14T00:00:00.000,"{'latitude': '34.04406', 'longitude': '-118.26707', 'human_address': '{""address"": """", ""city"": """", ""state"": """", ""zip"": """"}'}",V04,Peacock Theater,51.4,34.04406,-118.26707,LADBS Building and Safety Temporary Special Event (TSE) Permits,
204109000000005,Temporary Special Event,Commercial,777,777,W,CHICK HEARN,CT,90015,"Temporary Truss Structure High  Basket Ball 16'-1"" Dodge Ball 13' Trya",Event,NERF CHALLENGE,2020-01-05T00:00:00.000,2020-01-05T00:00:00.000,"{'latitude': '34.04406', 'longitude': '-118.26707', 'human_address': '{""address"": """", ""city"": """", ""state"": """", ""zip"": """"}'}",V04,Peacock Theater,51.4,34.04406,-118.26707,LADBS Building and Safety Temporary Special Event (TSE) Permits,
194109000002464,Temporary Special Event,Commercial,1240,1240,S,HOPE,ST,90015,"LA City Declared January 4th the ""Day of The Doors"". This is an event",Private Parking Lot and Structure.,DAY OF THE DOORS,2020-01-04T00:00:00.000,2020-01-04T00:00:00.000,"{'latitude': '34.03994', 'longitude': '-118.265', 'human_address': '{""address"": """", ""city"": """", ""state"": """", ""zip"": """"}'}",V02,DTLA Arena (Crypto.com Arena),405.7,34.03994,-118.265,LADBS Building and Safety Temporary Special Event (TSE) Permits,
194109000002050,Temporary Special Event,Commercial,1111,1111,S,FIGUEROA,ST,90015,Lakers Lasers,,LAKERS LASERS,2020-01-03T00:00:00.000,2020-01-07T00:00:00.000,"{'latitude': '34.04338', 'longitude': '-118.26581', 'human_address': '{""address"": """", ""city"": """", ""state"": """", ""zip"": """"}'}",V02,DTLA Arena (Crypto.com Arena),131.8,34.04338,-118.26581,LADBS Building and Safety Temporary Special Event (TSE) Permits,
194109000002771,Temporary Special Event,Commercial,3939,3939,S,FIGUEROA,ST,90037,LAFC tent for event  82x82,Over Fields,LAFC,2020-01-01T00:00:00.000,2020-01-05T00:00:00.000,"{'latitude': '34.01173', 'longitude': '-118.28296', 'human_address': '{""address"": """", ""city"": """", ""state"": """", ""zip"": """"}'}",V06,Exposition Park Stadium (BMO Stadium),192.4,34.01173,-118.28296,LADBS Building and Safety Temporary Special Event (TSE) Permits,
